# Temp u g r i z U B V R I NUV FUV M2 W1 W2
1.000000000000000000e+03 -2.870550000000000068e+01 -1.880010000000000048e+01 -1.278490000000000038e+01 -9.210359999999999658e+00 -6.439790000000000347e+00 -2.717610000000000170e+01 -2.029629999999999868e+01 -1.500329999999999941e+01 -7.542580000000000062e+00 -1.065099999999999980e+01 -4.423610000000000042e+01 -7.580249999999999488e+01 -4.209309999999999974e+01 -2.522939999999999827e+01 -2.884039999999999893e+01
2.000000000000000000e+03 -1.085699999999999932e+01 -6.422399999999999665e+00 -3.561770000000000103e+00 -2.022450000000000081e+00 -9.179559999999999942e-01 -9.791059999999999874e+00 -7.347019999999999662e+00 -4.670819999999999972e+00 -1.085090000000000110e+00 -2.795619999999999994e+00 -1.912099999999999866e+01 -3.422240000000000038e+01 -1.980649999999999977e+01 -1.283840000000000003e+01 -1.506649999999999956e+01
3.000000000000000000e+03 -5.505969999999999587e+00 -2.879049999999999887e+00 -1.168129999999999891e+00 -3.284889999999999755e-01 2.241670000000000051e-01 -4.566279999999999895e+00 -3.489669999999999828e+00 -1.808089999999999975e+00 3.686969999999999970e-01 -7.044519999999999671e-01 -1.104410000000000025e+01 -2.075740000000000052e+01 -1.168270000000000053e+01 -8.436949999999999505e+00 -1.048830000000000062e+01
4.000000000000000000e+03 -3.156930000000000014e+00 -1.420989999999999975e+00 -3.190359999999999863e-01 1.665179999999999993e-01 4.476220000000000199e-01 -2.272769999999999957e+00 -1.855939999999999923e+00 -7.099769999999999692e-01 7.464939999999999909e-01 2.447179999999999842e-02 -7.228959999999999830e+00 -1.421449999999999925e+01 -7.665289999999999715e+00 -5.914500000000000313e+00 -7.755150000000000432e+00
5.000000000000000000e+03 -1.951189999999999980e+00 -7.431010000000000115e-01 -1.740529999999999855e-02 2.576339999999999741e-01 3.808119999999999838e-01 -1.097350000000000048e+00 -1.069379999999999997e+00 -2.563639999999999808e-01 7.697220000000000173e-01 2.644219999999999904e-01 -5.083289999999999864e+00 -1.041649999999999920e+01 -5.377069999999999794e+00 -4.270760000000000112e+00 -5.857440000000000424e+00
6.000000000000000000e+03 -1.285439999999999916e+00 -4.245889999999999942e-01 4.794160000000000088e-02 1.856790000000000107e-01 2.073889999999999900e-01 -4.503820000000000046e-01 -6.782259999999999955e-01 -9.009830000000000616e-02 6.543090000000000295e-01 2.932310000000000194e-01 -3.754950000000000010e+00 -7.982190000000000119e+00 -3.956620000000000026e+00 -3.142339999999999911e+00 -4.535800000000000054e+00
7.000000000000000000e+03 -9.088850000000000540e-01 -2.922350000000000225e-01 1.566960000000000054e-04 4.253570000000000267e-02 -5.625520000000000173e-03 -8.644499999999999407e-02 -4.945120000000000071e-01 -6.689330000000000276e-02 4.813680000000000181e-01 2.217069999999999874e-01 -2.883970000000000145e+00 -6.320870000000000211e+00 -3.025560000000000027e+00 -2.393990000000000062e+00 -3.607540000000000191e+00
8.000000000000000000e+03 -7.003399999999999626e-01 -2.635830000000000117e-01 -1.047740000000000060e-01 -1.317440000000000000e-01 -2.303469999999999962e-01 1.131309999999999955e-01 -4.279950000000000143e-01 -1.196399999999999963e-01 2.855960000000000165e-01 1.003740000000000049e-01 -2.292320000000000135e+00 -5.137319999999999887e+00 -2.393629999999999924e+00 -1.891089999999999938e+00 -2.945759999999999934e+00
9.000000000000000000e+03 -5.950060000000000349e-01 -2.954229999999999912e-01 -2.386270000000000058e-01 -3.181590000000000251e-01 -4.545310000000000183e-01 2.118190000000000073e-01 -4.309899999999999842e-01 -2.140670000000000073e-01 8.304480000000000195e-02 -4.562709999999999683e-02 -1.881999999999999895e+00 -4.267809999999999881e+00 -1.955480000000000107e+00 -1.550200000000000022e+00 -2.458190000000000097e+00
1.000000000000000000e+04 -5.556309999999999860e-01 -3.635109999999999730e-01 -3.866809999999999969e-01 -5.072330000000000449e-01 -6.728429999999999689e-01 2.461079999999999934e-01 -4.765130000000000199e-01 -3.314929999999999821e-01 -1.185380000000000045e-01 -2.030230000000000090e-01 -1.594740000000000046e+00 -3.614479999999999915e+00 -1.648479999999999945e+00 -1.318429999999999991e+00 -2.098289999999999988e+00
1.100000000000000000e+04 -5.596109999999999696e-01 -4.535560000000000147e-01 -5.408190000000000497e-01 -6.941289999999999960e-01 -8.829099999999999726e-01 2.381340000000000123e-01 -5.485189999999999788e-01 -4.612399999999999833e-01 -3.153819999999999957e-01 -3.645240000000000147e-01 -1.393899999999999917e+00 -3.115349999999999842e+00 -1.433280000000000109e+00 -1.160719999999999974e+00 -1.831069999999999975e+00
1.200000000000000000e+04 -5.926430000000000309e-01 -5.567980000000000151e-01 -6.964010000000000478e-01 -8.763910000000000311e-01 -1.084179999999999922e+00 2.018969999999999931e-01 -6.370710000000000539e-01 -5.969989999999999464e-01 -5.057260000000000089e-01 -5.260340000000000016e-01 -1.255349999999999966e+00 -2.729429999999999801e+00 -1.284080000000000110e+00 -1.053390000000000049e+00 -1.633210000000000051e+00
1.300000000000000000e+04 -6.453759999999999497e-01 -6.677079999999999682e-01 -8.507369999999999655e-01 -1.052829999999999933e+00 -1.277290000000000036e+00 1.465470000000000106e-01 -7.358280000000000376e-01 -7.349510000000000209e-01 -6.888490000000000446e-01 -6.852380000000000138e-01 -1.162649999999999961e+00 -2.428599999999999870e+00 -1.183329999999999993e+00 -9.897219999999999906e-01 -1.487759999999999971e+00
1.400000000000000000e+04 -7.115280000000000493e-01 -7.827250000000000041e-01 -1.002280000000000060e+00 -1.222960000000000047e+00 -1.461519999999999930e+00 7.822300000000000086e-02 -8.406489999999999796e-01 -8.727580000000000338e-01 -8.645869999999999944e-01 -8.408459999999999823e-01 -1.104289999999999994e+00 -2.192930000000000046e+00 -1.118780000000000108e+00 -9.579260000000000552e-01 -1.382800000000000029e+00
1.500000000000000000e+04 -7.867870000000000141e-01 -8.995189999999999575e-01 -1.150190000000000046e+00 -1.386670000000000069e+00 -1.637110000000000065e+00 1.136850000000000013e-03 -9.487839999999999607e-01 -1.008979999999999988e+00 -1.033069999999999933e+00 -9.921750000000000291e-01 -1.071989999999999998e+00 -2.008020000000000138e+00 -1.081660000000000066e+00 -9.533509999999999485e-01 -1.309279999999999999e+00
1.600000000000000000e+04 -8.681449999999999445e-01 -1.016550000000000065e+00 -1.294010000000000105e+00 -1.544079999999999897e+00 -1.802540000000000031e+00 -8.177500000000000047e-02 -1.058380000000000098e+00 -1.142749999999999932e+00 -1.194579999999999975e+00 -1.138900000000000023e+00 -1.059690000000000021e+00 -1.863159999999999927e+00 -1.065560000000000063e+00 -9.673019999999999952e-01 -1.260529999999999928e+00
1.700000000000000000e+04 -9.534660000000000357e-01 -1.132789999999999964e+00 -1.433519999999999905e+00 -1.695380000000000109e+00 -1.961189999999999989e+00 -1.684340000000000004e-01 -1.168190000000000062e+00 -1.273539999999999894e+00 -1.349460000000000104e+00 -1.280929999999999902e+00 -1.062869999999999981e+00 -1.750299999999999967e+00 -1.065739999999999910e+00 -9.940780000000000172e-01 -1.231230000000000047e+00
1.800000000000000000e+04 -1.041220000000000034e+00 -1.247579999999999911e+00 -1.568689999999999918e+00 -1.840850000000000097e+00 -2.116769999999999818e+00 -2.573509999999999964e-01 -1.277349999999999985e+00 -1.401080000000000103e+00 -1.498099999999999987e+00 -1.418299999999999894e+00 -1.078109999999999902e+00 -1.663259999999999961e+00 -1.078570000000000029e+00 -1.031250000000000000e+00 -1.217279999999999918e+00
1.900000000000000000e+04 -1.130309999999999926e+00 -1.360470000000000068e+00 -1.699559999999999960e+00 -1.980820000000000025e+00 -2.263360000000000039e+00 -3.474559999999999871e-01 -1.385280000000000067e+00 -1.525220000000000020e+00 -1.640870000000000051e+00 -1.551099999999999923e+00 -1.102810000000000068e+00 -1.597220000000000084e+00 -1.101269999999999971e+00 -1.074810000000000043e+00 -1.215670000000000028e+00
2.000000000000000000e+04 -1.219929999999999959e+00 -1.471179999999999932e+00 -1.826259999999999994e+00 -2.115610000000000213e+00 -2.403340000000000032e+00 -4.379669999999999952e-01 -1.491610000000000102e+00 -1.645950000000000024e+00 -1.778140000000000054e+00 -1.679510000000000058e+00 -1.134929999999999994e+00 -1.548410000000000064e+00 -1.131750000000000034e+00 -1.123429999999999929e+00 -1.224189999999999889e+00
2.100000000000000000e+04 -1.309490000000000043e+00 -1.579560000000000075e+00 -1.948919999999999986e+00 -2.245509999999999895e+00 -2.537749999999999950e+00 -5.283210000000000406e-01 -1.596070000000000100e+00 -1.763269999999999893e+00 -1.910269999999999913e+00 -1.803690000000000015e+00 -1.172900000000000054e+00 -1.513810000000000100e+00 -1.168339999999999934e+00 -1.176239999999999952e+00 -1.241170000000000107e+00
2.200000000000000000e+04 -1.398570000000000091e+00 -1.685519999999999907e+00 -2.067709999999999937e+00 -2.370820000000000149e+00 -2.667030000000000012e+00 -6.181050000000000155e-01 -1.698509999999999964e+00 -1.877269999999999994e+00 -2.037570000000000103e+00 -1.923850000000000060e+00 -1.215459999999999985e+00 -1.491020000000000012e+00 -1.209750000000000103e+00 -1.232010000000000050e+00 -1.264739999999999975e+00
2.300000000000000000e+04 -1.486850000000000005e+00 -1.789020000000000055e+00 -2.182799999999999851e+00 -2.491789999999999949e+00 -2.791669999999999874e+00 -7.070210000000000106e-01 -1.798839999999999995e+00 -1.988029999999999964e+00 -2.160369999999999902e+00 -2.040179999999999882e+00 -1.261640000000000095e+00 -1.478069999999999995e+00 -1.254950000000000010e+00 -1.290030000000000010e+00 -1.293350000000000000e+00
2.400000000000000000e+04 -1.574109999999999898e+00 -1.890060000000000073e+00 -2.294369999999999798e+00 -2.608699999999999797e+00 -2.911999999999999922e+00 -7.948560000000000070e-01 -1.897010000000000085e+00 -2.095670000000000144e+00 -2.278919999999999835e+00 -2.152859999999999996e+00 -1.310619999999999896e+00 -1.473379999999999912e+00 -1.303099999999999925e+00 -1.349599999999999911e+00 -1.326270000000000060e+00
2.500000000000000000e+04 -1.660190000000000055e+00 -1.988669999999999938e+00 -2.402569999999999872e+00 -2.721789999999999932e+00 -3.028480000000000061e+00 -8.814589999999999925e-01 -1.993020000000000014e+00 -2.200289999999999857e+00 -2.393510000000000026e+00 -2.262080000000000091e+00 -1.361790000000000056e+00 -1.475610000000000088e+00 -1.353550000000000031e+00 -1.410239999999999938e+00 -1.362710000000000088e+00
2.600000000000000000e+04 -1.744990000000000041e+00 -2.084909999999999819e+00 -2.507579999999999920e+00 -2.831259999999999888e+00 -3.141080000000000094e+00 -9.667270000000000030e-01 -2.086869999999999781e+00 -2.302029999999999799e+00 -2.504360000000000142e+00 -2.368020000000000014e+00 -1.414619999999999989e+00 -1.483689999999999953e+00 -1.405769999999999964e+00 -1.471600000000000019e+00 -1.401999999999999913e+00
2.700000000000000000e+04 -1.828419999999999934e+00 -2.178830000000000044e+00 -2.609560000000000102e+00 -2.937339999999999840e+00 -3.250220000000000109e+00 -1.050589999999999913e+00 -2.178609999999999935e+00 -2.400999999999999801e+00 -2.611709999999999976e+00 -2.470839999999999925e+00 -1.468699999999999894e+00 -1.496720000000000050e+00 -1.459310000000000107e+00 -1.533390000000000031e+00 -1.443589999999999929e+00
2.800000000000000000e+04 -1.910439999999999916e+00 -2.270500000000000185e+00 -2.708660000000000068e+00 -3.040200000000000014e+00 -3.355879999999999974e+00 -1.133010000000000073e+00 -2.268269999999999786e+00 -2.497310000000000141e+00 -2.715749999999999886e+00 -2.570710000000000051e+00 -1.523679999999999923e+00 -1.513929999999999998e+00 -1.513819999999999943e+00 -1.595380000000000020e+00 -1.487030000000000074e+00
2.900000000000000000e+04 -1.991030000000000078e+00 -2.359989999999999810e+00 -2.805009999999999781e+00 -3.140039999999999942e+00 -3.458299999999999930e+00 -1.213959999999999928e+00 -2.355900000000000105e+00 -2.591089999999999893e+00 -2.816669999999999785e+00 -2.667780000000000040e+00 -1.579290000000000083e+00 -1.534690000000000110e+00 -1.569020000000000081e+00 -1.657350000000000101e+00 -1.531949999999999923e+00
3.000000000000000000e+04 -2.070180000000000131e+00 -2.447360000000000202e+00 -2.898750000000000160e+00 -3.237010000000000165e+00 -3.557669999999999888e+00 -1.293439999999999923e+00 -2.441549999999999887e+00 -2.682449999999999779e+00 -2.914639999999999898e+00 -2.762179999999999858e+00 -1.635299999999999976e+00 -1.558459999999999956e+00 -1.624670000000000059e+00 -1.719149999999999956e+00 -1.578040000000000109e+00
3.100000000000000000e+04 -2.147879999999999789e+00 -2.532700000000000173e+00 -2.990000000000000213e+00 -3.331269999999999953e+00 -3.654170000000000140e+00 -1.371459999999999901e+00 -2.525300000000000100e+00 -2.771490000000000009e+00 -3.009840000000000071e+00 -2.854039999999999910e+00 -1.691519999999999913e+00 -1.584789999999999921e+00 -1.680579999999999963e+00 -1.780690000000000106e+00 -1.625029999999999974e+00
3.200000000000000000e+04 -2.224159999999999915e+00 -2.616080000000000183e+00 -3.078879999999999839e+00 -3.422959999999999781e+00 -3.747930000000000206e+00 -1.448020000000000085e+00 -2.607190000000000119e+00 -2.858309999999999906e+00 -3.102390000000000203e+00 -2.943490000000000162e+00 -1.747800000000000020e+00 -1.613280000000000047e+00 -1.736580000000000013e+00 -1.841900000000000093e+00 -1.672700000000000076e+00
3.300000000000000000e+04 -2.299020000000000064e+00 -2.697560000000000180e+00 -3.165500000000000203e+00 -3.512199999999999989e+00 -3.839100000000000179e+00 -1.523160000000000069e+00 -2.687289999999999957e+00 -2.943010000000000126e+00 -3.192450000000000010e+00 -3.030650000000000066e+00 -1.804009999999999891e+00 -1.643620000000000081e+00 -1.792540000000000022e+00 -1.902700000000000058e+00 -1.720879999999999965e+00
3.400000000000000000e+04 -2.372500000000000053e+00 -2.777219999999999800e+00 -3.249979999999999869e+00 -3.599120000000000097e+00 -3.927820000000000089e+00 -1.596889999999999921e+00 -2.765670000000000073e+00 -3.025679999999999925e+00 -3.280139999999999834e+00 -3.115619999999999834e+00 -1.860060000000000047e+00 -1.675499999999999989e+00 -1.848360000000000003e+00 -1.962970000000000104e+00 -1.769400000000000084e+00
3.500000000000000000e+04 -2.444620000000000015e+00 -2.855129999999999946e+00 -3.332390000000000185e+00 -3.683840000000000003e+00 -4.014230000000000409e+00 -1.669240000000000057e+00 -2.842360000000000220e+00 -3.106409999999999894e+00 -3.365580000000000016e+00 -3.198510000000000186e+00 -1.915850000000000053e+00 -1.708700000000000108e+00 -1.903960000000000097e+00 -2.022660000000000124e+00 -1.818130000000000024e+00
3.600000000000000000e+04 -2.515410000000000146e+00 -2.931350000000000122e+00 -3.412850000000000161e+00 -3.766459999999999919e+00 -4.098429999999999573e+00 -1.740240000000000009e+00 -2.917450000000000099e+00 -3.185280000000000111e+00 -3.448879999999999946e+00 -3.279399999999999871e+00 -1.971309999999999896e+00 -1.743000000000000105e+00 -1.959249999999999936e+00 -2.081729999999999858e+00 -1.866970000000000018e+00
3.700000000000000000e+04 -2.584900000000000198e+00 -3.005939999999999834e+00 -3.491429999999999811e+00 -3.847080000000000055e+00 -4.180539999999999701e+00 -1.809940000000000104e+00 -2.990969999999999906e+00 -3.262370000000000214e+00 -3.530130000000000212e+00 -3.358389999999999986e+00 -2.026400000000000201e+00 -1.778210000000000068e+00 -2.014170000000000016e+00 -2.140159999999999840e+00 -1.915820000000000078e+00
3.800000000000000000e+04 -2.653119999999999923e+00 -3.078969999999999985e+00 -3.568220000000000169e+00 -3.925790000000000113e+00 -4.260659999999999670e+00 -1.878349999999999964e+00 -3.063000000000000167e+00 -3.337750000000000217e+00 -3.609440000000000204e+00 -3.435569999999999791e+00 -2.081059999999999910e+00 -1.814189999999999969e+00 -2.068690000000000140e+00 -2.197950000000000070e+00 -1.964609999999999967e+00
3.900000000000000000e+04 -2.720099999999999962e+00 -3.150490000000000013e+00 -3.643289999999999917e+00 -4.002679999999999794e+00 -4.338879999999999626e+00 -1.945519999999999916e+00 -3.133570000000000189e+00 -3.411490000000000133e+00 -3.686900000000000066e+00 -3.511010000000000186e+00 -2.135260000000000158e+00 -1.850789999999999935e+00 -2.122759999999999980e+00 -2.255100000000000104e+00 -2.013269999999999893e+00
4.000000000000000000e+04 -2.785890000000000200e+00 -3.220559999999999867e+00 -3.716709999999999958e+00 -4.077820000000000000e+00 -4.415289999999999715e+00 -2.011480000000000157e+00 -3.202739999999999920e+00 -3.483649999999999913e+00 -3.762579999999999814e+00 -3.584779999999999855e+00 -2.188959999999999795e+00 -1.887909999999999977e+00 -2.176340000000000163e+00 -2.311589999999999812e+00 -2.061739999999999906e+00
4.100000000000000000e+04 -2.850509999999999877e+00 -3.289229999999999876e+00 -3.788559999999999928e+00 -4.151299999999999990e+00 -4.489980000000000082e+00 -2.076249999999999929e+00 -3.270560000000000134e+00 -3.554310000000000080e+00 -3.836570000000000036e+00 -3.656960000000000210e+00 -2.242150000000000087e+00 -1.925419999999999909e+00 -2.229429999999999801e+00 -2.367440000000000211e+00 -2.109970000000000123e+00
4.200000000000000000e+04 -2.913990000000000080e+00 -3.356549999999999923e+00 -3.858900000000000219e+00 -4.223180000000000156e+00 -4.563010000000000232e+00 -2.139889999999999848e+00 -3.337079999999999824e+00 -3.623520000000000074e+00 -3.908929999999999794e+00 -3.727609999999999868e+00 -2.294810000000000016e+00 -1.963260000000000005e+00 -2.281979999999999897e+00 -2.422600000000000087e+00 -2.157939999999999969e+00
4.300000000000000000e+04 -2.976360000000000117e+00 -3.422569999999999890e+00 -3.927779999999999827e+00 -4.293540000000000134e+00 -4.634470000000000312e+00 -2.202409999999999979e+00 -3.402330000000000076e+00 -3.691329999999999778e+00 -3.979750000000000121e+00 -3.796790000000000109e+00 -2.346909999999999830e+00 -2.001329999999999831e+00 -2.334010000000000140e+00 -2.477069999999999883e+00 -2.205600000000000005e+00
4.400000000000000000e+04 -3.037669999999999870e+00 -3.487330000000000041e+00 -3.995270000000000099e+00 -4.362420000000000186e+00 -4.704399999999999693e+00 -2.263850000000000140e+00 -3.466369999999999951e+00 -3.757789999999999964e+00 -4.049070000000000391e+00 -3.864559999999999995e+00 -2.398470000000000102e+00 -2.039569999999999883e+00 -2.385479999999999823e+00 -2.530870000000000175e+00 -2.252920000000000034e+00
4.500000000000000000e+04 -3.097929999999999851e+00 -3.550889999999999880e+00 -4.061420000000000030e+00 -4.429899999999999949e+00 -4.772859999999999658e+00 -2.324240000000000084e+00 -3.529230000000000089e+00 -3.822970000000000201e+00 -4.116970000000000240e+00 -3.930969999999999853e+00 -2.449460000000000193e+00 -2.077920000000000211e+00 -2.436399999999999899e+00 -2.583990000000000009e+00 -2.299889999999999990e+00
4.600000000000000000e+04 -3.157179999999999875e+00 -3.613269999999999982e+00 -4.126269999999999882e+00 -4.496030000000000193e+00 -4.839920000000000222e+00 -2.383620000000000072e+00 -3.590959999999999930e+00 -3.886899999999999800e+00 -4.183489999999999931e+00 -3.996090000000000142e+00 -2.499880000000000102e+00 -2.116330000000000044e+00 -2.486759999999999859e+00 -2.636420000000000208e+00 -2.346490000000000187e+00
4.700000000000000000e+04 -3.215440000000000076e+00 -3.674519999999999786e+00 -4.189890000000000114e+00 -4.560859999999999914e+00 -4.905640000000000001e+00 -2.442000000000000171e+00 -3.651590000000000114e+00 -3.949629999999999974e+00 -4.248700000000000365e+00 -4.059940000000000104e+00 -2.549739999999999895e+00 -2.154760000000000009e+00 -2.536550000000000082e+00 -2.688159999999999883e+00 -2.392700000000000049e+00
4.800000000000000000e+04 -3.272759999999999891e+00 -3.734690000000000065e+00 -4.252299999999999969e+00 -4.624430000000000263e+00 -4.970060000000000144e+00 -2.499429999999999819e+00 -3.711149999999999949e+00 -4.011199999999999655e+00 -4.312640000000000029e+00 -4.122589999999999755e+00 -2.599029999999999951e+00 -2.193150000000000155e+00 -2.585780000000000189e+00 -2.739240000000000119e+00 -2.438509999999999955e+00
4.900000000000000000e+04 -3.329140000000000210e+00 -3.793800000000000061e+00 -4.313570000000000348e+00 -4.686799999999999855e+00 -5.033240000000000158e+00 -2.555919999999999970e+00 -3.769690000000000207e+00 -4.071649999999999991e+00 -4.375359999999999694e+00 -4.184079999999999799e+00 -2.647749999999999826e+00 -2.231489999999999974e+00 -2.634450000000000180e+00 -2.789660000000000029e+00 -2.483919999999999906e+00
5.000000000000000000e+04 -3.384619999999999962e+00 -3.851890000000000036e+00 -4.373719999999999608e+00 -4.748020000000000351e+00 -5.095229999999999926e+00 -2.611509999999999998e+00 -3.827230000000000132e+00 -4.131029999999999980e+00 -4.436910000000000132e+00 -4.244449999999999612e+00 -2.695910000000000029e+00 -2.269730000000000025e+00 -2.682570000000000121e+00 -2.839430000000000121e+00 -2.528900000000000148e+00
5.100000000000000000e+04 -3.439229999999999787e+00 -3.908990000000000187e+00 -4.432789999999999786e+00 -4.808110000000000106e+00 -5.156069999999999709e+00 -2.666209999999999969e+00 -3.883809999999999985e+00 -4.189370000000000260e+00 -4.497320000000000206e+00 -4.303729999999999833e+00 -2.743510000000000115e+00 -2.307859999999999800e+00 -2.730119999999999880e+00 -2.888560000000000016e+00 -2.573469999999999924e+00
5.200000000000000000e+04 -3.492989999999999817e+00 -3.965129999999999821e+00 -4.490840000000000387e+00 -4.867130000000000400e+00 -5.215810000000000279e+00 -2.720060000000000144e+00 -3.939449999999999896e+00 -4.246699999999999697e+00 -4.556650000000000311e+00 -4.361959999999999837e+00 -2.790560000000000151e+00 -2.345849999999999991e+00 -2.777130000000000098e+00 -2.937040000000000095e+00 -2.617609999999999992e+00
5.300000000000000000e+04 -3.545920000000000183e+00 -4.020349999999999646e+00 -4.547869999999999635e+00 -4.925110000000000099e+00 -5.274469999999999992e+00 -2.773080000000000211e+00 -3.994190000000000129e+00 -4.303049999999999820e+00 -4.614919999999999689e+00 -4.419190000000000396e+00 -2.837050000000000072e+00 -2.383669999999999956e+00 -2.823589999999999822e+00 -2.984910000000000174e+00 -2.661319999999999908e+00
5.400000000000000000e+04 -3.598040000000000127e+00 -4.074679999999999858e+00 -4.603939999999999699e+00 -4.982079999999999842e+00 -5.332099999999999618e+00 -2.825289999999999857e+00 -4.048060000000000436e+00 -4.358469999999999622e+00 -4.672170000000000378e+00 -4.475439999999999863e+00 -2.883010000000000073e+00 -2.421320000000000139e+00 -2.869510000000000005e+00 -3.032179999999999875e+00 -2.704610000000000181e+00
5.500000000000000000e+04 -3.649379999999999846e+00 -4.128129999999999633e+00 -4.659080000000000332e+00 -5.038079999999999892e+00 -5.388740000000000308e+00 -2.876720000000000166e+00 -4.101069999999999993e+00 -4.412969999999999615e+00 -4.728449999999999598e+00 -4.530750000000000277e+00 -2.928430000000000089e+00 -2.458779999999999966e+00 -2.914899999999999824e+00 -3.078840000000000021e+00 -2.747459999999999791e+00
5.600000000000000000e+04 -3.699969999999999981e+00 -4.180749999999999744e+00 -4.713309999999999889e+00 -5.093140000000000001e+00 -5.444420000000000037e+00 -2.927379999999999871e+00 -4.153249999999999886e+00 -4.466599999999999682e+00 -4.783769999999999634e+00 -4.585139999999999993e+00 -2.973320000000000185e+00 -2.496030000000000193e+00 -2.959760000000000169e+00 -3.124909999999999854e+00 -2.789890000000000203e+00
5.700000000000000000e+04 -3.749810000000000088e+00 -4.232540000000000191e+00 -4.766659999999999897e+00 -5.147289999999999921e+00 -5.499159999999999826e+00 -2.977300000000000058e+00 -4.204640000000000377e+00 -4.519359999999999822e+00 -4.838180000000000369e+00 -4.638659999999999783e+00 -3.017689999999999984e+00 -2.533059999999999867e+00 -3.004100000000000215e+00 -3.170420000000000016e+00 -2.831900000000000084e+00
5.800000000000000000e+04 -3.798929999999999918e+00 -4.283549999999999969e+00 -4.819160000000000110e+00 -5.200569999999999915e+00 -5.553009999999999557e+00 -3.026499999999999968e+00 -4.255250000000000199e+00 -4.571299999999999919e+00 -4.891689999999999650e+00 -4.691309999999999647e+00 -3.061549999999999994e+00 -2.569859999999999811e+00 -3.047940000000000094e+00 -3.215370000000000061e+00 -2.873479999999999812e+00
5.900000000000000000e+04 -3.847360000000000113e+00 -4.333779999999999966e+00 -4.870840000000000281e+00 -5.252989999999999604e+00 -5.605990000000000251e+00 -3.074990000000000112e+00 -4.305100000000000371e+00 -4.622440000000000104e+00 -4.944350000000000023e+00 -4.743140000000000356e+00 -3.104900000000000215e+00 -2.606430000000000025e+00 -3.091270000000000184e+00 -3.259759999999999991e+00 -2.914649999999999963e+00
6.000000000000000000e+04 -3.895099999999999785e+00 -4.383270000000000444e+00 -4.921719999999999651e+00 -5.304590000000000138e+00 -5.658129999999999882e+00 -3.122799999999999798e+00 -4.354219999999999757e+00 -4.672789999999999999e+00 -4.996179999999999843e+00 -4.794159999999999755e+00 -3.147759999999999891e+00 -2.642759999999999998e+00 -3.134100000000000108e+00 -3.303620000000000001e+00 -2.955389999999999961e+00
6.100000000000000000e+04 -3.942180000000000017e+00 -4.432030000000000136e+00 -4.971820000000000128e+00 -5.355389999999999873e+00 -5.709439999999999849e+00 -3.169950000000000045e+00 -4.402630000000000265e+00 -4.722389999999999866e+00 -5.047200000000000131e+00 -4.844409999999999883e+00 -3.190129999999999910e+00 -2.678840000000000110e+00 -3.176449999999999996e+00 -3.346960000000000157e+00 -2.995730000000000004e+00
6.200000000000000000e+04 -3.988599999999999923e+00 -4.480089999999999684e+00 -5.021169999999999689e+00 -5.405409999999999826e+00 -5.759970000000000034e+00 -3.216439999999999966e+00 -4.450339999999999741e+00 -4.771259999999999835e+00 -5.097430000000000128e+00 -4.893889999999999851e+00 -3.232009999999999827e+00 -2.714669999999999916e+00 -3.218309999999999782e+00 -3.389769999999999950e+00 -3.035649999999999959e+00
6.300000000000000000e+04 -4.034399999999999764e+00 -4.527449999999999974e+00 -5.069799999999999862e+00 -5.454679999999999751e+00 -5.809730000000000061e+00 -3.262300000000000200e+00 -4.497379999999999711e+00 -4.819410000000000416e+00 -5.146910000000000096e+00 -4.942650000000000432e+00 -3.273429999999999840e+00 -2.750249999999999861e+00 -3.259710000000000107e+00 -3.432080000000000020e+00 -3.075169999999999959e+00
6.400000000000000000e+04 -4.079589999999999606e+00 -4.574160000000000004e+00 -5.117709999999999759e+00 -5.503230000000000288e+00 -5.858740000000000059e+00 -3.307539999999999925e+00 -4.543759999999999799e+00 -4.866869999999999585e+00 -5.195649999999999658e+00 -4.990689999999999849e+00 -3.314369999999999816e+00 -2.785559999999999814e+00 -3.300640000000000018e+00 -3.473889999999999922e+00 -3.114300000000000068e+00
6.500000000000000000e+04 -4.124179999999999957e+00 -4.620210000000000150e+00 -5.164939999999999642e+00 -5.551059999999999661e+00 -5.907020000000000159e+00 -3.352189999999999781e+00 -4.589509999999999756e+00 -4.913660000000000139e+00 -5.243680000000000341e+00 -5.038030000000000008e+00 -3.354870000000000019e+00 -2.820609999999999840e+00 -3.341120000000000090e+00 -3.515219999999999789e+00 -3.153020000000000156e+00
6.600000000000000000e+04 -4.168180000000000440e+00 -4.665630000000000166e+00 -5.211500000000000021e+00 -5.598209999999999908e+00 -5.954609999999999737e+00 -3.396250000000000213e+00 -4.634629999999999583e+00 -4.959789999999999921e+00 -5.291009999999999991e+00 -5.084710000000000285e+00 -3.394909999999999872e+00 -2.855399999999999938e+00 -3.381149999999999878e+00 -3.556070000000000064e+00 -3.191359999999999975e+00
6.700000000000000000e+04 -4.211610000000000298e+00 -4.710440000000000182e+00 -5.257399999999999629e+00 -5.644680000000000142e+00 -6.001509999999999678e+00 -3.439729999999999954e+00 -4.679149999999999920e+00 -5.005279999999999951e+00 -5.337659999999999627e+00 -5.130729999999999791e+00 -3.434509999999999952e+00 -2.889930000000000110e+00 -3.420739999999999892e+00 -3.596449999999999925e+00 -3.229319999999999968e+00
6.800000000000000000e+04 -4.254489999999999661e+00 -4.754649999999999821e+00 -5.302679999999999616e+00 -5.690509999999999735e+00 -6.047749999999999737e+00 -3.482670000000000154e+00 -4.723080000000000389e+00 -5.050159999999999982e+00 -5.383659999999999890e+00 -5.176110000000000433e+00 -3.473689999999999944e+00 -2.924189999999999845e+00 -3.459900000000000198e+00 -3.636379999999999946e+00 -3.266890000000000072e+00
6.900000000000000000e+04 -4.296829999999999927e+00 -4.798280000000000101e+00 -5.347339999999999982e+00 -5.735699999999999577e+00 -6.093340000000000423e+00 -3.525049999999999795e+00 -4.766429999999999723e+00 -5.094430000000000014e+00 -5.429030000000000022e+00 -5.220880000000000187e+00 -3.512430000000000163e+00 -2.958190000000000097e+00 -3.498629999999999907e+00 -3.675860000000000127e+00 -3.304089999999999971e+00
7.000000000000000000e+04 -4.338639999999999830e+00 -4.841330000000000133e+00 -5.391399999999999970e+00 -5.780280000000000307e+00 -6.138309999999999711e+00 -3.566910000000000025e+00 -4.809219999999999828e+00 -5.138110000000000177e+00 -5.473770000000000024e+00 -5.265039999999999942e+00 -3.550759999999999916e+00 -2.991919999999999913e+00 -3.536950000000000038e+00 -3.714890000000000025e+00 -3.340930000000000177e+00
7.100000000000000000e+04 -4.379929999999999879e+00 -4.883840000000000181e+00 -5.434870000000000090e+00 -5.824259999999999771e+00 -6.182669999999999888e+00 -3.608249999999999957e+00 -4.851469999999999949e+00 -5.181219999999999715e+00 -5.517909999999999648e+00 -5.308620000000000339e+00 -3.588680000000000092e+00 -3.025380000000000180e+00 -3.574860000000000149e+00 -3.753499999999999837e+00 -3.377390000000000114e+00
7.200000000000000000e+04 -4.420720000000000205e+00 -4.925799999999999734e+00 -5.477780000000000094e+00 -5.867659999999999876e+00 -6.226429999999999687e+00 -3.649080000000000101e+00 -4.893189999999999706e+00 -5.223770000000000024e+00 -5.561460000000000292e+00 -5.351619999999999600e+00 -3.626199999999999868e+00 -3.058580000000000076e+00 -3.612369999999999859e+00 -3.791679999999999939e+00 -3.413499999999999979e+00
7.300000000000000000e+04 -4.461009999999999920e+00 -4.967240000000000322e+00 -5.520129999999999981e+00 -5.910490000000000244e+00 -6.269610000000000127e+00 -3.689420000000000144e+00 -4.934379999999999988e+00 -5.265780000000000349e+00 -5.604440000000000310e+00 -5.394070000000000142e+00 -3.663320000000000132e+00 -3.091520000000000046e+00 -3.649480000000000057e+00 -3.829439999999999955e+00 -3.449260000000000215e+00
7.400000000000000000e+04 -4.500829999999999664e+00 -5.008160000000000167e+00 -5.561939999999999884e+00 -5.952759999999999607e+00 -6.312229999999999563e+00 -3.729280000000000150e+00 -4.975069999999999659e+00 -5.307260000000000311e+00 -5.646860000000000213e+00 -5.435979999999999812e+00 -3.700050000000000061e+00 -3.124200000000000088e+00 -3.686209999999999987e+00 -3.866789999999999949e+00 -3.484669999999999934e+00
7.500000000000000000e+04 -4.540169999999999817e+00 -5.048580000000000290e+00 -5.603229999999999933e+00 -5.994500000000000384e+00 -6.354300000000000281e+00 -3.768660000000000121e+00 -5.015270000000000117e+00 -5.348220000000000418e+00 -5.688740000000000130e+00 -5.477350000000000385e+00 -3.736400000000000166e+00 -3.156620000000000203e+00 -3.722550000000000026e+00 -3.903750000000000053e+00 -3.519740000000000091e+00
7.600000000000000000e+04 -4.579060000000000130e+00 -5.088510000000000311e+00 -5.644000000000000128e+00 -6.035709999999999908e+00 -6.395839999999999748e+00 -3.807589999999999808e+00 -5.054979999999999585e+00 -5.388670000000000293e+00 -5.730089999999999684e+00 -5.518209999999999837e+00 -3.772380000000000067e+00 -3.188779999999999948e+00 -3.758519999999999861e+00 -3.940319999999999823e+00 -3.554469999999999796e+00
7.700000000000000000e+04 -4.617490000000000094e+00 -5.127970000000000361e+00 -5.684280000000000221e+00 -6.076399999999999579e+00 -6.436849999999999739e+00 -3.846070000000000100e+00 -5.094219999999999970e+00 -5.428639999999999688e+00 -5.770920000000000272e+00 -5.558569999999999567e+00 -3.807990000000000208e+00 -3.220680000000000209e+00 -3.794130000000000003e+00 -3.976490000000000080e+00 -3.588870000000000005e+00
7.800000000000000000e+04 -4.655490000000000350e+00 -5.166949999999999932e+00 -5.724059999999999704e+00 -6.116600000000000037e+00 -6.477360000000000007e+00 -3.884100000000000108e+00 -5.132990000000000386e+00 -5.468119999999999870e+00 -5.811250000000000249e+00 -5.598429999999999573e+00 -3.843240000000000212e+00 -3.252330000000000165e+00 -3.829369999999999941e+00 -4.012299999999999756e+00 -3.622939999999999827e+00
7.900000000000000000e+04 -4.693060000000000009e+00 -5.205479999999999663e+00 -5.763359999999999594e+00 -6.156310000000000393e+00 -6.517369999999999663e+00 -3.921710000000000029e+00 -5.171319999999999695e+00 -5.507139999999999702e+00 -5.851079999999999615e+00 -5.637819999999999609e+00 -3.878140000000000143e+00 -3.283729999999999816e+00 -3.864259999999999806e+00 -4.047729999999999606e+00 -3.656699999999999839e+00
8.000000000000000000e+04 -4.730199999999999960e+00 -5.243570000000000064e+00 -5.802200000000000024e+00 -6.195540000000000269e+00 -6.556899999999999729e+00 -3.958889999999999798e+00 -5.209209999999999674e+00 -5.545689999999999564e+00 -5.890439999999999898e+00 -5.676739999999999675e+00 -3.912690000000000001e+00 -3.314869999999999983e+00 -3.898800000000000043e+00 -4.082810000000000272e+00 -3.690129999999999910e+00
8.100000000000000000e+04 -4.766939999999999955e+00 -5.281220000000000248e+00 -5.840589999999999726e+00 -6.234309999999999796e+00 -6.595950000000000202e+00 -3.995659999999999989e+00 -5.246669999999999945e+00 -5.583800000000000097e+00 -5.929330000000000211e+00 -5.715200000000000280e+00 -3.946889999999999787e+00 -3.345769999999999911e+00 -3.933009999999999895e+00 -4.117519999999999847e+00 -3.723250000000000171e+00
8.200000000000000000e+04 -4.803279999999999994e+00 -5.318439999999999834e+00 -5.878529999999999589e+00 -6.272619999999999862e+00 -6.634540000000000326e+00 -4.032029999999999781e+00 -5.283699999999999619e+00 -5.621470000000000411e+00 -5.967760000000000176e+00 -5.753210000000000157e+00 -3.980770000000000142e+00 -3.376419999999999977e+00 -3.966870000000000118e+00 -4.151889999999999858e+00 -3.756069999999999798e+00
8.300000000000000000e+04 -4.839220000000000077e+00 -5.355249999999999844e+00 -5.916039999999999743e+00 -6.310489999999999711e+00 -6.672679999999999723e+00 -4.068010000000000126e+00 -5.320330000000000226e+00 -5.658710000000000129e+00 -6.005740000000000300e+00 -5.790790000000000326e+00 -4.014310000000000045e+00 -3.406829999999999803e+00 -4.000409999999999577e+00 -4.185920000000000307e+00 -3.788580000000000059e+00
8.400000000000000000e+04 -4.874769999999999825e+00 -5.391650000000000276e+00 -5.953120000000000189e+00 -6.347929999999999851e+00 -6.710379999999999789e+00 -4.103600000000000136e+00 -5.356550000000000367e+00 -5.695540000000000269e+00 -6.043289999999999829e+00 -5.827939999999999898e+00 -4.047519999999999563e+00 -3.436990000000000212e+00 -4.033619999999999983e+00 -4.219599999999999795e+00 -3.820800000000000196e+00
8.500000000000000000e+04 -4.909950000000000259e+00 -5.427649999999999864e+00 -5.989779999999999660e+00 -6.384940000000000282e+00 -6.747650000000000148e+00 -4.138799999999999812e+00 -5.392380000000000173e+00 -5.731950000000000323e+00 -6.080409999999999648e+00 -5.864679999999999893e+00 -4.080420000000000158e+00 -3.466920000000000002e+00 -4.066519999999999690e+00 -4.252959999999999852e+00 -3.852720000000000145e+00
8.600000000000000000e+04 -4.944759999999999600e+00 -5.463260000000000005e+00 -6.026040000000000063e+00 -6.421529999999999738e+00 -6.784489999999999910e+00 -4.173639999999999795e+00 -5.427819999999999645e+00 -5.767970000000000041e+00 -6.117110000000000269e+00 -5.900999999999999801e+00 -4.113010000000000055e+00 -3.496609999999999996e+00 -4.099099999999999966e+00 -4.285989999999999966e+00 -3.884360000000000035e+00
8.700000000000000000e+04 -4.979199999999999626e+00 -5.498490000000000322e+00 -6.061899999999999622e+00 -6.457720000000000127e+00 -6.820929999999999715e+00 -4.208120000000000083e+00 -5.462880000000000180e+00 -5.803589999999999804e+00 -6.153410000000000046e+00 -5.936930000000000263e+00 -4.145290000000000141e+00 -3.526069999999999816e+00 -4.131380000000000052e+00 -4.318710000000000271e+00 -3.915709999999999802e+00
8.800000000000000000e+04 -5.013300000000000090e+00 -5.533350000000000435e+00 -6.097380000000000244e+00 -6.493520000000000181e+00 -6.856959999999999944e+00 -4.242239999999999789e+00 -5.497580000000000133e+00 -5.838840000000000252e+00 -6.189300000000000246e+00 -5.972470000000000390e+00 -4.177270000000000039e+00 -3.555299999999999905e+00 -4.163350000000000328e+00 -4.351110000000000255e+00 -3.946790000000000020e+00
8.900000000000000000e+04 -5.047039999999999971e+00 -5.567840000000000344e+00 -6.132469999999999644e+00 -6.528929999999999900e+00 -6.892599999999999838e+00 -4.276010000000000311e+00 -5.531909999999999883e+00 -5.873700000000000365e+00 -6.224809999999999732e+00 -6.007620000000000182e+00 -4.208949999999999747e+00 -3.584299999999999820e+00 -4.195030000000000037e+00 -4.383200000000000429e+00 -3.977590000000000181e+00
9.000000000000000000e+04 -5.080440000000000289e+00 -5.601969999999999672e+00 -6.167189999999999728e+00 -6.563950000000000173e+00 -6.927850000000000286e+00 -4.309450000000000003e+00 -5.565889999999999560e+00 -5.908199999999999896e+00 -6.259929999999999772e+00 -6.042399999999999771e+00 -4.240339999999999776e+00 -3.613070000000000004e+00 -4.226409999999999556e+00 -4.415000000000000036e+00 -4.008119999999999905e+00
9.100000000000000000e+04 -5.113509999999999778e+00 -5.635749999999999815e+00 -6.201550000000000118e+00 -6.598609999999999864e+00 -6.962729999999999642e+00 -4.342539999999999623e+00 -5.599520000000000053e+00 -5.942339999999999733e+00 -6.294690000000000119e+00 -6.076819999999999666e+00 -4.271440000000000126e+00 -3.641630000000000145e+00 -4.257509999999999906e+00 -4.446489999999999831e+00 -4.038380000000000081e+00
9.200000000000000000e+04 -5.146250000000000213e+00 -5.669179999999999886e+00 -6.235540000000000305e+00 -6.632900000000000240e+00 -6.997230000000000061e+00 -4.375309999999999810e+00 -5.632799999999999585e+00 -5.976130000000000386e+00 -6.329069999999999752e+00 -6.110879999999999868e+00 -4.302260000000000417e+00 -3.669960000000000111e+00 -4.288330000000000197e+00 -4.477689999999999948e+00 -4.068380000000000329e+00
9.300000000000000000e+04 -5.178670000000000329e+00 -5.702280000000000015e+00 -6.269190000000000040e+00 -6.666839999999999655e+00 -7.031380000000000408e+00 -4.407750000000000057e+00 -5.665759999999999685e+00 -6.009570000000000078e+00 -6.363100000000000200e+00 -6.144580000000000375e+00 -4.332799999999999763e+00 -3.698069999999999968e+00 -4.318870000000000431e+00 -4.508610000000000007e+00 -4.098130000000000273e+00
9.400000000000000000e+04 -5.210779999999999745e+00 -5.735050000000000203e+00 -6.302500000000000213e+00 -6.700420000000000265e+00 -7.065170000000000172e+00 -4.439879999999999605e+00 -5.698389999999999844e+00 -6.042670000000000208e+00 -6.396770000000000067e+00 -6.177940000000000431e+00 -4.363069999999999560e+00 -3.725960000000000161e+00 -4.349140000000000228e+00 -4.539250000000000007e+00 -4.127609999999999779e+00
9.500000000000000000e+04 -5.242569999999999730e+00 -5.767500000000000071e+00 -6.335469999999999935e+00 -6.733670000000000044e+00 -7.098620000000000374e+00 -4.471700000000000230e+00 -5.730699999999999683e+00 -6.075450000000000017e+00 -6.430100000000000371e+00 -6.210969999999999658e+00 -4.393080000000000318e+00 -3.753649999999999931e+00 -4.379139999999999588e+00 -4.569609999999999950e+00 -4.156850000000000378e+00
9.600000000000000000e+04 -5.274060000000000414e+00 -5.799619999999999997e+00 -6.368109999999999715e+00 -6.766580000000000261e+00 -7.131730000000000125e+00 -4.503219999999999779e+00 -5.762690000000000090e+00 -6.107890000000000263e+00 -6.463099999999999845e+00 -6.243660000000000210e+00 -4.422819999999999752e+00 -3.781120000000000037e+00 -4.408879999999999910e+00 -4.599689999999999834e+00 -4.185850000000000293e+00
9.700000000000000000e+04 -5.305259999999999643e+00 -5.831439999999999735e+00 -6.400430000000000064e+00 -6.799159999999999648e+00 -7.164500000000000313e+00 -4.534440000000000026e+00 -5.794369999999999798e+00 -6.140019999999999811e+00 -6.495759999999999756e+00 -6.276030000000000442e+00 -4.452300000000000146e+00 -3.808390000000000164e+00 -4.438360000000000305e+00 -4.629520000000000302e+00 -4.214599999999999902e+00
9.800000000000000000e+04 -5.336159999999999570e+00 -5.862949999999999662e+00 -6.432430000000000092e+00 -6.831419999999999604e+00 -7.196950000000000180e+00 -4.565360000000000085e+00 -5.825750000000000206e+00 -6.171840000000000437e+00 -6.528100000000000236e+00 -6.308089999999999975e+00 -4.481519999999999726e+00 -3.835449999999999804e+00 -4.467579999999999885e+00 -4.659069999999999823e+00 -4.243109999999999715e+00
9.900000000000000000e+04 -5.366769999999999818e+00 -5.894160000000000288e+00 -6.464129999999999932e+00 -6.863360000000000127e+00 -7.229079999999999728e+00 -4.596000000000000085e+00 -5.856840000000000046e+00 -6.203350000000000364e+00 -6.560130000000000017e+00 -6.339830000000000076e+00 -4.510500000000000398e+00 -3.862309999999999910e+00 -4.496559999999999668e+00 -4.688369999999999926e+00 -4.271390000000000242e+00
1.000000000000000000e+05 -5.397109999999999630e+00 -5.925080000000000346e+00 -6.495510000000000339e+00 -6.894999999999999574e+00 -7.260900000000000354e+00 -4.626360000000000028e+00 -5.887629999999999697e+00 -6.234560000000000102e+00 -6.591840000000000366e+00 -6.371269999999999989e+00 -4.539229999999999876e+00 -3.888970000000000038e+00 -4.525280000000000413e+00 -4.717419999999999725e+00 -4.299430000000000085e+00
1.010000000000000000e+05 -5.427159999999999762e+00 -5.955700000000000216e+00 -6.526600000000000179e+00 -6.926330000000000098e+00 -7.292410000000000281e+00 -4.656439999999999912e+00 -5.918140000000000178e+00 -6.265469999999999651e+00 -6.623249999999999638e+00 -6.402400000000000091e+00 -4.567709999999999937e+00 -3.915430000000000188e+00 -4.553770000000000095e+00 -4.746209999999999596e+00 -4.327250000000000263e+00
1.020000000000000000e+05 -5.456949999999999967e+00 -5.986049999999999649e+00 -6.557400000000000340e+00 -6.957360000000000433e+00 -7.323620000000000019e+00 -4.686239999999999739e+00 -5.948360000000000092e+00 -6.296100000000000030e+00 -6.654349999999999987e+00 -6.433250000000000135e+00 -4.595959999999999823e+00 -3.941689999999999916e+00 -4.582010000000000360e+00 -4.774770000000000181e+00 -4.354840000000000266e+00
1.030000000000000000e+05 -5.486460000000000115e+00 -6.016110000000000291e+00 -6.587909999999999933e+00 -6.988100000000000200e+00 -7.354529999999999568e+00 -4.715779999999999639e+00 -5.978309999999999569e+00 -6.326439999999999841e+00 -6.685170000000000279e+00 -6.463799999999999990e+00 -4.623969999999999914e+00 -3.967760000000000176e+00 -4.610019999999999563e+00 -4.803069999999999951e+00 -4.382209999999999717e+00
1.040000000000000000e+05 -5.515719999999999956e+00 -6.045899999999999608e+00 -6.618140000000000356e+00 -7.018550000000000288e+00 -7.385150000000000325e+00 -4.745059999999999611e+00 -6.007990000000000386e+00 -6.356510000000000105e+00 -6.715690000000000381e+00 -6.494069999999999787e+00 -4.651749999999999829e+00 -3.993650000000000144e+00 -4.637800000000000367e+00 -4.831150000000000055e+00 -4.409370000000000012e+00
1.050000000000000000e+05 -5.544719999999999871e+00 -6.075429999999999886e+00 -6.648080000000000211e+00 -7.048729999999999940e+00 -7.415490000000000137e+00 -4.774070000000000036e+00 -6.037399999999999878e+00 -6.386289999999999800e+00 -6.745940000000000047e+00 -6.524070000000000036e+00 -4.679299999999999571e+00 -4.019339999999999691e+00 -4.665350000000000108e+00 -4.858979999999999855e+00 -4.436300000000000132e+00
1.060000000000000000e+05 -5.573459999999999859e+00 -6.104689999999999728e+00 -6.677760000000000140e+00 -7.078619999999999912e+00 -7.445549999999999891e+00 -4.802839999999999776e+00 -6.066550000000000331e+00 -6.415809999999999569e+00 -6.775900000000000034e+00 -6.553790000000000227e+00 -4.706629999999999647e+00 -4.044850000000000279e+00 -4.692680000000000184e+00 -4.886589999999999989e+00 -4.463029999999999831e+00
1.070000000000000000e+05 -5.601960000000000051e+00 -6.133689999999999642e+00 -6.707169999999999632e+00 -7.108249999999999957e+00 -7.475329999999999586e+00 -4.831349999999999589e+00 -6.095439999999999969e+00 -6.445070000000000299e+00 -6.805589999999999584e+00 -6.583239999999999981e+00 -4.733740000000000059e+00 -4.070170000000000066e+00 -4.719780000000000086e+00 -4.913969999999999949e+00 -4.489550000000000374e+00
1.080000000000000000e+05 -5.630209999999999937e+00 -6.162429999999999630e+00 -6.736320000000000086e+00 -7.137599999999999945e+00 -7.504839999999999733e+00 -4.859619999999999607e+00 -6.124089999999999812e+00 -6.474070000000000213e+00 -6.835020000000000095e+00 -6.612429999999999808e+00 -4.760629999999999917e+00 -4.095320000000000071e+00 -4.746669999999999945e+00 -4.941130000000000244e+00 -4.515859999999999985e+00
1.090000000000000000e+05 -5.658220000000000027e+00 -6.190929999999999822e+00 -6.765209999999999724e+00 -7.166699999999999626e+00 -7.534089999999999954e+00 -4.887649999999999828e+00 -6.152479999999999727e+00 -6.502810000000000201e+00 -6.864180000000000170e+00 -6.641359999999999708e+00 -4.787300000000000111e+00 -4.120280000000000165e+00 -4.773349999999999760e+00 -4.968069999999999986e+00 -4.541970000000000063e+00
1.100000000000000000e+05 -5.685990000000000322e+00 -6.219179999999999708e+00 -6.793849999999999945e+00 -7.195540000000000269e+00 -7.563080000000000247e+00 -4.915440000000000254e+00 -6.180629999999999846e+00 -6.531299999999999883e+00 -6.893080000000000318e+00 -6.670040000000000191e+00 -4.813769999999999882e+00 -4.145069999999999588e+00 -4.799809999999999910e+00 -4.994790000000000063e+00 -4.567879999999999718e+00
1.110000000000000000e+05 -5.713530000000000442e+00 -6.247189999999999799e+00 -6.822239999999999860e+00 -7.224129999999999718e+00 -7.591809999999999725e+00 -4.942999999999999616e+00 -6.208540000000000170e+00 -6.559540000000000148e+00 -6.921730000000000160e+00 -6.698470000000000368e+00 -4.840029999999999610e+00 -4.169679999999999609e+00 -4.826069999999999638e+00 -5.021289999999999587e+00 -4.593589999999999840e+00
1.120000000000000000e+05 -5.740840000000000387e+00 -6.274960000000000093e+00 -6.850380000000000358e+00 -7.252460000000000129e+00 -7.620300000000000296e+00 -4.970329999999999693e+00 -6.236209999999999809e+00 -6.587550000000000239e+00 -6.950129999999999697e+00 -6.726650000000000240e+00 -4.866080000000000183e+00 -4.194119999999999848e+00 -4.852120000000000211e+00 -5.047589999999999577e+00 -4.619110000000000049e+00
1.130000000000000000e+05 -5.767929999999999779e+00 -6.302489999999999704e+00 -6.878280000000000172e+00 -7.280560000000000365e+00 -7.648530000000000051e+00 -4.997440000000000104e+00 -6.263650000000000162e+00 -6.615310000000000024e+00 -6.978290000000000326e+00 -6.754590000000000316e+00 -4.891930000000000334e+00 -4.218390000000000306e+00 -4.877970000000000361e+00 -5.073680000000000412e+00 -4.644440000000000346e+00
1.140000000000000000e+05 -5.794800000000000395e+00 -6.329799999999999649e+00 -6.905949999999999811e+00 -7.308410000000000295e+00 -7.676529999999999632e+00 -5.024320000000000341e+00 -6.290869999999999962e+00 -6.642839999999999634e+00 -7.006199999999999761e+00 -6.782289999999999708e+00 -4.917589999999999684e+00 -4.242499999999999716e+00 -4.903620000000000090e+00 -5.099569999999999936e+00 -4.669579999999999842e+00
1.150000000000000000e+05 -5.821449999999999569e+00 -6.356880000000000308e+00 -6.933379999999999654e+00 -7.336030000000000051e+00 -7.704279999999999795e+00 -5.050980000000000025e+00 -6.317859999999999587e+00 -6.670149999999999579e+00 -7.033879999999999910e+00 -6.809770000000000323e+00 -4.943039999999999878e+00 -4.266429999999999723e+00 -4.929079999999999906e+00 -5.125259999999999927e+00 -4.694530000000000314e+00
1.160000000000000000e+05 -5.847879999999999967e+00 -6.383740000000000414e+00 -6.960589999999999833e+00 -7.363419999999999632e+00 -7.731799999999999784e+00 -5.077429999999999666e+00 -6.344630000000000436e+00 -6.697219999999999729e+00 -7.061329999999999885e+00 -6.837010000000000254e+00 -4.968309999999999782e+00 -4.290199999999999569e+00 -4.954349999999999810e+00 -5.150750000000000384e+00 -4.719310000000000116e+00
1.170000000000000000e+05 -5.874100000000000321e+00 -6.410379999999999967e+00 -6.987569999999999837e+00 -7.390579999999999927e+00 -7.759100000000000108e+00 -5.103670000000000151e+00 -6.371179999999999843e+00 -6.724070000000000213e+00 -7.088540000000000063e+00 -6.864020000000000010e+00 -4.993389999999999773e+00 -4.313810000000000144e+00 -4.979420000000000179e+00 -5.176040000000000418e+00 -4.743890000000000384e+00
1.180000000000000000e+05 -5.900120000000000253e+00 -6.436810000000000365e+00 -7.014330000000000176e+00 -7.417510000000000048e+00 -7.786159999999999748e+00 -5.129699999999999704e+00 -6.397520000000000095e+00 -6.750709999999999766e+00 -7.115529999999999688e+00 -6.890819999999999723e+00 -5.018270000000000231e+00 -4.337259999999999671e+00 -5.004310000000000258e+00 -5.201150000000000162e+00 -4.768309999999999604e+00
1.190000000000000000e+05 -5.925930000000000142e+00 -6.463020000000000209e+00 -7.040869999999999962e+00 -7.444230000000000125e+00 -7.812999999999999723e+00 -5.155529999999999724e+00 -6.423650000000000304e+00 -6.777129999999999654e+00 -7.142299999999999649e+00 -6.917390000000000150e+00 -5.042980000000000018e+00 -4.360560000000000436e+00 -5.029010000000000424e+00 -5.226060000000000372e+00 -4.792539999999999800e+00
1.200000000000000000e+05 -5.951529999999999987e+00 -6.489029999999999632e+00 -7.067199999999999704e+00 -7.470720000000000027e+00 -7.839629999999999654e+00 -5.181149999999999700e+00 -6.449569999999999581e+00 -6.803329999999999878e+00 -7.168849999999999945e+00 -6.943760000000000154e+00 -5.067499999999999893e+00 -4.383689999999999642e+00 -5.053530000000000300e+00 -5.250799999999999912e+00 -4.816600000000000215e+00
1.210000000000000000e+05 -5.976950000000000429e+00 -6.514829999999999899e+00 -7.093320000000000292e+00 -7.497010000000000396e+00 -7.866030000000000300e+00 -5.206579999999999764e+00 -6.475279999999999703e+00 -6.829329999999999679e+00 -7.195190000000000197e+00 -6.969909999999999606e+00 -5.091840000000000366e+00 -4.406670000000000087e+00 -5.077880000000000393e+00 -5.275339999999999918e+00 -4.840489999999999959e+00
1.220000000000000000e+05 -6.002159999999999940e+00 -6.540429999999999744e+00 -7.119229999999999947e+00 -7.523080000000000211e+00 -7.892229999999999634e+00 -5.231810000000000294e+00 -6.500799999999999912e+00 -6.855120000000000324e+00 -7.221309999999999896e+00 -6.995849999999999902e+00 -5.116010000000000169e+00 -4.429499999999999993e+00 -5.102039999999999687e+00 -5.299710000000000143e+00 -4.864220000000000432e+00
1.230000000000000000e+05 -6.027180000000000426e+00 -6.565830000000000055e+00 -7.144940000000000069e+00 -7.548949999999999605e+00 -7.918219999999999814e+00 -5.256850000000000023e+00 -6.526119999999999699e+00 -6.880720000000000169e+00 -7.247230000000000061e+00 -7.021589999999999776e+00 -5.139999999999999680e+00 -4.452180000000000248e+00 -5.126030000000000086e+00 -5.323900000000000077e+00 -4.887769999999999726e+00
1.240000000000000000e+05 -6.052019999999999733e+00 -6.591029999999999944e+00 -7.170440000000000147e+00 -7.574609999999999843e+00 -7.943999999999999950e+00 -5.281690000000000218e+00 -6.551249999999999574e+00 -6.906109999999999971e+00 -7.272949999999999804e+00 -7.047119999999999607e+00 -5.163820000000000299e+00 -4.474709999999999965e+00 -5.149849999999999817e+00 -5.347909999999999719e+00 -4.911159999999999748e+00
1.250000000000000000e+05 -6.076660000000000394e+00 -6.616039999999999921e+00 -7.195750000000000313e+00 -7.600080000000000169e+00 -7.969579999999999664e+00 -5.306350000000000122e+00 -6.576179999999999914e+00 -6.931300000000000239e+00 -7.298460000000000392e+00 -7.072460000000000413e+00 -5.187470000000000248e+00 -4.497090000000000032e+00 -5.173499999999999766e+00 -5.371749999999999581e+00 -4.934389999999999610e+00
1.260000000000000000e+05 -6.101130000000000386e+00 -6.640859999999999985e+00 -7.220860000000000056e+00 -7.625339999999999563e+00 -7.994959999999999845e+00 -5.330829999999999735e+00 -6.600929999999999964e+00 -6.956310000000000215e+00 -7.323769999999999669e+00 -7.097610000000000419e+00 -5.210960000000000036e+00 -4.519330000000000069e+00 -5.196990000000000443e+00 -5.395419999999999661e+00 -4.957460000000000200e+00
1.270000000000000000e+05 -6.125409999999999577e+00 -6.665499999999999758e+00 -7.245790000000000397e+00 -7.650409999999999933e+00 -8.020139999999999603e+00 -5.355129999999999946e+00 -6.625490000000000101e+00 -6.981119999999999770e+00 -7.348889999999999922e+00 -7.122560000000000002e+00 -5.234270000000000422e+00 -4.541419999999999568e+00 -5.220309999999999562e+00 -5.418919999999999959e+00 -4.980369999999999742e+00
1.280000000000000000e+05 -6.149510000000000254e+00 -6.689949999999999619e+00 -7.270520000000000316e+00 -7.675290000000000390e+00 -8.045130000000000337e+00 -5.379240000000000244e+00 -6.649860000000000326e+00 -7.005749999999999922e+00 -7.373820000000000263e+00 -7.147319999999999673e+00 -5.257430000000000270e+00 -4.563380000000000436e+00 -5.243459999999999788e+00 -5.442260000000000097e+00 -5.003129999999999633e+00
1.290000000000000000e+05 -6.173440000000000261e+00 -6.714220000000000077e+00 -7.295060000000000322e+00 -7.699989999999999668e+00 -8.069929999999999382e+00 -5.403179999999999872e+00 -6.674059999999999881e+00 -7.030190000000000161e+00 -7.398559999999999803e+00 -7.171899999999999942e+00 -5.280429999999999957e+00 -4.585189999999999877e+00 -5.266460000000000363e+00 -5.465429999999999566e+00 -5.025730000000000253e+00
1.300000000000000000e+05 -6.197199999999999598e+00 -6.738310000000000244e+00 -7.319429999999999659e+00 -7.724490000000000300e+00 -8.094540000000000290e+00 -5.426949999999999719e+00 -6.698080000000000034e+00 -7.054450000000000109e+00 -7.423110000000000319e+00 -7.196290000000000298e+00 -5.303259999999999863e+00 -4.606860000000000177e+00 -5.289290000000000269e+00 -5.488439999999999763e+00 -5.048180000000000334e+00
1.310000000000000000e+05 -6.220780000000000420e+00 -6.762220000000000120e+00 -7.343609999999999971e+00 -7.748820000000000263e+00 -8.118969999999999132e+00 -5.450549999999999784e+00 -6.721919999999999895e+00 -7.078529999999999767e+00 -7.447479999999999656e+00 -7.220500000000000362e+00 -5.325949999999999740e+00 -4.628400000000000070e+00 -5.311980000000000146e+00 -5.511289999999999800e+00 -5.070479999999999876e+00
1.320000000000000000e+05 -6.244189999999999685e+00 -6.785960000000000214e+00 -7.367619999999999614e+00 -7.772960000000000313e+00 -8.143219999999999459e+00 -5.473980000000000068e+00 -6.745589999999999975e+00 -7.102430000000000021e+00 -7.471669999999999590e+00 -7.244530000000000136e+00 -5.348469999999999835e+00 -4.649799999999999933e+00 -5.334500000000000242e+00 -5.533990000000000187e+00 -5.092640000000000278e+00
1.330000000000000000e+05 -6.267439999999999678e+00 -6.809529999999999639e+00 -7.391449999999999854e+00 -7.796929999999999694e+00 -8.167289999999999495e+00 -5.497239999999999682e+00 -6.769090000000000273e+00 -7.126170000000000115e+00 -7.495680000000000121e+00 -7.268390000000000128e+00 -5.370849999999999902e+00 -4.671070000000000277e+00 -5.356880000000000308e+00 -5.556530000000000413e+00 -5.114639999999999631e+00
1.340000000000000000e+05 -6.290530000000000399e+00 -6.832930000000000170e+00 -7.415099999999999802e+00 -7.820719999999999672e+00 -8.191179999999999239e+00 -5.520330000000000403e+00 -6.792430000000000412e+00 -7.149729999999999919e+00 -7.519510000000000360e+00 -7.292069999999999830e+00 -5.393069999999999808e+00 -4.692199999999999704e+00 -5.379100000000000215e+00 -5.578920000000000101e+00 -5.136510000000000353e+00
1.350000000000000000e+05 -6.313449999999999562e+00 -6.856160000000000032e+00 -7.438589999999999591e+00 -7.844339999999999868e+00 -8.214900000000000091e+00 -5.543269999999999698e+00 -6.815599999999999881e+00 -7.173119999999999941e+00 -7.543169999999999931e+00 -7.315579999999999750e+00 -5.415149999999999686e+00 -4.713210000000000122e+00 -5.401180000000000092e+00 -5.601149999999999629e+00 -5.158229999999999649e+00
1.360000000000000000e+05 -6.336219999999999963e+00 -6.879229999999999734e+00 -7.461909999999999599e+00 -7.867790000000000283e+00 -8.238440000000000651e+00 -5.566049999999999720e+00 -6.838599999999999568e+00 -7.196340000000000181e+00 -7.566659999999999719e+00 -7.338930000000000398e+00 -5.437079999999999913e+00 -4.734079999999999622e+00 -5.423110000000000319e+00 -5.623240000000000016e+00 -5.179809999999999803e+00
1.370000000000000000e+05 -6.358819999999999695e+00 -6.902140000000000164e+00 -7.485059999999999825e+00 -7.891070000000000029e+00 -8.261820000000000164e+00 -5.588669999999999582e+00 -6.861439999999999984e+00 -7.219400000000000261e+00 -7.589979999999999727e+00 -7.362110000000000376e+00 -5.458870000000000111e+00 -4.754830000000000112e+00 -5.444899999999999629e+00 -5.645179999999999865e+00 -5.201249999999999929e+00
1.380000000000000000e+05 -6.381280000000000285e+00 -6.924890000000000434e+00 -7.508049999999999891e+00 -7.914189999999999614e+00 -8.285030000000000783e+00 -5.611130000000000173e+00 -6.884129999999999860e+00 -7.242300000000000182e+00 -7.613139999999999574e+00 -7.385119999999999685e+00 -5.480509999999999771e+00 -4.775450000000000195e+00 -5.466540000000000177e+00 -5.666979999999999684e+00 -5.222550000000000026e+00
1.390000000000000000e+05 -6.403579999999999828e+00 -6.947479999999999656e+00 -7.530879999999999797e+00 -7.937140000000000306e+00 -8.308080000000000354e+00 -5.633440000000000225e+00 -6.906659999999999577e+00 -7.265039999999999942e+00 -7.636140000000000150e+00 -7.407980000000000231e+00 -5.502019999999999911e+00 -4.795950000000000379e+00 -5.488050000000000317e+00 -5.688629999999999853e+00 -5.243719999999999715e+00
1.400000000000000000e+05 -6.425729999999999720e+00 -6.969920000000000115e+00 -7.553550000000000431e+00 -7.959929999999999950e+00 -8.330959999999999255e+00 -5.655599999999999739e+00 -6.929039999999999644e+00 -7.287620000000000431e+00 -7.658970000000000056e+00 -7.430670000000000108e+00 -5.523380000000000400e+00 -4.816320000000000157e+00 -5.509409999999999918e+00 -5.710149999999999615e+00 -5.264759999999999884e+00
1.410000000000000000e+05 -6.447729999999999961e+00 -6.992200000000000415e+00 -7.576069999999999638e+00 -7.982569999999999943e+00 -8.353690000000000282e+00 -5.677609999999999602e+00 -6.951260000000000439e+00 -7.310050000000000381e+00 -7.681639999999999802e+00 -7.453210000000000335e+00 -5.544609999999999594e+00 -4.836570000000000036e+00 -5.530640000000000001e+00 -5.731519999999999726e+00 -5.285660000000000025e+00
1.420000000000000000e+05 -6.469579999999999664e+00 -7.014330000000000176e+00 -7.598429999999999573e+00 -8.005050000000000665e+00 -8.376260000000000261e+00 -5.699480000000000324e+00 -6.973329999999999806e+00 -7.332329999999999792e+00 -7.704159999999999897e+00 -7.475590000000000401e+00 -5.565710000000000157e+00 -4.856709999999999638e+00 -5.551730000000000054e+00 -5.752749999999999808e+00 -5.306429999999999758e+00
1.430000000000000000e+05 -6.491290000000000227e+00 -7.036319999999999908e+00 -7.620630000000000237e+00 -8.027369999999999450e+00 -8.398669999999999192e+00 -5.721189999999999998e+00 -6.995260000000000034e+00 -7.354449999999999932e+00 -7.726519999999999833e+00 -7.497819999999999929e+00 -5.586660000000000181e+00 -4.876719999999999722e+00 -5.572689999999999699e+00 -5.773850000000000371e+00 -5.327069999999999972e+00
1.440000000000000000e+05 -6.512850000000000250e+00 -7.058150000000000368e+00 -7.642689999999999984e+00 -8.049549999999999983e+00 -8.420930000000000248e+00 -5.742770000000000152e+00 -7.017039999999999722e+00 -7.376420000000000421e+00 -7.748730000000000118e+00 -7.519899999999999807e+00 -5.607490000000000308e+00 -4.896609999999999907e+00 -5.593519999999999825e+00 -5.794819999999999638e+00 -5.347590000000000288e+00
1.450000000000000000e+05 -6.534279999999999866e+00 -7.079839999999999911e+00 -7.664600000000000080e+00 -8.071569999999999467e+00 -8.443039999999999878e+00 -5.764199999999999768e+00 -7.038669999999999760e+00 -7.398249999999999993e+00 -7.770789999999999864e+00 -7.541839999999999655e+00 -5.628190000000000026e+00 -4.916389999999999816e+00 -5.614220000000000432e+00 -5.815649999999999764e+00 -5.367980000000000196e+00
1.460000000000000000e+05 -6.555559999999999832e+00 -7.101390000000000313e+00 -7.686370000000000147e+00 -8.093450000000000699e+00 -8.464999999999999858e+00 -5.785499999999999865e+00 -7.060159999999999769e+00 -7.419929999999999914e+00 -7.792709999999999582e+00 -7.563620000000000232e+00 -5.648760000000000225e+00 -4.936049999999999827e+00 -5.634789999999999743e+00 -5.836350000000000371e+00 -5.388250000000000206e+00
1.470000000000000000e+05 -6.576710000000000278e+00 -7.122799999999999798e+00 -7.707980000000000054e+00 -8.115180000000000504e+00 -8.486810000000000187e+00 -5.806659999999999933e+00 -7.081509999999999749e+00 -7.441469999999999807e+00 -7.814470000000000027e+00 -7.585259999999999891e+00 -5.669200000000000017e+00 -4.955599999999999561e+00 -5.655230000000000423e+00 -5.856919999999999682e+00 -5.408389999999999809e+00
1.480000000000000000e+05 -6.597719999999999807e+00 -7.144070000000000142e+00 -7.729460000000000441e+00 -8.136760000000000659e+00 -8.508480000000000487e+00 -5.827679999999999971e+00 -7.102730000000000210e+00 -7.462869999999999671e+00 -7.836090000000000444e+00 -7.606760000000000410e+00 -5.689510000000000289e+00 -4.975039999999999907e+00 -5.675539999999999807e+00 -5.877360000000000362e+00 -5.428410000000000402e+00
1.490000000000000000e+05 -6.618599999999999817e+00 -7.165199999999999569e+00 -7.750799999999999912e+00 -8.158210000000000406e+00 -8.530010000000000758e+00 -5.848569999999999602e+00 -7.123800000000000132e+00 -7.484130000000000393e+00 -7.857569999999999943e+00 -7.628120000000000012e+00 -5.709699999999999775e+00 -4.994360000000000355e+00 -5.695730000000000182e+00 -5.897680000000000256e+00 -5.448310000000000208e+00
1.500000000000000000e+05 -6.639350000000000307e+00 -7.186189999999999856e+00 -7.772000000000000242e+00 -8.179510000000000502e+00 -8.551389999999999603e+00 -5.869320000000000093e+00 -7.144750000000000156e+00 -7.505250000000000199e+00 -7.878910000000000302e+00 -7.649339999999999584e+00 -5.729770000000000252e+00 -5.013569999999999638e+00 -5.715799999999999770e+00 -5.917869999999999742e+00 -5.468099999999999739e+00
1.510000000000000000e+05 -6.659959999999999880e+00 -7.207049999999999734e+00 -7.793059999999999654e+00 -8.200680000000000192e+00 -8.572639999999999816e+00 -5.889949999999999797e+00 -7.165549999999999642e+00 -7.526229999999999976e+00 -7.900109999999999744e+00 -7.670420000000000016e+00 -5.749719999999999942e+00 -5.032680000000000042e+00 -5.735750000000000348e+00 -5.937940000000000218e+00 -5.487759999999999749e+00
1.520000000000000000e+05 -6.680450000000000443e+00 -7.227780000000000094e+00 -7.813979999999999926e+00 -8.221709999999999852e+00 -8.593740000000000379e+00 -5.910440000000000360e+00 -7.186230000000000118e+00 -7.547089999999999854e+00 -7.921170000000000044e+00 -7.691370000000000040e+00 -5.769540000000000113e+00 -5.051680000000000170e+00 -5.755569999999999631e+00 -5.957889999999999908e+00 -5.507310000000000372e+00
1.530000000000000000e+05 -6.700800000000000090e+00 -7.248380000000000045e+00 -7.834769999999999790e+00 -8.242599999999999483e+00 -8.614720000000000155e+00 -5.930810000000000137e+00 -7.206780000000000186e+00 -7.567800000000000082e+00 -7.942099999999999937e+00 -7.712180000000000035e+00 -5.789250000000000007e+00 -5.070570000000000022e+00 -5.775280000000000413e+00 -5.977719999999999700e+00 -5.526749999999999829e+00
1.540000000000000000e+05 -6.721040000000000347e+00 -7.268839999999999968e+00 -7.855439999999999756e+00 -8.263370000000000104e+00 -8.635550000000000281e+00 -5.951050000000000395e+00 -7.227199999999999847e+00 -7.588390000000000413e+00 -7.962889999999999802e+00 -7.732859999999999623e+00 -5.808840000000000003e+00 -5.089349999999999596e+00 -5.794870000000000410e+00 -5.997429999999999595e+00 -5.546070000000000277e+00
1.550000000000000000e+05 -6.741150000000000198e+00 -7.289189999999999614e+00 -7.875969999999999693e+00 -8.284000000000000696e+00 -8.656259999999999621e+00 -5.971169999999999867e+00 -7.247489999999999988e+00 -7.608850000000000335e+00 -7.983559999999999768e+00 -7.753409999999999691e+00 -5.828319999999999723e+00 -5.108030000000000292e+00 -5.814350000000000129e+00 -6.017019999999999591e+00 -5.565279999999999561e+00
1.560000000000000000e+05 -6.761129999999999640e+00 -7.309400000000000119e+00 -7.896370000000000111e+00 -8.304500000000000881e+00 -8.676830000000000709e+00 -5.991159999999999819e+00 -7.267649999999999721e+00 -7.629179999999999851e+00 -8.004089999999999705e+00 -7.773830000000000240e+00 -5.847680000000000433e+00 -5.126610000000000333e+00 -5.833709999999999951e+00 -6.036489999999999689e+00 -5.584380000000000344e+00
1.570000000000000000e+05 -6.780990000000000073e+00 -7.329489999999999839e+00 -7.916640000000000121e+00 -8.324870000000000658e+00 -8.697279999999999234e+00 -6.011029999999999873e+00 -7.287689999999999557e+00 -7.649390000000000356e+00 -8.024490000000000123e+00 -7.794130000000000003e+00 -5.866929999999999978e+00 -5.145080000000000098e+00 -5.852960000000000385e+00 -6.055860000000000021e+00 -5.603369999999999962e+00
1.580000000000000000e+05 -6.800740000000000229e+00 -7.349459999999999660e+00 -7.936790000000000234e+00 -8.345119999999999649e+00 -8.717589999999999506e+00 -6.030789999999999651e+00 -7.307610000000000383e+00 -7.669469999999999565e+00 -8.044769999999999754e+00 -7.814300000000000246e+00 -5.886070000000000135e+00 -5.163450000000000095e+00 -5.872099999999999653e+00 -6.075099999999999945e+00 -5.622250000000000192e+00
1.590000000000000000e+05 -6.820359999999999978e+00 -7.369299999999999962e+00 -7.956819999999999560e+00 -8.365240000000000009e+00 -8.737790000000000390e+00 -6.050419999999999909e+00 -7.327410000000000423e+00 -7.689429999999999765e+00 -8.064920000000000755e+00 -7.834340000000000082e+00 -5.905090000000000394e+00 -5.181729999999999947e+00 -5.891119999999999912e+00 -6.094240000000000101e+00 -5.641020000000000145e+00
1.600000000000000000e+05 -6.839870000000000339e+00 -7.389029999999999987e+00 -7.976720000000000255e+00 -8.385229999999999961e+00 -8.757849999999999469e+00 -6.069939999999999891e+00 -7.347089999999999677e+00 -7.709259999999999557e+00 -8.084949999999999193e+00 -7.854269999999999641e+00 -5.924009999999999998e+00 -5.199900000000000411e+00 -5.910040000000000404e+00 -6.113260000000000360e+00 -5.659690000000000332e+00
1.610000000000000000e+05 -6.859270000000000422e+00 -7.408640000000000114e+00 -7.996509999999999785e+00 -8.405110000000000525e+00 -8.777799999999999159e+00 -6.089339999999999975e+00 -7.366660000000000430e+00 -7.728979999999999961e+00 -8.104850000000000776e+00 -7.874069999999999681e+00 -5.942820000000000213e+00 -5.217979999999999841e+00 -5.928849999999999731e+00 -6.132179999999999964e+00 -5.678259999999999863e+00
1.620000000000000000e+05 -6.878540000000000099e+00 -7.428130000000000344e+00 -8.016170000000000684e+00 -8.424870000000000303e+00 -8.797620000000000218e+00 -6.108629999999999782e+00 -7.386099999999999888e+00 -7.748579999999999579e+00 -8.124639999999999418e+00 -7.893749999999999822e+00 -5.961520000000000152e+00 -5.235960000000000392e+00 -5.947549999999999670e+00 -6.150979999999999670e+00 -5.696720000000000006e+00
1.630000000000000000e+05 -6.897710000000000008e+00 -7.447499999999999787e+00 -8.035719999999999530e+00 -8.444499999999999673e+00 -8.817320000000000491e+00 -6.127799999999999692e+00 -7.405429999999999957e+00 -7.768060000000000187e+00 -8.144299999999999429e+00 -7.913319999999999688e+00 -5.980120000000000324e+00 -5.253840000000000288e+00 -5.966149999999999842e+00 -6.169679999999999609e+00 -5.715069999999999872e+00
1.640000000000000000e+05 -6.916760000000000019e+00 -7.466759999999999842e+00 -8.055149999999999366e+00 -8.464019999999999655e+00 -8.836909999999999599e+00 -6.146860000000000213e+00 -7.424649999999999750e+00 -7.787429999999999630e+00 -8.163850000000000051e+00 -7.932760000000000034e+00 -5.998610000000000220e+00 -5.271620000000000417e+00 -5.984639999999999738e+00 -6.188279999999999781e+00 -5.733329999999999593e+00
1.650000000000000000e+05 -6.935710000000000264e+00 -7.485909999999999620e+00 -8.074460000000000193e+00 -8.483420000000000627e+00 -8.856379999999999697e+00 -6.165809999999999569e+00 -7.443749999999999645e+00 -7.806680000000000064e+00 -8.183279999999999887e+00 -7.952099999999999724e+00 -6.017000000000000348e+00 -5.289320000000000022e+00 -6.003029999999999866e+00 -6.206769999999999676e+00 -5.751490000000000435e+00
1.660000000000000000e+05 -6.954539999999999722e+00 -7.504950000000000010e+00 -8.093659999999999854e+00 -8.502710000000000434e+00 -8.875730000000000786e+00 -6.184650000000000425e+00 -7.462749999999999773e+00 -7.825820000000000221e+00 -8.202600000000000335e+00 -7.971309999999999896e+00 -6.035289999999999822e+00 -5.306919999999999860e+00 -6.021320000000000228e+00 -6.225150000000000183e+00 -5.769540000000000113e+00
1.670000000000000000e+05 -6.973270000000000302e+00 -7.523869999999999614e+00 -8.112750000000000128e+00 -8.521890000000000853e+00 -8.894970000000000709e+00 -6.203389999999999738e+00 -7.481630000000000003e+00 -7.844850000000000101e+00 -8.221799999999999997e+00 -7.990420000000000300e+00 -6.053469999999999906e+00 -5.324430000000000440e+00 -6.039500000000000313e+00 -6.243439999999999657e+00 -5.787499999999999645e+00
1.680000000000000000e+05 -6.991889999999999716e+00 -7.542690000000000339e+00 -8.131729999999999237e+00 -8.540950000000000486e+00 -8.914089999999999847e+00 -6.222019999999999662e+00 -7.500399999999999956e+00 -7.863760000000000083e+00 -8.240890000000000271e+00 -8.009420000000000428e+00 -6.071559999999999846e+00 -5.341840000000000366e+00 -6.057590000000000252e+00 -6.261619999999999742e+00 -5.805360000000000298e+00
1.690000000000000000e+05 -7.010399999999999743e+00 -7.561399999999999899e+00 -8.150600000000000733e+00 -8.559900000000000730e+00 -8.933109999999999218e+00 -6.240540000000000198e+00 -7.519070000000000142e+00 -7.882570000000000299e+00 -8.259859999999999758e+00 -8.028299999999999770e+00 -6.089540000000000397e+00 -5.359169999999999767e+00 -6.075580000000000425e+00 -6.279700000000000060e+00 -5.823129999999999917e+00
1.700000000000000000e+05 -7.028810000000000002e+00 -7.580000000000000071e+00 -8.169359999999999289e+00 -8.578739999999999810e+00 -8.952009999999999579e+00 -6.258960000000000079e+00 -7.537630000000000052e+00 -7.901270000000000238e+00 -8.278729999999999478e+00 -8.047079999999999345e+00 -6.107429999999999914e+00 -5.376409999999999911e+00 -6.093469999999999942e+00 -6.297690000000000232e+00 -5.840799999999999770e+00
1.710000000000000000e+05 -7.047119999999999607e+00 -7.598499999999999588e+00 -8.188010000000000232e+00 -8.597469999999999501e+00 -8.970800000000000551e+00 -6.277269999999999683e+00 -7.556090000000000195e+00 -7.919859999999999900e+00 -8.297489999999999810e+00 -8.065739999999999910e+00 -6.125230000000000175e+00 -5.393550000000000288e+00 -6.111259999999999692e+00 -6.315570000000000128e+00 -5.858380000000000365e+00
1.720000000000000000e+05 -7.065330000000000332e+00 -7.616889999999999716e+00 -8.206559999999999633e+00 -8.616099999999999426e+00 -8.989489999999999981e+00 -6.295480000000000409e+00 -7.574440000000000062e+00 -7.938349999999999795e+00 -8.316140000000000754e+00 -8.084310000000000329e+00 -6.142920000000000158e+00 -5.410610000000000142e+00 -6.128960000000000186e+00 -6.333359999999999879e+00 -5.875860000000000305e+00
1.730000000000000000e+05 -7.083429999999999893e+00 -7.635180000000000078e+00 -8.224999999999999645e+00 -8.634619999999999962e+00 -9.008070000000000022e+00 -6.313589999999999591e+00 -7.592690000000000161e+00 -7.956739999999999924e+00 -8.334690000000000154e+00 -8.102759999999999962e+00 -6.160529999999999617e+00 -5.427590000000000359e+00 -6.146560000000000024e+00 -6.351049999999999862e+00 -5.893250000000000099e+00
1.740000000000000000e+05 -7.101429999999999687e+00 -7.653369999999999784e+00 -8.243330000000000268e+00 -8.653040000000000731e+00 -9.026550000000000296e+00 -6.331599999999999895e+00 -7.610839999999999606e+00 -7.975019999999999776e+00 -8.353130000000000166e+00 -8.121119999999999450e+00 -6.178029999999999688e+00 -5.444469999999999921e+00 -6.164069999999999716e+00 -6.368649999999999700e+00 -5.910549999999999748e+00
1.750000000000000000e+05 -7.119340000000000224e+00 -7.671450000000000102e+00 -8.261570000000000746e+00 -8.671350000000000335e+00 -9.044919999999999405e+00 -6.349520000000000053e+00 -7.628890000000000171e+00 -7.993199999999999861e+00 -8.371470000000000411e+00 -8.139369999999999550e+00 -6.195450000000000124e+00 -5.461280000000000356e+00 -6.181490000000000151e+00 -6.386160000000000281e+00 -5.927760000000000140e+00
1.760000000000000000e+05 -7.137150000000000105e+00 -7.689440000000000275e+00 -8.279700000000000060e+00 -8.689560000000000173e+00 -9.063179999999999126e+00 -6.367329999999999934e+00 -7.646840000000000082e+00 -8.011269999999999669e+00 -8.389699999999999491e+00 -8.157519999999999882e+00 -6.212769999999999904e+00 -5.477990000000000137e+00 -6.198809999999999931e+00 -6.403570000000000206e+00 -5.944890000000000008e+00
1.770000000000000000e+05 -7.154860000000000220e+00 -7.707329999999999792e+00 -8.297739999999999227e+00 -8.707670000000000243e+00 -9.081350000000000477e+00 -6.385049999999999670e+00 -7.664690000000000225e+00 -8.029249999999999332e+00 -8.407840000000000202e+00 -8.175560000000000827e+00 -6.230010000000000048e+00 -5.494629999999999903e+00 -6.216039999999999566e+00 -6.420889999999999986e+00 -5.961920000000000108e+00
1.780000000000000000e+05 -7.172480000000000189e+00 -7.725120000000000431e+00 -8.315670000000000783e+00 -8.725680000000000547e+00 -9.099410000000000664e+00 -6.402669999999999639e+00 -7.682439999999999714e+00 -8.047129999999999228e+00 -8.425869999999999749e+00 -8.193509999999999849e+00 -6.247150000000000425e+00 -5.511180000000000412e+00 -6.233189999999999564e+00 -6.438119999999999621e+00 -5.978860000000000063e+00
1.790000000000000000e+05 -7.190000000000000391e+00 -7.742810000000000414e+00 -8.333510000000000417e+00 -8.743589999999999307e+00 -9.117380000000000706e+00 -6.420200000000000351e+00 -7.700099999999999945e+00 -8.064909999999999357e+00 -8.443799999999999528e+00 -8.211360000000000881e+00 -6.264210000000000278e+00 -5.527650000000000396e+00 -6.250239999999999796e+00 -6.455250000000000377e+00 -5.995720000000000383e+00
1.800000000000000000e+05 -7.207429999999999559e+00 -7.760410000000000252e+00 -8.351240000000000663e+00 -8.761400000000000077e+00 -9.135249999999999204e+00 -6.437640000000000029e+00 -7.717660000000000409e+00 -8.082599999999999341e+00 -8.461639999999999162e+00 -8.229119999999999990e+00 -6.281170000000000364e+00 -5.544039999999999857e+00 -6.267210000000000392e+00 -6.472299999999999720e+00 -6.012500000000000178e+00
1.810000000000000000e+05 -7.224759999999999849e+00 -7.777919999999999945e+00 -8.368890000000000384e+00 -8.779120000000000701e+00 -9.153019999999999712e+00 -6.454979999999999940e+00 -7.735129999999999839e+00 -8.100189999999999557e+00 -8.479380000000000805e+00 -8.246779999999999333e+00 -6.298049999999999926e+00 -5.560349999999999682e+00 -6.284089999999999954e+00 -6.489259999999999806e+00 -6.029180000000000206e+00
1.820000000000000000e+05 -7.242009999999999614e+00 -7.795329999999999870e+00 -8.386430000000000717e+00 -8.796739999999999782e+00 -9.170690000000000452e+00 -6.472229999999999706e+00 -7.752510000000000012e+00 -8.117689999999999628e+00 -8.497019999999999129e+00 -8.264340000000000686e+00 -6.314840000000000231e+00 -5.576579999999999870e+00 -6.300880000000000258e+00 -6.506140000000000256e+00 -6.045790000000000219e+00
1.830000000000000000e+05 -7.259159999999999613e+00 -7.812649999999999650e+00 -8.403890000000000526e+00 -8.814260000000000872e+00 -9.188269999999999271e+00 -6.489390000000000214e+00 -7.769790000000000418e+00 -8.135089999999999932e+00 -8.514570000000000860e+00 -8.281810000000000116e+00 -6.331550000000000011e+00 -5.592730000000000423e+00 -6.317590000000000039e+00 -6.522920000000000051e+00 -6.062310000000000088e+00
1.840000000000000000e+05 -7.276229999999999976e+00 -7.829869999999999663e+00 -8.421250000000000568e+00 -8.831690000000000040e+00 -9.205750000000000099e+00 -6.506459999999999688e+00 -7.786979999999999791e+00 -8.152400000000000091e+00 -8.532019999999999271e+00 -8.299179999999999779e+00 -6.348169999999999646e+00 -5.608799999999999564e+00 -6.334209999999999674e+00 -6.539629999999999832e+00 -6.078750000000000320e+00
1.850000000000000000e+05 -7.293199999999999683e+00 -7.847010000000000041e+00 -8.438520000000000465e+00 -8.849030000000000840e+00 -9.223140000000000782e+00 -6.523439999999999905e+00 -7.804090000000000416e+00 -8.169620000000000104e+00 -8.549379999999999313e+00 -8.316459999999999297e+00 -6.364709999999999646e+00 -5.624789999999999957e+00 -6.350749999999999673e+00 -6.556239999999999846e+00 -6.095100000000000406e+00
1.860000000000000000e+05 -7.310089999999999755e+00 -7.864060000000000272e+00 -8.455700000000000216e+00 -8.866279999999999717e+00 -9.240439999999999543e+00 -6.540339999999999598e+00 -7.821100000000000385e+00 -8.186749999999999972e+00 -8.566649999999999210e+00 -8.333660000000000068e+00 -6.381170000000000009e+00 -5.640710000000000335e+00 -6.367210000000000036e+00 -6.572779999999999845e+00 -6.111379999999999590e+00
1.870000000000000000e+05 -7.326889999999999681e+00 -7.881020000000000358e+00 -8.472780000000000200e+00 -8.883430000000000604e+00 -9.257649999999999935e+00 -6.557150000000000034e+00 -7.838029999999999831e+00 -8.203789999999999694e+00 -8.583830000000000737e+00 -8.350759999999999295e+00 -6.397549999999999848e+00 -5.656550000000000189e+00 -6.383580000000000254e+00 -6.589229999999999698e+00 -6.127570000000000405e+00
1.880000000000000000e+05 -7.343609999999999971e+00 -7.897890000000000299e+00 -8.489779999999999660e+00 -8.900499999999999190e+00 -9.274760000000000559e+00 -6.573870000000000324e+00 -7.854860000000000397e+00 -8.220739999999999270e+00 -8.600920000000000343e+00 -8.367770000000000152e+00 -6.413840000000000430e+00 -5.672320000000000029e+00 -6.399879999999999569e+00 -6.605599999999999916e+00 -6.143690000000000317e+00
1.890000000000000000e+05 -7.360240000000000116e+00 -7.914670000000000094e+00 -8.506690000000000751e+00 -8.917479999999999407e+00 -9.291790000000000660e+00 -6.590499999999999581e+00 -7.871620000000000061e+00 -8.237600000000000477e+00 -8.617910000000000181e+00 -8.384690000000000865e+00 -6.430049999999999599e+00 -5.688010000000000232e+00 -6.416089999999999627e+00 -6.621879999999999988e+00 -6.159729999999999706e+00
1.900000000000000000e+05 -7.376780000000000115e+00 -7.931370000000000253e+00 -8.523519999999999541e+00 -8.934369999999999479e+00 -9.308730000000000615e+00 -6.607059999999999711e+00 -7.888279999999999959e+00 -8.254379999999999384e+00 -8.634819999999999496e+00 -8.401529999999999276e+00 -6.446180000000000021e+00 -5.703630000000000422e+00 -6.432220000000000049e+00 -6.638090000000000046e+00 -6.175690000000000346e+00
1.910000000000000000e+05 -7.393250000000000099e+00 -7.947980000000000267e+00 -8.540250000000000341e+00 -8.951169999999999405e+00 -9.325580000000000425e+00 -6.623520000000000074e+00 -7.904860000000000220e+00 -8.271069999999999922e+00 -8.651650000000000063e+00 -8.418279999999999319e+00 -6.462240000000000428e+00 -5.719179999999999708e+00 -6.448279999999999568e+00 -6.654219999999999580e+00 -6.191569999999999574e+00
1.920000000000000000e+05 -7.409629999999999939e+00 -7.964509999999999756e+00 -8.556910000000000238e+00 -8.967879999999999185e+00 -9.342340000000000089e+00 -6.639910000000000423e+00 -7.921359999999999957e+00 -8.287670000000000314e+00 -8.668380000000000862e+00 -8.434950000000000614e+00 -6.478209999999999802e+00 -5.734650000000000247e+00 -6.464249999999999829e+00 -6.670259999999999856e+00 -6.207379999999999676e+00
1.930000000000000000e+05 -7.425919999999999632e+00 -7.980959999999999610e+00 -8.573470000000000368e+00 -8.984510000000000218e+00 -9.359019999999999229e+00 -6.656209999999999738e+00 -7.937770000000000437e+00 -8.304190000000000182e+00 -8.685029999999999362e+00 -8.451529999999999987e+00 -6.494110000000000049e+00 -5.750049999999999883e+00 -6.480150000000000077e+00 -6.686230000000000118e+00 -6.223110000000000142e+00
1.940000000000000000e+05 -7.442140000000000200e+00 -7.997320000000000206e+00 -8.589959999999999596e+00 -9.001060000000000727e+00 -9.375609999999999999e+00 -6.672439999999999927e+00 -7.954110000000000014e+00 -8.320629999999999526e+00 -8.701599999999999113e+00 -8.468019999999999214e+00 -6.509940000000000282e+00 -5.765380000000000393e+00 -6.495980000000000310e+00 -6.702130000000000365e+00 -6.238769999999999705e+00
1.950000000000000000e+05 -7.458280000000000243e+00 -8.013600000000000279e+00 -8.606360000000000454e+00 -9.017519999999999314e+00 -9.392120000000000246e+00 -6.688579999999999970e+00 -7.970360000000000333e+00 -8.336990000000000123e+00 -8.718080000000000496e+00 -8.484429999999999694e+00 -6.525680000000000369e+00 -5.780640000000000001e+00 -6.511720000000000397e+00 -6.717939999999999579e+00 -6.254349999999999632e+00
1.960000000000000000e+05 -7.474339999999999762e+00 -8.029809999999999448e+00 -8.622669999999999391e+00 -9.033899999999999153e+00 -9.408549999999999969e+00 -6.704640000000000377e+00 -7.986530000000000129e+00 -8.353260000000000574e+00 -8.734479999999999578e+00 -8.500759999999999650e+00 -6.541350000000000442e+00 -5.795829999999999593e+00 -6.527389999999999581e+00 -6.733679999999999666e+00 -6.269860000000000433e+00
1.970000000000000000e+05 -7.490319999999999645e+00 -8.045930000000000248e+00 -8.638909999999999201e+00 -9.050200000000000244e+00 -9.424889999999999546e+00 -6.720629999999999882e+00 -8.002620000000000289e+00 -8.369450000000000500e+00 -8.750799999999999912e+00 -8.517010000000000858e+00 -6.556949999999999612e+00 -5.810950000000000060e+00 -6.542989999999999640e+00 -6.749349999999999739e+00 -6.285300000000000331e+00
1.980000000000000000e+05 -7.506219999999999892e+00 -8.061970000000000525e+00 -8.655070000000000263e+00 -9.066420000000000812e+00 -9.441150000000000375e+00 -6.736530000000000129e+00 -8.018629999999999924e+00 -8.385569999999999524e+00 -8.767039999999999722e+00 -8.533179999999999765e+00 -6.572470000000000034e+00 -5.825999999999999623e+00 -6.558510000000000062e+00 -6.764940000000000175e+00 -6.300659999999999705e+00
1.990000000000000000e+05 -7.522039999999999615e+00 -8.077930000000000277e+00 -8.671150000000000801e+00 -9.082549999999999457e+00 -9.457330000000000680e+00 -6.752360000000000362e+00 -8.034560000000000812e+00 -8.401600000000000179e+00 -8.783189999999999387e+00 -8.549269999999999925e+00 -6.587920000000000442e+00 -5.840980000000000061e+00 -6.573959999999999582e+00 -6.780450000000000088e+00 -6.315959999999999575e+00
2.000000000000000000e+05 -7.537790000000000212e+00 -8.093819999999999126e+00 -8.687139999999999418e+00 -9.098610000000000753e+00 -9.473440000000000083e+00 -6.768119999999999692e+00 -8.050420000000000798e+00 -8.417559999999999931e+00 -8.799269999999999925e+00 -8.565279999999999561e+00 -6.603299999999999947e+00 -5.855900000000000105e+00 -6.589339999999999975e+00 -6.795899999999999608e+00 -6.331179999999999808e+00
2.010000000000000000e+05 -7.553460000000000285e+00 -8.109619999999999607e+00 -8.703060000000000684e+00 -9.114589999999999748e+00 -9.489459999999999340e+00 -6.783789999999999765e+00 -8.066200000000000259e+00 -8.433429999999999538e+00 -8.815269999999999939e+00 -8.581210000000000448e+00 -6.618599999999999817e+00 -5.870750000000000135e+00 -6.604650000000000354e+00 -6.811270000000000380e+00 -6.346330000000000027e+00
2.020000000000000000e+05 -7.569060000000000343e+00 -8.125360000000000582e+00 -8.718909999999999272e+00 -9.130489999999999995e+00 -9.505399999999999849e+00 -6.799400000000000333e+00 -8.081899999999999196e+00 -8.449230000000000018e+00 -8.831179999999999808e+00 -8.597070000000000434e+00 -6.633840000000000181e+00 -5.885530000000000150e+00 -6.619880000000000209e+00 -6.826559999999999739e+00 -6.361410000000000231e+00
2.030000000000000000e+05 -7.584579999999999878e+00 -8.141009999999999636e+00 -8.734669999999999490e+00 -9.146309999999999718e+00 -9.521269999999999456e+00 -6.814930000000000376e+00 -8.097530000000000783e+00 -8.464959999999999596e+00 -8.847030000000000172e+00 -8.612840000000000273e+00 -6.649000000000000021e+00 -5.900249999999999773e+00 -6.635049999999999670e+00 -6.841789999999999594e+00 -6.376430000000000042e+00
2.040000000000000000e+05 -7.600030000000000285e+00 -8.156589999999999563e+00 -8.750360000000000582e+00 -9.162060000000000315e+00 -9.537060000000000315e+00 -6.830379999999999896e+00 -8.113089999999999691e+00 -8.480610000000000426e+00 -8.862790000000000390e+00 -8.628550000000000608e+00 -6.664100000000000357e+00 -5.914900000000000269e+00 -6.650140000000000384e+00 -6.856950000000000323e+00 -6.391370000000000218e+00
2.050000000000000000e+05 -7.615409999999999791e+00 -8.172100000000000364e+00 -8.765980000000000771e+00 -9.177730000000000388e+00 -9.552770000000000650e+00 -6.845760000000000289e+00 -8.128569999999999851e+00 -8.496180000000000732e+00 -8.878479999999999706e+00 -8.644170000000000798e+00 -6.679120000000000168e+00 -5.929479999999999862e+00 -6.665169999999999817e+00 -6.872040000000000148e+00 -6.406250000000000000e+00
2.060000000000000000e+05 -7.630720000000000169e+00 -8.187540000000000262e+00 -8.781520000000000437e+00 -9.193329999999999558e+00 -9.568410000000000082e+00 -6.861069999999999780e+00 -8.143969999999999487e+00 -8.511680000000000135e+00 -8.894090000000000273e+00 -8.659720000000000084e+00 -6.694079999999999586e+00 -5.944009999999999572e+00 -6.680119999999999614e+00 -6.887050000000000338e+00 -6.421059999999999768e+00
2.070000000000000000e+05 -7.645950000000000024e+00 -8.202899999999999636e+00 -8.796979999999999578e+00 -9.208849999999999980e+00 -9.583970000000000766e+00 -6.876310000000000144e+00 -8.159309999999999619e+00 -8.527110000000000412e+00 -8.909629999999999939e+00 -8.675200000000000244e+00 -6.708969999999999878e+00 -5.958470000000000155e+00 -6.695009999999999906e+00 -6.902000000000000135e+00 -6.435800000000000409e+00
2.080000000000000000e+05 -7.661109999999999864e+00 -8.218189999999999884e+00 -8.812379999999999214e+00 -9.224299999999999500e+00 -9.599460000000000548e+00 -6.891479999999999606e+00 -8.174569999999999226e+00 -8.542460000000000164e+00 -8.925100000000000477e+00 -8.690609999999999502e+00 -6.723790000000000155e+00 -5.972859999999999836e+00 -6.709830000000000183e+00 -6.916890000000000427e+00 -6.450479999999999769e+00
2.090000000000000000e+05 -7.676210000000000200e+00 -8.233409999999999229e+00 -8.827700000000000102e+00 -9.239670000000000272e+00 -9.614879999999999427e+00 -6.906579999999999941e+00 -8.189759999999999707e+00 -8.557750000000000412e+00 -8.940490000000000492e+00 -8.705940000000000012e+00 -6.738540000000000418e+00 -5.987199999999999633e+00 -6.724590000000000067e+00 -6.931700000000000195e+00 -6.465099999999999625e+00
2.100000000000000000e+05 -7.691230000000000011e+00 -8.248549999999999827e+00 -8.842950000000000088e+00 -9.254979999999999762e+00 -9.630219999999999558e+00 -6.921610000000000262e+00 -8.204879999999999285e+00 -8.572960000000000136e+00 -8.955809999999999604e+00 -8.721199999999999619e+00 -6.753230000000000288e+00 -6.001470000000000304e+00 -6.739279999999999937e+00 -6.946449999999999569e+00 -6.479639999999999844e+00
2.110000000000000000e+05 -7.706190000000000317e+00 -8.263629999999999143e+00 -8.858129999999999171e+00 -9.270210000000000505e+00 -9.645490000000000563e+00 -6.936569999999999681e+00 -8.219929999999999737e+00 -8.588100000000000733e+00 -8.971059999999999590e+00 -8.736390000000000100e+00 -6.767850000000000144e+00 -6.015679999999999694e+00 -6.753899999999999793e+00 -6.961129999999999818e+00 -6.494130000000000180e+00
2.120000000000000000e+05 -7.721070000000000100e+00 -8.278639999999999333e+00 -8.873229999999999507e+00 -9.285370000000000346e+00 -9.660690000000000666e+00 -6.951459999999999972e+00 -8.234920000000000684e+00 -8.603170000000000428e+00 -8.986240000000000450e+00 -8.751509999999999678e+00 -6.782409999999999606e+00 -6.029829999999999579e+00 -6.768460000000000143e+00 -6.975749999999999673e+00 -6.508549999999999613e+00
2.130000000000000000e+05 -7.735890000000000377e+00 -8.293580000000000396e+00 -8.888270000000000337e+00 -9.300459999999999283e+00 -9.675819999999999865e+00 -6.966280000000000250e+00 -8.249829999999999330e+00 -8.618169999999999220e+00 -9.001340000000000785e+00 -8.766550000000000509e+00 -6.796909999999999563e+00 -6.043919999999999959e+00 -6.782949999999999591e+00 -6.990300000000000402e+00 -6.522910000000000430e+00
2.140000000000000000e+05 -7.750639999999999752e+00 -8.308450000000000557e+00 -8.903240000000000265e+00 -9.315480000000000871e+00 -9.690879999999999939e+00 -6.981040000000000134e+00 -8.264680000000000248e+00 -8.633100000000000662e+00 -9.016379999999999839e+00 -8.781530000000000058e+00 -6.811340000000000394e+00 -6.057949999999999946e+00 -6.797380000000000422e+00 -7.004780000000000229e+00 -6.537200000000000344e+00
2.150000000000000000e+05 -7.765329999999999622e+00 -8.323249999999999815e+00 -8.918139999999999290e+00 -9.330429999999999779e+00 -9.705870000000000886e+00 -6.995730000000000004e+00 -8.279450000000000642e+00 -8.647970000000000823e+00 -9.031349999999999767e+00 -8.796450000000000102e+00 -6.825700000000000323e+00 -6.071920000000000428e+00 -6.811749999999999972e+00 -7.019210000000000171e+00 -6.551440000000000374e+00
2.160000000000000000e+05 -7.779950000000000365e+00 -8.337989999999999569e+00 -8.932969999999999189e+00 -9.345319999999999183e+00 -9.720789999999999154e+00 -7.010349999999999859e+00 -8.294169999999999376e+00 -8.662760000000000460e+00 -9.046250000000000568e+00 -8.811289999999999623e+00 -6.840010000000000367e+00 -6.085829999999999629e+00 -6.826050000000000395e+00 -7.033570000000000100e+00 -6.565610000000000390e+00
2.170000000000000000e+05 -7.794500000000000206e+00 -8.352660000000000196e+00 -8.947739999999999583e+00 -9.360129999999999839e+00 -9.735640000000000072e+00 -7.024910000000000210e+00 -8.308809999999999363e+00 -8.677490000000000592e+00 -9.061080000000000467e+00 -8.826060000000000016e+00 -6.854250000000000398e+00 -6.099689999999999834e+00 -6.840300000000000047e+00 -7.047860000000000014e+00 -6.579720000000000013e+00
2.180000000000000000e+05 -7.808989999999999654e+00 -8.367269999999999541e+00 -8.962440000000000850e+00 -9.374879999999999214e+00 -9.750429999999999708e+00 -7.039410000000000167e+00 -8.323389999999999844e+00 -8.692159999999999442e+00 -9.075850000000000861e+00 -8.840769999999999129e+00 -6.868430000000000035e+00 -6.113480000000000025e+00 -6.854479999999999684e+00 -7.062100000000000044e+00 -6.593770000000000131e+00
2.190000000000000000e+05 -7.823419999999999597e+00 -8.381809999999999761e+00 -8.977069999999999439e+00 -9.389559999999999462e+00 -9.765150000000000219e+00 -7.053840000000000110e+00 -8.337910000000000821e+00 -8.706749999999999545e+00 -9.090550000000000352e+00 -8.855420000000000513e+00 -6.882550000000000168e+00 -6.127220000000000333e+00 -6.868590000000000195e+00 -7.076270000000000060e+00 -6.607759999999999856e+00
2.200000000000000000e+05 -7.837780000000000413e+00 -8.396280000000000854e+00 -8.991640000000000299e+00 -9.404180000000000206e+00 -9.779799999999999827e+00 -7.068200000000000038e+00 -8.352359999999999118e+00 -8.721289999999999765e+00 -9.105180000000000717e+00 -8.869989999999999597e+00 -6.896600000000000286e+00 -6.140900000000000247e+00 -6.882649999999999935e+00 -7.090379999999999683e+00 -6.621690000000000076e+00
2.210000000000000000e+05 -7.852079999999999949e+00 -8.410690000000000666e+00 -9.006140000000000256e+00 -9.418730000000000047e+00 -9.794389999999999930e+00 -7.082510000000000083e+00 -8.366749999999999687e+00 -8.735760000000000858e+00 -9.119740000000000180e+00 -8.884510000000000574e+00 -6.910599999999999632e+00 -6.154519999999999769e+00 -6.896650000000000169e+00 -7.104429999999999801e+00 -6.635570000000000412e+00
2.220000000000000000e+05 -7.866319999999999979e+00 -8.425039999999999196e+00 -9.020580000000000709e+00 -9.433220000000000383e+00 -9.808909999999999130e+00 -7.096750000000000114e+00 -8.381069999999999354e+00 -8.750159999999999272e+00 -9.134249999999999758e+00 -8.898960000000000647e+00 -6.924540000000000362e+00 -6.168090000000000295e+00 -6.910590000000000011e+00 -7.118430000000000035e+00 -6.649379999999999846e+00
2.230000000000000000e+05 -7.880489999999999995e+00 -8.439320000000000377e+00 -9.034959999999999880e+00 -9.447639999999999816e+00 -9.823370000000000601e+00 -7.110929999999999751e+00 -8.395329999999999515e+00 -8.764499999999999957e+00 -9.148680000000000589e+00 -8.913339999999999819e+00 -6.938419999999999810e+00 -6.181610000000000049e+00 -6.924470000000000347e+00 -7.132360000000000255e+00 -6.663140000000000285e+00
2.240000000000000000e+05 -7.894610000000000127e+00 -8.453549999999999898e+00 -9.049269999999999925e+00 -9.461999999999999744e+00 -9.837759999999999394e+00 -7.125049999999999883e+00 -8.409530000000000172e+00 -8.778779999999999362e+00 -9.163059999999999761e+00 -8.927659999999999485e+00 -6.952239999999999753e+00 -6.195059999999999789e+00 -6.938290000000000290e+00 -7.146230000000000082e+00 -6.676829999999999821e+00
2.250000000000000000e+05 -7.908660000000000245e+00 -8.467710000000000292e+00 -9.063520000000000465e+00 -9.476300000000000168e+00 -9.852100000000000080e+00 -7.139100000000000001e+00 -8.423669999999999547e+00 -8.792999999999999261e+00 -9.177369999999999806e+00 -8.941919999999999646e+00 -6.966009999999999813e+00 -6.208470000000000155e+00 -6.952060000000000350e+00 -7.160040000000000404e+00 -6.690479999999999983e+00
2.260000000000000000e+05 -7.922659999999999592e+00 -8.481809999999999405e+00 -9.077709999999999724e+00 -9.490529999999999688e+00 -9.866360000000000241e+00 -7.153100000000000236e+00 -8.437749999999999417e+00 -8.807150000000000034e+00 -9.191620000000000346e+00 -8.956120000000000303e+00 -6.979709999999999859e+00 -6.221820000000000128e+00 -6.965760000000000396e+00 -7.173799999999999955e+00 -6.704060000000000130e+00
2.270000000000000000e+05 -7.936589999999999812e+00 -8.495850000000000790e+00 -9.091829999999999856e+00 -9.504699999999999704e+00 -9.880570000000000519e+00 -7.167040000000000077e+00 -8.451760000000000161e+00 -8.821239999999999526e+00 -9.205799999999999983e+00 -8.970250000000000057e+00 -6.993360000000000021e+00 -6.235109999999999708e+00 -6.979409999999999670e+00 -7.187500000000000000e+00 -6.717590000000000394e+00
2.280000000000000000e+05 -7.950459999999999638e+00 -8.509829999999999117e+00 -9.105900000000000105e+00 -9.518810000000000215e+00 -9.894709999999999894e+00 -7.180920000000000414e+00 -8.465719999999999246e+00 -8.835279999999999134e+00 -9.219929999999999737e+00 -8.984329999999999927e+00 -7.006949999999999790e+00 -6.248350000000000293e+00 -6.993000000000000327e+00 -7.201139999999999652e+00 -6.731069999999999887e+00
2.290000000000000000e+05 -7.964279999999999582e+00 -8.523749999999999716e+00 -9.119899999999999451e+00 -9.532859999999999445e+00 -9.908799999999999386e+00 -7.194740000000000357e+00 -8.479620000000000601e+00 -8.849249999999999616e+00 -9.233990000000000364e+00 -8.998340000000000671e+00 -7.020489999999999675e+00 -6.261540000000000106e+00 -7.006540000000000212e+00 -7.214730000000000310e+00 -6.744480000000000253e+00
2.300000000000000000e+05 -7.978040000000000020e+00 -8.537610000000000809e+00 -9.133850000000000691e+00 -9.546849999999999170e+00 -9.922819999999999752e+00 -7.208499999999999908e+00 -8.493460000000000676e+00 -8.863160000000000593e+00 -9.247999999999999332e+00 -9.012290000000000134e+00 -7.033970000000000056e+00 -6.274680000000000035e+00 -7.020019999999999705e+00 -7.228250000000000064e+00 -6.757850000000000357e+00
2.310000000000000000e+05 -7.991729999999999556e+00 -8.551410000000000622e+00 -9.147729999999999251e+00 -9.560779999999999390e+00 -9.936780000000000612e+00 -7.222199999999999953e+00 -8.507239999999999469e+00 -8.877010000000000289e+00 -9.261939999999999173e+00 -9.026189999999999714e+00 -7.047390000000000043e+00 -6.287759999999999572e+00 -7.033439999999999692e+00 -7.241729999999999556e+00 -6.771160000000000068e+00
2.320000000000000000e+05 -8.005380000000000607e+00 -8.565149999999999153e+00 -9.161559999999999704e+00 -9.574650000000000105e+00 -9.950680000000000192e+00 -7.235850000000000115e+00 -8.520960000000000534e+00 -8.890810000000000102e+00 -9.275819999999999510e+00 -9.040020000000000167e+00 -7.060760000000000147e+00 -6.300799999999999734e+00 -7.046809999999999796e+00 -7.255139999999999922e+00 -6.784410000000000274e+00
2.330000000000000000e+05 -8.018959999999999866e+00 -8.578839999999999577e+00 -9.175330000000000652e+00 -9.588459999999999539e+00 -9.964529999999999887e+00 -7.249430000000000263e+00 -8.534620000000000317e+00 -8.904550000000000409e+00 -9.289649999999999963e+00 -9.053800000000000736e+00 -7.074080000000000368e+00 -6.313780000000000392e+00 -7.060130000000000017e+00 -7.268510000000000026e+00 -6.797620000000000218e+00
2.340000000000000000e+05 -8.032489999999999242e+00 -8.592460000000000875e+00 -9.189040000000000319e+00 -9.602209999999999468e+00 -9.978310000000000457e+00 -7.262970000000000148e+00 -8.548230000000000217e+00 -8.918219999999999814e+00 -9.303419999999999135e+00 -9.067520000000000024e+00 -7.087340000000000195e+00 -6.326710000000000278e+00 -7.073389999999999844e+00 -7.281819999999999737e+00 -6.810769999999999769e+00
2.350000000000000000e+05 -8.045959999999999113e+00 -8.606040000000000134e+00 -9.202690000000000481e+00 -9.615909999999999513e+00 -9.992039999999999367e+00 -7.276440000000000019e+00 -8.561780000000000612e+00 -8.931850000000000733e+00 -9.317119999999999180e+00 -9.081179999999999808e+00 -7.100539999999999630e+00 -6.339590000000000281e+00 -7.086599999999999788e+00 -7.295069999999999943e+00 -6.823859999999999815e+00
2.360000000000000000e+05 -8.059380000000000877e+00 -8.619550000000000267e+00 -9.216290000000000759e+00 -9.629550000000000054e+00 -1.000569999999999915e+01 -7.289869999999999628e+00 -8.575269999999999726e+00 -8.945410000000000750e+00 -9.330780000000000740e+00 -9.094780000000000086e+00 -7.113699999999999690e+00 -6.352420000000000400e+00 -7.099750000000000227e+00 -7.308270000000000266e+00 -6.836909999999999599e+00
2.370000000000000000e+05 -8.072749999999999204e+00 -8.633010000000000517e+00 -9.229820000000000135e+00 -9.643129999999999313e+00 -1.001929999999999943e+01 -7.303230000000000111e+00 -8.588710000000000733e+00 -8.958920000000000883e+00 -9.344369999999999621e+00 -9.108330000000000481e+00 -7.126800000000000246e+00 -6.365199999999999747e+00 -7.112860000000000404e+00 -7.321419999999999817e+00 -6.849899999999999878e+00
2.380000000000000000e+05 -8.086050000000000182e+00 -8.646409999999999485e+00 -9.243309999999999249e+00 -9.656650000000000844e+00 -1.003289999999999971e+01 -7.316539999999999822e+00 -8.602100000000000080e+00 -8.972369999999999735e+00 -9.357910000000000394e+00 -9.121819999999999595e+00 -7.139850000000000030e+00 -6.377930000000000099e+00 -7.125910000000000188e+00 -7.334509999999999863e+00 -6.862849999999999895e+00
2.390000000000000000e+05 -8.099309999999999121e+00 -8.659760000000000346e+00 -9.256740000000000634e+00 -9.670120000000000715e+00 -1.004640000000000022e+01 -7.329799999999999649e+00 -8.615429999999999922e+00 -8.985770000000000479e+00 -9.371389999999999887e+00 -9.135260000000000602e+00 -7.152849999999999930e+00 -6.390609999999999680e+00 -7.138899999999999579e+00 -7.347559999999999647e+00 -6.875740000000000407e+00
2.400000000000000000e+05 -8.112510000000000332e+00 -8.673059999999999548e+00 -9.270110000000000738e+00 -9.683540000000000703e+00 -1.005979999999999919e+01 -7.343009999999999593e+00 -8.628700000000000259e+00 -8.999119999999999564e+00 -9.384819999999999496e+00 -9.148640000000000327e+00 -7.165799999999999947e+00 -6.403240000000000265e+00 -7.151849999999999596e+00 -7.360549999999999926e+00 -6.888580000000000148e+00
2.410000000000000000e+05 -8.125659999999999883e+00 -8.686299999999999244e+00 -9.283429999999999183e+00 -9.696889999999999787e+00 -1.007319999999999993e+01 -7.356160000000000032e+00 -8.641920000000000712e+00 -9.012399999999999523e+00 -9.398189999999999600e+00 -9.161970000000000169e+00 -7.178689999999999571e+00 -6.415820000000000078e+00 -7.164749999999999730e+00 -7.373490000000000322e+00 -6.901370000000000005e+00
2.420000000000000000e+05 -8.138749999999999929e+00 -8.699490000000000833e+00 -9.296689999999999898e+00 -9.710200000000000387e+00 -1.008649999999999913e+01 -7.369259999999999700e+00 -8.655089999999999506e+00 -9.025639999999999219e+00 -9.411500000000000199e+00 -9.175240000000000506e+00 -7.191539999999999822e+00 -6.428359999999999630e+00 -7.177590000000000359e+00 -7.386379999999999946e+00 -6.914109999999999978e+00
2.430000000000000000e+05 -8.151790000000000092e+00 -8.712619999999999365e+00 -9.309900000000000730e+00 -9.723449999999999704e+00 -1.009980000000000011e+01 -7.382299999999999862e+00 -8.668200000000000571e+00 -9.038819999999999411e+00 -9.424770000000000536e+00 -9.188459999999999184e+00 -7.204329999999999679e+00 -6.440850000000000186e+00 -7.190389999999999837e+00 -7.399219999999999686e+00 -6.926800000000000068e+00
2.440000000000000000e+05 -8.164780000000000371e+00 -8.725699999999999790e+00 -9.323059999999999903e+00 -9.736639999999999517e+00 -1.011299999999999955e+01 -7.395299999999999763e+00 -8.681269999999999598e+00 -9.051949999999999719e+00 -9.437979999999999592e+00 -9.201620000000000132e+00 -7.217080000000000162e+00 -6.453289999999999971e+00 -7.203129999999999811e+00 -7.411999999999999922e+00 -6.939440000000000275e+00
2.450000000000000000e+05 -8.177720000000000766e+00 -8.738730000000000331e+00 -9.336159999999999570e+00 -9.749790000000000845e+00 -1.012620000000000076e+01 -7.408240000000000158e+00 -8.694279999999999120e+00 -9.065020000000000522e+00 -9.451129999999999143e+00 -9.214729999999999421e+00 -7.229770000000000252e+00 -6.465690000000000381e+00 -7.215830000000000410e+00 -7.424739999999999895e+00 -6.952040000000000219e+00
2.460000000000000000e+05 -8.190609999999999502e+00 -8.751709999999999212e+00 -9.349209999999999354e+00 -9.762879999999999114e+00 -1.013930000000000042e+01 -7.421129999999999782e+00 -8.707240000000000535e+00 -9.078049999999999287e+00 -9.464230000000000587e+00 -9.227790000000000603e+00 -7.242420000000000080e+00 -6.478030000000000399e+00 -7.228480000000000238e+00 -7.437429999999999986e+00 -6.964579999999999771e+00
2.470000000000000000e+05 -8.203450000000000131e+00 -8.764639999999999986e+00 -9.362209999999999255e+00 -9.775909999999999656e+00 -1.015240000000000009e+01 -7.433970000000000411e+00 -8.720140000000000668e+00 -9.091020000000000323e+00 -9.477280000000000371e+00 -9.240800000000000125e+00 -7.255020000000000024e+00 -6.490339999999999776e+00 -7.241069999999999673e+00 -7.450070000000000192e+00 -6.977079999999999949e+00
2.480000000000000000e+05 -8.216229999999999478e+00 -8.777509999999999479e+00 -9.375159999999999272e+00 -9.788899999999999935e+00 -1.016539999999999999e+01 -7.446760000000000268e+00 -8.733000000000000540e+00 -9.103939999999999699e+00 -9.490280000000000271e+00 -9.253750000000000142e+00 -7.267570000000000086e+00 -6.502589999999999648e+00 -7.253619999999999735e+00 -7.462659999999999627e+00 -6.989530000000000243e+00
2.490000000000000000e+05 -8.228970000000000340e+00 -8.790330000000000865e+00 -9.388049999999999784e+00 -9.801830000000000709e+00 -1.017839999999999989e+01 -7.459500000000000242e+00 -8.745799999999999130e+00 -9.116809999999999192e+00 -9.503230000000000288e+00 -9.266659999999999897e+00 -7.280070000000000263e+00 -6.514800000000000146e+00 -7.266130000000000422e+00 -7.475200000000000067e+00 -7.001940000000000275e+00
2.500000000000000000e+05 -8.241659999999999542e+00 -8.803110000000000213e+00 -9.400900000000000034e+00 -9.814719999999999445e+00 -1.019130000000000003e+01 -7.472190000000000332e+00 -8.758559999999999235e+00 -9.129630000000000578e+00 -9.516120000000000800e+00 -9.279510000000000147e+00 -7.292519999999999669e+00 -6.526970000000000383e+00 -7.278579999999999828e+00 -7.487700000000000244e+00 -7.014289999999999914e+00
2.510000000000000000e+05 -8.254300000000000637e+00 -8.815830000000000055e+00 -9.413690000000000779e+00 -9.827550000000000452e+00 -1.020420000000000016e+01 -7.484829999999999650e+00 -8.771269999999999456e+00 -9.142390000000000683e+00 -9.528969999999999274e+00 -9.292310000000000514e+00 -7.304929999999999701e+00 -6.539089999999999847e+00 -7.290989999999999860e+00 -7.500149999999999650e+00 -7.026600000000000179e+00
2.520000000000000000e+05 -8.266890000000000072e+00 -8.828509999999999636e+00 -9.426439999999999486e+00 -9.840329999999999799e+00 -1.021700000000000053e+01 -7.497429999999999595e+00 -8.783920000000000172e+00 -9.155110000000000525e+00 -9.541760000000000019e+00 -9.305059999999999221e+00 -7.317289999999999850e+00 -6.551169999999999938e+00 -7.303350000000000009e+00 -7.512550000000000061e+00 -7.038870000000000182e+00
2.530000000000000000e+05 -8.279429999999999623e+00 -8.841129999999999711e+00 -9.439130000000000464e+00 -9.853059999999999263e+00 -1.022969999999999935e+01 -7.509970000000000034e+00 -8.796530000000000626e+00 -9.167780000000000484e+00 -9.554500000000000881e+00 -9.317769999999999442e+00 -7.329600000000000115e+00 -6.563200000000000145e+00 -7.315660000000000274e+00 -7.524899999999999700e+00 -7.051090000000000302e+00
2.540000000000000000e+05 -8.291919999999999291e+00 -8.853709999999999525e+00 -9.451779999999999404e+00 -9.865750000000000242e+00 -1.024239999999999995e+01 -7.522470000000000212e+00 -8.809089999999999421e+00 -9.180400000000000560e+00 -9.567199999999999704e+00 -9.330420000000000158e+00 -7.341870000000000118e+00 -6.575190000000000090e+00 -7.327930000000000277e+00 -7.537209999999999965e+00 -7.063259999999999650e+00
2.550000000000000000e+05 -8.304370000000000474e+00 -8.866239999999999455e+00 -9.464380000000000237e+00 -9.878379999999999939e+00 -1.025510000000000055e+01 -7.534909999999999997e+00 -8.821600000000000108e+00 -9.192970000000000752e+00 -9.579840000000000799e+00 -9.343019999999999214e+00 -7.354090000000000238e+00 -6.587130000000000152e+00 -7.340150000000000396e+00 -7.549470000000000347e+00 -7.075389999999999624e+00
2.560000000000000000e+05 -8.316760000000000375e+00 -8.878719999999999501e+00 -9.476929999999999410e+00 -9.890959999999999752e+00 -1.026769999999999960e+01 -7.547320000000000029e+00 -8.834059999999999135e+00 -9.205500000000000682e+00 -9.592439999999999856e+00 -9.355579999999999785e+00 -7.366270000000000095e+00 -6.599029999999999951e+00 -7.352319999999999744e+00 -7.561679999999999957e+00 -7.087469999999999715e+00
2.570000000000000000e+05 -8.329119999999999635e+00 -8.891149999999999665e+00 -9.489430000000000476e+00 -9.903499999999999304e+00 -1.028030000000000044e+01 -7.559669999999999668e+00 -8.846479999999999677e+00 -9.217969999999999331e+00 -9.604990000000000805e+00 -9.368090000000000472e+00 -7.378400000000000070e+00 -6.610890000000000377e+00 -7.364460000000000228e+00 -7.573850000000000193e+00 -7.099510000000000431e+00
2.580000000000000000e+05 -8.341419999999999391e+00 -8.903539999999999566e+00 -9.501879999999999882e+00 -9.915990000000000748e+00 -1.029279999999999973e+01 -7.571979999999999933e+00 -8.858850000000000335e+00 -9.230399999999999494e+00 -9.617490000000000094e+00 -9.380549999999999500e+00 -7.390480000000000160e+00 -6.622709999999999653e+00 -7.376540000000000319e+00 -7.585980000000000167e+00 -7.111509999999999998e+00
2.590000000000000000e+05 -8.353680000000000661e+00 -8.915879999999999583e+00 -9.514279999999999404e+00 -9.928430000000000533e+00 -1.030519999999999925e+01 -7.584240000000000315e+00 -8.871169999999999334e+00 -9.242779999999999774e+00 -9.629939999999999500e+00 -9.392960000000000420e+00 -7.402519999999999989e+00 -6.634479999999999933e+00 -7.388580000000000148e+00 -7.598049999999999748e+00 -7.123459999999999681e+00
2.600000000000000000e+05 -8.365890000000000271e+00 -8.928169999999999717e+00 -9.526640000000000441e+00 -9.940820000000000434e+00 -1.031770000000000032e+01 -7.596449999999999925e+00 -8.883440000000000225e+00 -9.255110000000000170e+00 -9.642340000000000799e+00 -9.405329999999999302e+00 -7.414520000000000444e+00 -6.646219999999999573e+00 -7.400579999999999714e+00 -7.610089999999999577e+00 -7.135360000000000369e+00
2.610000000000000000e+05 -8.378059999999999619e+00 -8.940419999999999590e+00 -9.538949999999999818e+00 -9.953170000000000073e+00 -1.033000000000000007e+01 -7.608620000000000161e+00 -8.895670000000000854e+00 -9.267400000000000304e+00 -9.654700000000000060e+00 -9.417640000000000455e+00 -7.426470000000000127e+00 -6.657910000000000217e+00 -7.412530000000000285e+00 -7.622080000000000410e+00 -7.147230000000000416e+00
2.620000000000000000e+05 -8.390180000000000859e+00 -8.952619999999999578e+00 -9.551220000000000709e+00 -9.965469999999999828e+00 -1.034239999999999959e+01 -7.620750000000000135e+00 -8.907859999999999445e+00 -9.279640000000000555e+00 -9.667009999999999437e+00 -9.429919999999999192e+00 -7.438380000000000436e+00 -6.669550000000000090e+00 -7.424439999999999706e+00 -7.634030000000000094e+00 -7.159049999999999692e+00
2.630000000000000000e+05 -8.402260000000000062e+00 -8.964769999999999683e+00 -9.563439999999999941e+00 -9.977719999999999700e+00 -1.035459999999999958e+01 -7.632830000000000226e+00 -8.919999999999999929e+00 -9.291829999999999146e+00 -9.679270000000000707e+00 -9.442140000000000200e+00 -7.450249999999999595e+00 -6.681160000000000210e+00 -7.436309999999999754e+00 -7.645929999999999893e+00 -7.170829999999999593e+00
2.640000000000000000e+05 -8.414289999999999381e+00 -8.976879999999999526e+00 -9.575609999999999289e+00 -9.989929999999999310e+00 -1.036689999999999934e+01 -7.644860000000000433e+00 -8.932090000000000529e+00 -9.303979999999999251e+00 -9.691489999999999938e+00 -9.454319999999999169e+00 -7.462069999999999759e+00 -6.692730000000000068e+00 -7.448140000000000427e+00 -7.657790000000000319e+00 -7.182570000000000121e+00
2.650000000000000000e+05 -8.426280000000000214e+00 -8.988950000000000884e+00 -9.587740000000000151e+00 -1.000210000000000043e+01 -1.037909999999999933e+01 -7.656850000000000378e+00 -8.944140000000000867e+00 -9.316090000000000870e+00 -9.703659999999999286e+00 -9.466459999999999653e+00 -7.473849999999999660e+00 -6.704250000000000043e+00 -7.459920000000000329e+00 -7.669609999999999594e+00 -7.194259999999999877e+00
2.660000000000000000e+05 -8.438219999999999388e+00 -9.000970000000000582e+00 -9.599819999999999354e+00 -1.001420000000000066e+01 -1.039119999999999955e+01 -7.668800000000000061e+00 -8.956139999999999546e+00 -9.328150000000000830e+00 -9.715790000000000148e+00 -9.478550000000000253e+00 -7.485590000000000188e+00 -6.715740000000000265e+00 -7.471659999999999968e+00 -7.681379999999999875e+00 -7.205910000000000259e+00
2.670000000000000000e+05 -8.450120000000000076e+00 -9.012940000000000396e+00 -9.611860000000000070e+00 -1.002630000000000088e+01 -1.040329999999999977e+01 -7.680710000000000370e+00 -8.968099999999999739e+00 -9.340159999999999130e+00 -9.727869999999999351e+00 -9.490589999999999193e+00 -7.497289999999999566e+00 -6.727190000000000225e+00 -7.483349999999999724e+00 -7.693120000000000402e+00 -7.217530000000000001e+00
2.680000000000000000e+05 -8.461980000000000501e+00 -9.024869999999999948e+00 -9.623860000000000525e+00 -1.003829999999999956e+01 -1.041530000000000022e+01 -7.692569999999999908e+00 -8.980019999999999669e+00 -9.352130000000000720e+00 -9.739910000000000068e+00 -9.502589999999999648e+00 -7.508949999999999569e+00 -6.738590000000000302e+00 -7.495009999999999728e+00 -7.704810000000000159e+00 -7.229099999999999859e+00
2.690000000000000000e+05 -8.473789999999999267e+00 -9.036759999999999238e+00 -9.635809999999999320e+00 -1.005030000000000001e+01 -1.042740000000000045e+01 -7.704379999999999562e+00 -8.991889999999999716e+00 -9.364060000000000272e+00 -9.751899999999999125e+00 -9.514549999999999841e+00 -7.520559999999999690e+00 -6.749959999999999738e+00 -7.506619999999999848e+00 -7.716450000000000031e+00 -7.240630000000000344e+00
2.700000000000000000e+05 -8.485559999999999548e+00 -9.048610000000000042e+00 -9.647710000000000008e+00 -1.006220000000000070e+01 -1.043929999999999936e+01 -7.716160000000000352e+00 -9.003719999999999501e+00 -9.375949999999999562e+00 -9.763849999999999696e+00 -9.526460000000000150e+00 -7.532130000000000436e+00 -6.761289999999999800e+00 -7.518189999999999706e+00 -7.728060000000000151e+00 -7.252119999999999678e+00
2.710000000000000000e+05 -8.497289999999999566e+00 -9.060409999999999187e+00 -9.659580000000000055e+00 -1.007409999999999961e+01 -1.045120000000000005e+01 -7.727890000000000370e+00 -9.015510000000000801e+00 -9.387790000000000745e+00 -9.775760000000000005e+00 -9.538330000000000197e+00 -7.543660000000000032e+00 -6.772569999999999979e+00 -7.529729999999999812e+00 -7.739630000000000010e+00 -7.263569999999999638e+00
2.720000000000000000e+05 -8.508979999999999322e+00 -9.072169999999999845e+00 -9.671400000000000219e+00 -1.008600000000000030e+01 -1.046310000000000073e+01 -7.739580000000000126e+00 -9.027250000000000441e+00 -9.399580000000000268e+00 -9.787620000000000431e+00 -9.550159999999999982e+00 -7.555150000000000254e+00 -6.783820000000000405e+00 -7.541220000000000034e+00 -7.751149999999999984e+00 -7.274980000000000224e+00
2.730000000000000000e+05 -8.520630000000000592e+00 -9.083890000000000242e+00 -9.683180000000000121e+00 -1.009779999999999944e+01 -1.047489999999999988e+01 -7.751229999999999620e+00 -9.038959999999999440e+00 -9.411339999999999151e+00 -9.799440000000000595e+00 -9.561939999999999884e+00 -7.566609999999999836e+00 -6.795029999999999681e+00 -7.552669999999999995e+00 -7.762640000000000207e+00 -7.286349999999999660e+00
2.740000000000000000e+05 -8.532230000000000203e+00 -9.095570000000000377e+00 -9.694910000000000139e+00 -1.010950000000000060e+01 -1.048670000000000080e+01 -7.762830000000000119e+00 -9.050620000000000331e+00 -9.423049999999999926e+00 -9.811220000000000496e+00 -9.573689999999999145e+00 -7.578020000000000422e+00 -6.806210000000000093e+00 -7.564079999999999693e+00 -7.774079999999999657e+00 -7.297679999999999723e+00
2.750000000000000000e+05 -8.543789999999999552e+00 -9.107200000000000628e+00 -9.706599999999999895e+00 -1.012129999999999974e+01 -1.049849999999999994e+01 -7.774399999999999977e+00 -9.062229999999999563e+00 -9.434720000000000439e+00 -9.822950000000000514e+00 -9.585390000000000299e+00 -7.589389999999999858e+00 -6.817339999999999733e+00 -7.575450000000000017e+00 -7.785490000000000244e+00 -7.308970000000000411e+00
2.760000000000000000e+05 -8.555320000000000036e+00 -9.118790000000000617e+00 -9.718260000000000787e+00 -1.013299999999999912e+01 -1.051019999999999932e+01 -7.785929999999999573e+00 -9.073809999999999931e+00 -9.446350000000000691e+00 -9.834640000000000271e+00 -9.597039999999999793e+00 -7.600719999999999921e+00 -6.828439999999999621e+00 -7.586780000000000079e+00 -7.796850000000000058e+00 -7.320219999999999949e+00
2.770000000000000000e+05 -8.566800000000000637e+00 -9.130349999999999966e+00 -9.729870000000000019e+00 -1.014460000000000051e+01 -1.052190000000000047e+01 -7.797410000000000174e+00 -9.085350000000000037e+00 -9.457940000000000680e+00 -9.846289999999999765e+00 -9.608660000000000423e+00 -7.612009999999999721e+00 -6.839500000000000135e+00 -7.598080000000000389e+00 -7.808180000000000121e+00 -7.331439999999999735e+00
2.780000000000000000e+05 -8.578239999999999199e+00 -9.141859999999999431e+00 -9.741429999999999367e+00 -1.015620000000000012e+01 -1.053350000000000009e+01 -7.808849999999999625e+00 -9.096849999999999881e+00 -9.469490000000000407e+00 -9.857900000000000773e+00 -9.620229999999999393e+00 -7.623269999999999769e+00 -6.850520000000000387e+00 -7.609329999999999927e+00 -7.819469999999999921e+00 -7.342609999999999637e+00
2.790000000000000000e+05 -8.589639999999999276e+00 -9.153330000000000410e+00 -9.752959999999999852e+00 -1.016779999999999973e+01 -1.054509999999999970e+01 -7.820260000000000211e+00 -9.108299999999999841e+00 -9.480990000000000251e+00 -9.869469999999999743e+00 -9.631769999999999499e+00 -7.634479999999999933e+00 -6.861509999999999998e+00 -7.620549999999999713e+00 -7.830709999999999837e+00 -7.353749999999999787e+00
2.800000000000000000e+05 -8.601000000000000867e+00 -9.164759999999999351e+00 -9.764450000000000074e+00 -1.017929999999999957e+01 -1.055659999999999954e+01 -7.831620000000000026e+00 -9.119719999999999160e+00 -9.492459999999999454e+00 -9.880990000000000606e+00 -9.643259999999999721e+00 -7.645660000000000345e+00 -6.872460000000000235e+00 -7.631719999999999615e+00 -7.841920000000000002e+00 -7.364849999999999675e+00
2.810000000000000000e+05 -8.612320000000000420e+00 -9.176149999999999807e+00 -9.775900000000000034e+00 -1.019069999999999965e+01 -1.056809999999999938e+01 -7.842950000000000088e+00 -9.131090000000000373e+00 -9.503880000000000550e+00 -9.892480000000000828e+00 -9.654709999999999681e+00 -7.656799999999999606e+00 -6.883370000000000211e+00 -7.642859999999999765e+00 -7.853089999999999904e+00 -7.375910000000000188e+00
2.820000000000000000e+05 -8.623609999999999332e+00 -9.187500000000000000e+00 -9.787300000000000111e+00 -1.020219999999999949e+01 -1.057949999999999946e+01 -7.854230000000000267e+00 -9.142429999999999168e+00 -9.515269999999999229e+00 -9.903919999999999391e+00 -9.666130000000000777e+00 -7.667900000000000382e+00 -6.894250000000000433e+00 -7.653959999999999653e+00 -7.864230000000000054e+00 -7.386940000000000062e+00
2.830000000000000000e+05 -8.634850000000000136e+00 -9.198809999999999931e+00 -9.798669999999999547e+00 -1.021359999999999957e+01 -1.059099999999999930e+01 -7.865479999999999805e+00 -9.153729999999999478e+00 -9.526609999999999800e+00 -9.915330000000000865e+00 -9.677500000000000213e+00 -7.678960000000000008e+00 -6.905090000000000394e+00 -7.665029999999999788e+00 -7.875320000000000320e+00 -7.397929999999999673e+00
2.840000000000000000e+05 -8.646060000000000301e+00 -9.210079999999999600e+00 -9.810000000000000497e+00 -1.022489999999999988e+01 -1.060229999999999961e+01 -7.876689999999999969e+00 -9.164979999999999905e+00 -9.537919999999999732e+00 -9.926700000000000301e+00 -9.688829999999999387e+00 -7.689989999999999881e+00 -6.915899999999999714e+00 -7.676050000000000040e+00 -7.886379999999999946e+00 -7.408879999999999910e+00
2.850000000000000000e+05 -8.657220000000000582e+00 -9.221320000000000405e+00 -9.821279999999999788e+00 -1.023620000000000019e+01 -1.061369999999999969e+01 -7.887859999999999872e+00 -9.176199999999999690e+00 -9.549189999999999401e+00 -9.938019999999999854e+00 -9.700129999999999697e+00 -7.700980000000000381e+00 -6.926669999999999661e+00 -7.687039999999999651e+00 -7.897400000000000198e+00 -7.419789999999999885e+00
2.860000000000000000e+05 -8.668350000000000222e+00 -9.232509999999999550e+00 -9.832530000000000214e+00 -1.024750000000000050e+01 -1.062500000000000000e+01 -7.898990000000000400e+00 -9.187379999999999214e+00 -9.560420000000000584e+00 -9.949310000000000542e+00 -9.711380000000000123e+00 -7.711929999999999730e+00 -6.937400000000000233e+00 -7.698000000000000398e+00 -7.908380000000000187e+00 -7.430670000000000108e+00
2.870000000000000000e+05 -8.679439999999999600e+00 -9.243669999999999831e+00 -9.843740000000000379e+00 -1.025880000000000081e+01 -1.063620000000000054e+01 -7.910079999999999778e+00 -9.198529999999999873e+00 -9.571609999999999729e+00 -9.960559999999999192e+00 -9.722599999999999909e+00 -7.722839999999999705e+00 -6.948100000000000165e+00 -7.708910000000000373e+00 -7.919330000000000425e+00 -7.441519999999999690e+00
2.880000000000000000e+05 -8.690500000000000114e+00 -9.254780000000000229e+00 -9.854919999999999902e+00 -1.026999999999999957e+01 -1.064750000000000085e+01 -7.921140000000000292e+00 -9.209630000000000649e+00 -9.582760000000000389e+00 -9.971769999999999357e+00 -9.733769999999999811e+00 -7.733719999999999928e+00 -6.958770000000000344e+00 -7.719789999999999708e+00 -7.930240000000000400e+00 -7.452320000000000277e+00
2.890000000000000000e+05 -8.701510000000000744e+00 -9.265869999999999607e+00 -9.866049999999999542e+00 -1.028110000000000035e+01 -1.065859999999999985e+01 -7.932159999999999656e+00 -9.220700000000000784e+00 -9.593870000000000786e+00 -9.982939999999999259e+00 -9.744910000000000849e+00 -7.744570000000000398e+00 -6.969400000000000261e+00 -7.730629999999999669e+00 -7.941110000000000113e+00 -7.463090000000000224e+00
2.900000000000000000e+05 -8.712490000000000734e+00 -9.276910000000000878e+00 -9.877140000000000697e+00 -1.029229999999999912e+01 -1.066980000000000040e+01 -7.943139999999999645e+00 -9.231730000000000658e+00 -9.604950000000000543e+00 -9.994070000000000675e+00 -9.756009999999999849e+00 -7.755370000000000097e+00 -6.979989999999999917e+00 -7.741439999999999877e+00 -7.951950000000000074e+00 -7.473830000000000418e+00
2.910000000000000000e+05 -8.723430000000000462e+00 -9.287910000000000110e+00 -9.888199999999999434e+00 -1.030330000000000013e+01 -1.068089999999999939e+01 -7.954080000000000261e+00 -9.242720000000000269e+00 -9.615990000000000038e+00 -1.000520000000000032e+01 -9.767079999999999984e+00 -7.766140000000000043e+00 -6.990560000000000329e+00 -7.752209999999999823e+00 -7.962749999999999773e+00 -7.484530000000000349e+00
2.920000000000000000e+05 -8.734339999999999549e+00 -9.298880000000000479e+00 -9.899219999999999686e+00 -1.031439999999999912e+01 -1.069200000000000017e+01 -7.964990000000000236e+00 -9.253679999999999239e+00 -9.626989999999999270e+00 -1.001619999999999955e+01 -9.778100000000000236e+00 -7.776880000000000237e+00 -7.001079999999999970e+00 -7.762950000000000017e+00 -7.973510000000000097e+00 -7.495199999999999640e+00
2.930000000000000000e+05 -8.745210000000000150e+00 -9.309820000000000206e+00 -9.910209999999999297e+00 -1.032540000000000013e+01 -1.070299999999999940e+01 -7.975859999999999950e+00 -9.264590000000000103e+00 -9.637950000000000017e+00 -1.002720000000000056e+01 -9.789089999999999847e+00 -7.787580000000000169e+00 -7.011580000000000368e+00 -7.773649999999999949e+00 -7.984239999999999782e+00 -7.505829999999999558e+00
2.940000000000000000e+05 -8.756040000000000489e+00 -9.320710000000000051e+00 -9.921150000000000801e+00 -1.033639999999999937e+01 -1.071400000000000041e+01 -7.986699999999999910e+00 -9.275479999999999947e+00 -9.648880000000000123e+00 -1.003819999999999979e+01 -9.800050000000000594e+00 -7.798250000000000348e+00 -7.022039999999999615e+00 -7.784320000000000128e+00 -7.994939999999999714e+00 -7.516420000000000101e+00
2.950000000000000000e+05 -8.766840000000000188e+00 -9.331569999999999254e+00 -9.932059999999999889e+00 -1.034730000000000061e+01 -1.072489999999999988e+01 -7.997499999999999609e+00 -9.286319999999999908e+00 -9.659769999999999968e+00 -1.004920000000000080e+01 -9.810959999999999681e+00 -7.808880000000000265e+00 -7.032469999999999999e+00 -7.794950000000000045e+00 -8.005599999999999383e+00 -7.526989999999999625e+00
2.960000000000000000e+05 -8.777599999999999625e+00 -9.342389999999999972e+00 -9.942940000000000111e+00 -1.035820000000000007e+01 -1.073590000000000089e+01 -8.008259999999999934e+00 -9.297129999999999228e+00 -9.670619999999999550e+00 -1.006010000000000026e+01 -9.821839999999999904e+00 -7.819480000000000430e+00 -7.042860000000000120e+00 -7.805550000000000210e+00 -8.016230000000000189e+00 -7.537519999999999776e+00
2.970000000000000000e+05 -8.788330000000000197e+00 -9.353180000000000049e+00 -9.953780000000000072e+00 -1.036909999999999954e+01 -1.074680000000000035e+01 -8.018990000000000506e+00 -9.307909999999999684e+00 -9.681440000000000268e+00 -1.007089999999999996e+01 -9.832679999999999865e+00 -7.830040000000000333e+00 -7.053219999999999601e+00 -7.816110000000000113e+00 -8.026820000000000732e+00 -7.548009999999999664e+00
2.980000000000000000e+05 -8.799020000000000508e+00 -9.363929999999999865e+00 -9.964579999999999771e+00 -1.037989999999999924e+01 -1.075760000000000005e+01 -8.029680000000000817e+00 -9.318649999999999878e+00 -9.692230000000000345e+00 -1.008179999999999943e+01 -9.843489999999999185e+00 -7.840569999999999595e+00 -7.063550000000000217e+00 -7.826640000000000263e+00 -8.037369999999999237e+00 -7.558469999999999800e+00
2.990000000000000000e+05 -8.809680000000000177e+00 -9.374650000000000816e+00 -9.975339999999999208e+00 -1.039070000000000071e+01 -1.076839999999999975e+01 -8.040340000000000487e+00 -9.329349999999999810e+00 -9.702970000000000539e+00 -1.009259999999999913e+01 -9.854260000000000019e+00 -7.851060000000000372e+00 -7.073850000000000193e+00 -7.837130000000000152e+00 -8.047900000000000276e+00 -7.568900000000000183e+00
3.000000000000000000e+05 -8.820299999999999585e+00 -9.385329999999999728e+00 -9.986069999999999780e+00 -1.040140000000000065e+01 -1.077919999999999945e+01 -8.050969999999999516e+00 -9.340020000000000877e+00 -9.713680000000000092e+00 -1.010340000000000060e+01 -9.865000000000000213e+00 -7.861519999999999619e+00 -7.084109999999999907e+00 -7.847590000000000288e+00 -8.058389999999999276e+00 -7.579290000000000305e+00
3.010000000000000000e+05 -8.830880000000000507e+00 -9.395979999999999777e+00 -9.996769999999999712e+00 -1.041220000000000034e+01 -1.078989999999999938e+01 -8.061560000000000059e+00 -9.350649999999999906e+00 -9.724360000000000781e+00 -1.011410000000000053e+01 -9.875700000000000145e+00 -7.871950000000000003e+00 -7.094350000000000378e+00 -7.858019999999999783e+00 -8.068839999999999790e+00 -7.589660000000000295e+00
3.020000000000000000e+05 -8.841440000000000410e+00 -9.406589999999999563e+00 -1.000740000000000052e+01 -1.042290000000000028e+01 -1.080059999999999931e+01 -8.072110000000000340e+00 -9.361250000000000071e+00 -9.734999999999999432e+00 -1.012480000000000047e+01 -9.886359999999999815e+00 -7.882349999999999746e+00 -7.104549999999999699e+00 -7.868420000000000414e+00 -8.079259999999999664e+00 -7.599990000000000023e+00
3.030000000000000000e+05 -8.851960000000000051e+00 -9.417160000000000863e+00 -1.001810000000000045e+01 -1.043350000000000044e+01 -1.081129999999999924e+01 -8.082629999999999981e+00 -9.371819999999999595e+00 -9.745609999999999218e+00 -1.013540000000000063e+01 -9.896990000000000620e+00 -7.892710000000000115e+00 -7.114720000000000155e+00 -7.878779999999999895e+00 -8.089650000000000674e+00 -7.610280000000000378e+00
3.040000000000000000e+05 -8.862439999999999429e+00 -9.427709999999999368e+00 -1.002860000000000085e+01 -1.044410000000000061e+01 -1.082189999999999941e+01 -8.093120000000000758e+00 -9.382350000000000634e+00 -9.756180000000000518e+00 -1.014610000000000056e+01 -9.907590000000000785e+00 -7.903039999999999843e+00 -7.124850000000000350e+00 -7.889109999999999623e+00 -8.100009999999999266e+00 -7.620549999999999713e+00
3.050000000000000000e+05 -8.872889999999999944e+00 -9.438219999999999388e+00 -1.003919999999999924e+01 -1.045470000000000077e+01 -1.083249999999999957e+01 -8.103569999999999496e+00 -9.392839999999999634e+00 -9.766719999999999402e+00 -1.015659999999999918e+01 -9.918150000000000688e+00 -7.913330000000000197e+00 -7.134960000000000413e+00 -7.899409999999999599e+00 -8.110329999999999373e+00 -7.630779999999999674e+00
3.060000000000000000e+05 -8.883309999999999818e+00 -9.448689999999999145e+00 -1.004969999999999963e+01 -1.046529999999999916e+01 -1.084309999999999974e+01 -8.113989999999999370e+00 -9.403309999999999391e+00 -9.777229999999999421e+00 -1.016719999999999935e+01 -9.928679999999999950e+00 -7.923600000000000421e+00 -7.145030000000000214e+00 -7.909670000000000201e+00 -8.120620000000000616e+00 -7.640979999999999883e+00
3.070000000000000000e+05 -8.893689999999999429e+00 -9.459130000000000038e+00 -1.006020000000000003e+01 -1.047579999999999956e+01 -1.085360000000000014e+01 -8.124380000000000379e+00 -9.413740000000000663e+00 -9.787699999999999179e+00 -1.017769999999999975e+01 -9.939170000000000726e+00 -7.933830000000000382e+00 -7.155079999999999885e+00 -7.919900000000000162e+00 -8.130879999999999441e+00 -7.651150000000000340e+00
3.080000000000000000e+05 -8.904049999999999798e+00 -9.469540000000000290e+00 -1.007070000000000043e+01 -1.048620000000000019e+01 -1.086410000000000053e+01 -8.134729999999999350e+00 -9.424129999999999896e+00 -9.798130000000000450e+00 -1.018820000000000014e+01 -9.949630000000000862e+00 -7.944029999999999703e+00 -7.165090000000000181e+00 -7.930100000000000371e+00 -8.141109999999999403e+00 -7.661279999999999646e+00
3.090000000000000000e+05 -8.914369999999999905e+00 -9.479919999999999902e+00 -1.008109999999999928e+01 -1.049670000000000059e+01 -1.087459999999999916e+01 -8.145049999999999457e+00 -9.434490000000000265e+00 -9.808540000000000703e+00 -1.019870000000000054e+01 -9.960060000000000358e+00 -7.954200000000000159e+00 -7.175080000000000346e+00 -7.940269999999999939e+00 -8.151300000000000878e+00 -7.671389999999999709e+00
3.100000000000000000e+05 -8.924649999999999750e+00 -9.490259999999999252e+00 -1.009149999999999991e+01 -1.050709999999999944e+01 -1.088499999999999979e+01 -8.155340000000000700e+00 -9.444819999999999993e+00 -9.818910000000000693e+00 -1.020909999999999940e+01 -9.970449999999999591e+00 -7.964330000000000354e+00 -7.185030000000000250e+00 -7.950409999999999755e+00 -8.161459999999999937e+00 -7.681460000000000399e+00
3.110000000000000000e+05 -8.934910000000000352e+00 -9.500569999999999737e+00 -1.010180000000000078e+01 -1.051750000000000007e+01 -1.089540000000000042e+01 -8.165599999999999525e+00 -9.455120000000000857e+00 -9.829250000000000043e+00 -1.021950000000000003e+01 -9.980809999999999960e+00 -7.974440000000000417e+00 -7.194950000000000401e+00 -7.960510000000000197e+00 -8.171599999999999753e+00 -7.691510000000000069e+00
3.120000000000000000e+05 -8.945130000000000692e+00 -9.510849999999999582e+00 -1.011219999999999963e+01 -1.052779999999999916e+01 -1.090579999999999927e+01 -8.175819999999999865e+00 -9.465389999999999304e+00 -9.839549999999999130e+00 -1.022979999999999912e+01 -9.991139999999999688e+00 -7.984510000000000218e+00 -7.204839999999999911e+00 -7.970589999999999620e+00 -8.181699999999999307e+00 -7.701520000000000366e+00
3.130000000000000000e+05 -8.955320000000000391e+00 -9.521089999999999165e+00 -1.012240000000000073e+01 -1.053810000000000002e+01 -1.091610000000000014e+01 -8.186009999999999565e+00 -9.475619999999999266e+00 -9.849830000000000751e+00 -1.024009999999999998e+01 -1.000140000000000029e+01 -7.994559999999999889e+00 -7.214710000000000178e+00 -7.980629999999999669e+00 -8.191760000000000375e+00 -7.711500000000000021e+00
3.140000000000000000e+05 -8.965479999999999450e+00 -9.531299999999999883e+00 -1.013269999999999982e+01 -1.054840000000000089e+01 -1.092639999999999922e+01 -8.196180000000000021e+00 -9.485820000000000363e+00 -9.860070000000000334e+00 -1.025040000000000084e+01 -1.001169999999999938e+01 -8.004569999999999297e+00 -7.224540000000000184e+00 -7.990639999999999965e+00 -8.201800000000000423e+00 -7.721449999999999925e+00
3.150000000000000000e+05 -8.975600000000000023e+00 -9.541479999999999961e+00 -1.014289999999999914e+01 -1.055869999999999997e+01 -1.093670000000000009e+01 -8.206300000000000594e+00 -9.495990000000000819e+00 -9.870269999999999655e+00 -1.026069999999999993e+01 -1.002190000000000047e+01 -8.014549999999999841e+00 -7.234340000000000437e+00 -8.000619999999999621e+00 -8.211809999999999832e+00 -7.731379999999999697e+00
3.160000000000000000e+05 -8.985699999999999577e+00 -9.551629999999999399e+00 -1.015310000000000024e+01 -1.056889999999999930e+01 -1.094689999999999941e+01 -8.216400000000000148e+00 -9.506130000000000635e+00 -9.880449999999999733e+00 -1.027089999999999925e+01 -1.003209999999999980e+01 -8.024499999999999744e+00 -7.244119999999999671e+00 -8.010579999999999146e+00 -8.221790000000000376e+00 -7.741270000000000095e+00
3.170000000000000000e+05 -8.995760000000000645e+00 -9.561749999999999972e+00 -1.016329999999999956e+01 -1.057910000000000039e+01 -1.095710000000000051e+01 -8.226470000000000837e+00 -9.516239999999999810e+00 -9.890599999999999170e+00 -1.028110000000000035e+01 -1.004229999999999912e+01 -8.034420000000000783e+00 -7.253870000000000040e+00 -8.020500000000000185e+00 -8.231730000000000658e+00 -7.751129999999999853e+00
3.180000000000000000e+05 -9.005800000000000693e+00 -9.571839999999999904e+00 -1.017340000000000089e+01 -1.058919999999999995e+01 -1.096729999999999983e+01 -8.236499999999999488e+00 -9.526310000000000500e+00 -9.900710000000000122e+00 -1.029129999999999967e+01 -1.005240000000000045e+01 -8.044309999999999405e+00 -7.263580000000000148e+00 -8.030390000000000583e+00 -8.241649999999999920e+00 -7.760959999999999859e+00
3.190000000000000000e+05 -9.015800000000000480e+00 -9.581889999999999574e+00 -1.018350000000000044e+01 -1.059929999999999950e+01 -1.097739999999999938e+01 -8.246510000000000673e+00 -9.536350000000000549e+00 -9.910790000000000433e+00 -1.030139999999999922e+01 -1.006250000000000000e+01 -8.054169999999999163e+00 -7.273270000000000124e+00 -8.040250000000000341e+00 -8.251530000000000697e+00 -7.770760000000000112e+00
3.200000000000000000e+05 -9.025769999999999627e+00 -9.591920000000000002e+00 -1.019359999999999999e+01 -1.060940000000000083e+01 -1.098750000000000071e+01 -8.256479999999999819e+00 -9.546369999999999578e+00 -9.920840000000000103e+00 -1.031150000000000055e+01 -1.007259999999999955e+01 -8.064009999999999678e+00 -7.282930000000000348e+00 -8.050079999999999458e+00 -8.261390000000000455e+00 -7.780540000000000234e+00
3.210000000000000000e+05 -9.035709999999999908e+00 -9.601910000000000167e+00 -1.020359999999999978e+01 -1.061950000000000038e+01 -1.099760000000000026e+01 -8.266420000000000101e+00 -9.556350000000000122e+00 -9.930859999999999133e+00 -1.032160000000000011e+01 -1.008259999999999934e+01 -8.073809999999999931e+00 -7.292559999999999931e+00 -8.059879999999999711e+00 -8.271209999999999951e+00 -7.790280000000000094e+00
3.220000000000000000e+05 -9.045619999999999550e+00 -9.611869999999999692e+00 -1.021359999999999957e+01 -1.062950000000000017e+01 -1.100769999999999982e+01 -8.276339999999999364e+00 -9.566300000000000026e+00 -9.940849999999999298e+00 -1.033159999999999989e+01 -1.009270000000000067e+01 -8.083579999999999544e+00 -7.302159999999999762e+00 -8.069660000000000721e+00 -8.281010000000000204e+00 -7.799999999999999822e+00
3.230000000000000000e+05 -9.055500000000000327e+00 -9.621800000000000352e+00 -1.022359999999999935e+01 -1.063949999999999996e+01 -1.101769999999999960e+01 -8.286220000000000141e+00 -9.576219999999999288e+00 -9.950810000000000599e+00 -1.034159999999999968e+01 -1.010260000000000069e+01 -8.093320000000000292e+00 -7.311740000000000350e+00 -8.079399999999999693e+00 -8.290779999999999816e+00 -7.809680000000000177e+00
3.240000000000000000e+05 -9.065360000000000085e+00 -9.631709999999999994e+00 -1.023349999999999937e+01 -1.064949999999999974e+01 -1.102769999999999939e+01 -8.296070000000000277e+00 -9.586109999999999687e+00 -9.960739999999999483e+00 -1.035159999999999947e+01 -1.011260000000000048e+01 -8.103040000000000020e+00 -7.321290000000000298e+00 -8.089119999999999422e+00 -8.300520000000000564e+00 -7.819340000000000401e+00
3.250000000000000000e+05 -9.075179999999999580e+00 -9.641579999999999373e+00 -1.024349999999999916e+01 -1.065939999999999976e+01 -1.103759999999999941e+01 -8.305899999999999395e+00 -9.595980000000000842e+00 -9.970639999999999503e+00 -1.036149999999999949e+01 -1.012250000000000050e+01 -8.112719999999999487e+00 -7.330799999999999983e+00 -8.098800000000000665e+00 -8.310230000000000672e+00 -7.828969999999999985e+00
3.260000000000000000e+05 -9.084970000000000212e+00 -9.651419999999999888e+00 -1.025329999999999941e+01 -1.066929999999999978e+01 -1.104749999999999943e+01 -8.315690000000000026e+00 -9.605809999999999960e+00 -9.980510000000000659e+00 -1.037139999999999951e+01 -1.013240000000000052e+01 -8.122379999999999711e+00 -7.340300000000000047e+00 -8.108459999999999113e+00 -8.319910000000000139e+00 -7.838569999999999816e+00
3.270000000000000000e+05 -9.094730000000000203e+00 -9.661229999999999762e+00 -1.026319999999999943e+01 -1.067919999999999980e+01 -1.105739999999999945e+01 -8.325459999999999638e+00 -9.615610000000000213e+00 -9.990349999999999397e+00 -1.038129999999999953e+01 -1.014220000000000077e+01 -8.132009999999999295e+00 -7.349759999999999849e+00 -8.118090000000000472e+00 -8.329560000000000741e+00 -7.848139999999999894e+00
3.280000000000000000e+05 -9.104469999999999175e+00 -9.671020000000000394e+00 -1.027299999999999969e+01 -1.068909999999999982e+01 -1.106729999999999947e+01 -8.335190000000000765e+00 -9.625379999999999825e+00 -1.000019999999999953e+01 -1.039119999999999955e+01 -1.015210000000000079e+01 -8.141610000000000014e+00 -7.359200000000000408e+00 -8.127689999999999415e+00 -8.339180000000000703e+00 -7.857689999999999841e+00
3.290000000000000000e+05 -9.114169999999999661e+00 -9.680770000000000763e+00 -1.028279999999999994e+01 -1.069890000000000008e+01 -1.107709999999999972e+01 -8.344900000000000873e+00 -9.635130000000000194e+00 -1.000990000000000002e+01 -1.040099999999999980e+01 -1.016189999999999927e+01 -8.151180000000000092e+00 -7.368610000000000326e+00 -8.137259999999999494e+00 -8.348779999999999646e+00 -7.867210000000000036e+00
3.300000000000000000e+05 -9.123849999999999127e+00 -9.690500000000000114e+00 -1.029260000000000019e+01 -1.070870000000000033e+01 -1.108689999999999998e+01 -8.354580000000000339e+00 -9.644840000000000302e+00 -1.001970000000000027e+01 -1.041080000000000005e+01 -1.017159999999999975e+01 -8.160729999999999151e+00 -7.377989999999999604e+00 -8.146800000000000708e+00 -8.358340000000000103e+00 -7.876699999999999591e+00
3.310000000000000000e+05 -9.133490000000000109e+00 -9.700189999999999202e+00 -1.030230000000000068e+01 -1.071840000000000082e+01 -1.109670000000000023e+01 -8.364229999999999166e+00 -9.654529999999999390e+00 -1.002940000000000076e+01 -1.042060000000000031e+01 -1.018140000000000001e+01 -8.170239999999999725e+00 -7.387349999999999639e+00 -8.156319999999999126e+00 -8.367879999999999541e+00 -7.886160000000000281e+00
3.320000000000000000e+05 -9.143110000000000070e+00 -9.709860000000000824e+00 -1.031199999999999939e+01 -1.072809999999999953e+01 -1.110640000000000072e+01 -8.373849999999999127e+00 -9.664179999999999993e+00 -1.003909999999999947e+01 -1.043030000000000079e+01 -1.019110000000000049e+01 -8.179729999999999279e+00 -7.396670000000000300e+00 -8.165810000000000457e+00 -8.377390000000000114e+00 -7.895590000000000330e+00
3.330000000000000000e+05 -9.152699999999999392e+00 -9.719500000000000028e+00 -1.032169999999999987e+01 -1.073780000000000001e+01 -1.111619999999999919e+01 -8.383440000000000225e+00 -9.673809999999999576e+00 -1.004879999999999995e+01 -1.043999999999999950e+01 -1.020079999999999920e+01 -8.189189999999999969e+00 -7.405979999999999563e+00 -8.175269999999999371e+00 -8.386879999999999669e+00 -7.905000000000000249e+00
3.340000000000000000e+05 -9.162269999999999470e+00 -9.729110000000000369e+00 -1.033140000000000036e+01 -1.074750000000000050e+01 -1.112579999999999991e+01 -8.393000000000000682e+00 -9.683410000000000295e+00 -1.005840000000000067e+01 -1.044969999999999999e+01 -1.021039999999999992e+01 -8.198629999999999640e+00 -7.415250000000000341e+00 -8.184699999999999420e+00 -8.396330000000000737e+00 -7.914380000000000415e+00
3.350000000000000000e+05 -9.171799999999999287e+00 -9.738690000000000069e+00 -1.034099999999999930e+01 -1.075719999999999921e+01 -1.113550000000000040e+01 -8.402540000000000120e+00 -9.692980000000000373e+00 -1.006799999999999962e+01 -1.045930000000000071e+01 -1.022010000000000041e+01 -8.208030000000000825e+00 -7.424500000000000099e+00 -8.194110000000000227e+00 -8.405760000000000787e+00 -7.923729999999999940e+00
3.360000000000000000e+05 -9.181309999999999860e+00 -9.748250000000000526e+00 -1.035060000000000002e+01 -1.076679999999999993e+01 -1.114509999999999934e+01 -8.412050000000000693e+00 -9.702529999999999433e+00 -1.007760000000000034e+01 -1.046889999999999965e+01 -1.022969999999999935e+01 -8.217409999999999215e+00 -7.433729999999999727e+00 -8.203490000000000393e+00 -8.415160000000000196e+00 -7.933060000000000223e+00
3.370000000000000000e+05 -9.190789999999999793e+00 -9.757770000000000721e+00 -1.036009999999999920e+01 -1.077640000000000065e+01 -1.115470000000000006e+01 -8.421530000000000626e+00 -9.712040000000000006e+00 -1.008709999999999951e+01 -1.047850000000000037e+01 -1.023920000000000030e+01 -8.226770000000000138e+00 -7.442929999999999602e+00 -8.212839999999999918e+00 -8.424540000000000362e+00 -7.942359999999999864e+00
3.380000000000000000e+05 -9.200240000000000862e+00 -9.767269999999999897e+00 -1.036969999999999992e+01 -1.078589999999999982e+01 -1.116430000000000078e+01 -8.430979999999999919e+00 -9.721529999999999561e+00 -1.009670000000000023e+01 -1.048809999999999931e+01 -1.024879999999999924e+01 -8.236090000000000799e+00 -7.452099999999999724e+00 -8.222170000000000201e+00 -8.433889999999999887e+00 -7.951640000000000263e+00
3.390000000000000000e+05 -9.209659999999999513e+00 -9.776740000000000208e+00 -1.037920000000000087e+01 -1.079540000000000077e+01 -1.117379999999999995e+01 -8.440409999999999968e+00 -9.730990000000000251e+00 -1.010609999999999964e+01 -1.049760000000000026e+01 -1.025830000000000020e+01 -8.245390000000000441e+00 -7.461249999999999716e+00 -8.231469999999999843e+00 -8.443210000000000548e+00 -7.960880000000000400e+00
3.400000000000000000e+05 -9.219060000000000699e+00 -9.786179999999999879e+00 -1.038870000000000005e+01 -1.080489999999999995e+01 -1.118340000000000067e+01 -8.449809999999999377e+00 -9.740429999999999922e+00 -1.011560000000000059e+01 -1.050709999999999944e+01 -1.026779999999999937e+01 -8.254659999999999442e+00 -7.470369999999999955e+00 -8.240740000000000620e+00 -8.452500000000000568e+00 -7.970110000000000028e+00
3.410000000000000000e+05 -9.228429999999999467e+00 -9.795600000000000307e+00 -1.039809999999999945e+01 -1.081439999999999912e+01 -1.119289999999999985e+01 -8.459179999999999922e+00 -9.749829999999999330e+00 -1.012509999999999977e+01 -1.051660000000000039e+01 -1.027720000000000056e+01 -8.263909999999999201e+00 -7.479460000000000441e+00 -8.249990000000000379e+00 -8.461769999999999570e+00 -7.979300000000000281e+00
3.420000000000000000e+05 -9.237769999999999371e+00 -9.804990000000000094e+00 -1.040750000000000064e+01 -1.082390000000000008e+01 -1.120229999999999926e+01 -8.468519999999999825e+00 -9.759209999999999496e+00 -1.013449999999999918e+01 -1.052609999999999957e+01 -1.028669999999999973e+01 -8.273130000000000095e+00 -7.488529999999999909e+00 -8.259209999999999496e+00 -8.471009999999999707e+00 -7.988470000000000404e+00
3.430000000000000000e+05 -9.247090000000000032e+00 -9.814349999999999241e+00 -1.041690000000000005e+01 -1.083329999999999949e+01 -1.121180000000000021e+01 -8.477840000000000487e+00 -9.768560000000000798e+00 -1.014390000000000036e+01 -1.053550000000000075e+01 -1.029609999999999914e+01 -8.282329999999999970e+00 -7.497580000000000133e+00 -8.268409999999999371e+00 -8.480230000000000601e+00 -7.997620000000000395e+00
3.440000000000000000e+05 -9.256380000000000052e+00 -9.823689999999999145e+00 -1.042629999999999946e+01 -1.084270000000000067e+01 -1.122119999999999962e+01 -8.487130000000000507e+00 -9.777889999999999304e+00 -1.015320000000000000e+01 -1.054490000000000016e+01 -1.030540000000000056e+01 -8.291489999999999583e+00 -7.506599999999999717e+00 -8.277580000000000382e+00 -8.489420000000000854e+00 -8.006729999999999237e+00
3.450000000000000000e+05 -9.265639999999999432e+00 -9.832990000000000563e+00 -1.043570000000000064e+01 -1.085200000000000031e+01 -1.123049999999999926e+01 -8.496399999999999508e+00 -9.787190000000000722e+00 -1.016249999999999964e+01 -1.055429999999999957e+01 -1.031479999999999997e+01 -8.300639999999999574e+00 -7.515600000000000058e+00 -8.286720000000000752e+00 -8.498580000000000467e+00 -8.015829999999999345e+00
3.460000000000000000e+05 -9.274879999999999569e+00 -9.842280000000000584e+00 -1.044500000000000028e+01 -1.086139999999999972e+01 -1.123990000000000045e+01 -8.505639999999999645e+00 -9.796459999999999724e+00 -1.017179999999999929e+01 -1.056359999999999921e+01 -1.032409999999999961e+01 -8.309760000000000701e+00 -7.524569999999999759e+00 -8.295840000000000103e+00 -8.507720000000000837e+00 -8.024900000000000588e+00
3.470000000000000000e+05 -9.284090000000000842e+00 -9.851530000000000342e+00 -1.045429999999999993e+01 -1.087069999999999936e+01 -1.124920000000000009e+01 -8.514849999999999142e+00 -9.805709999999999482e+00 -1.018110000000000070e+01 -1.057290000000000063e+01 -1.033339999999999925e+01 -8.318849999999999412e+00 -7.533520000000000216e+00 -8.304930000000000589e+00 -8.516830000000000567e+00 -8.033939999999999415e+00
3.480000000000000000e+05 -9.293269999999999698e+00 -9.860760000000000858e+00 -1.046349999999999980e+01 -1.088000000000000078e+01 -1.125849999999999973e+01 -8.524039999999999395e+00 -9.814930000000000376e+00 -1.019040000000000035e+01 -1.058220000000000027e+01 -1.034270000000000067e+01 -8.327909999999999258e+00 -7.542440000000000033e+00 -8.314000000000000057e+00 -8.525919999999999277e+00 -8.042960000000000775e+00
3.490000000000000000e+05 -9.302429999999999310e+00 -9.869960000000000733e+00 -1.047279999999999944e+01 -1.088920000000000066e+01 -1.126779999999999937e+01 -8.533200000000000784e+00 -9.824120000000000630e+00 -1.019960000000000022e+01 -1.059149999999999991e+01 -1.035190000000000055e+01 -8.336959999999999482e+00 -7.551339999999999719e+00 -8.323040000000000660e+00 -8.534979999999999123e+00 -8.051949999999999719e+00
3.500000000000000000e+05 -9.311569999999999681e+00 -9.879139999999999588e+00 -1.048199999999999932e+01 -1.089850000000000030e+01 -1.127699999999999925e+01 -8.542329999999999757e+00 -9.833289999999999864e+00 -1.020880000000000010e+01 -1.060069999999999979e+01 -1.036110000000000042e+01 -8.345969999999999445e+00 -7.560209999999999653e+00 -8.332060000000000244e+00 -8.544019999999999726e+00 -8.060919999999999419e+00
3.510000000000000000e+05 -9.320679999999999410e+00 -9.888289999999999580e+00 -1.049119999999999919e+01 -1.090770000000000017e+01 -1.128630000000000067e+01 -8.551439999999999486e+00 -9.842430000000000234e+00 -1.021799999999999997e+01 -1.060989999999999966e+01 -1.037030000000000030e+01 -8.354969999999999786e+00 -7.569060000000000343e+00 -8.341049999999999187e+00 -8.553029999999999688e+00 -8.069860000000000255e+00
3.520000000000000000e+05 -9.329760000000000275e+00 -9.897420000000000329e+00 -1.050029999999999930e+01 -1.091690000000000005e+01 -1.129540000000000077e+01 -8.560529999999999973e+00 -9.851549999999999585e+00 -1.022710000000000008e+01 -1.061909999999999954e+01 -1.037950000000000017e+01 -8.363929999999999865e+00 -7.577890000000000015e+00 -8.350020000000000664e+00 -8.562020000000000408e+00 -8.078780000000000072e+00
3.530000000000000000e+05 -9.338820000000000121e+00 -9.906520000000000437e+00 -1.050949999999999918e+01 -1.092600000000000016e+01 -1.130460000000000065e+01 -8.569589999999999819e+00 -9.860640000000000072e+00 -1.023620000000000019e+01 -1.062829999999999941e+01 -1.038860000000000028e+01 -8.372880000000000322e+00 -7.586689999999999934e+00 -8.358959999999999724e+00 -8.570980000000000487e+00 -8.087680000000000646e+00
3.540000000000000000e+05 -9.347849999999999326e+00 -9.915589999999999904e+00 -1.051859999999999928e+01 -1.093510000000000026e+01 -1.131380000000000052e+01 -8.578620000000000800e+00 -9.869699999999999918e+00 -1.024530000000000030e+01 -1.063739999999999952e+01 -1.039770000000000039e+01 -8.381790000000000518e+00 -7.595469999999999722e+00 -8.367879999999999541e+00 -8.579919999999999547e+00 -8.096550000000000580e+00
3.550000000000000000e+05 -9.356859999999999289e+00 -9.924640000000000128e+00 -1.052769999999999939e+01 -1.094420000000000037e+01 -1.132290000000000063e+01 -8.587630000000000763e+00 -9.878750000000000142e+00 -1.025440000000000040e+01 -1.064649999999999963e+01 -1.040680000000000049e+01 -8.390689999999999316e+00 -7.604219999999999757e+00 -8.376770000000000493e+00 -8.588829999999999742e+00 -8.105399999999999494e+00
3.560000000000000000e+05 -9.365840000000000387e+00 -9.933669999999999334e+00 -1.053669999999999973e+01 -1.095330000000000048e+01 -1.133200000000000074e+01 -8.596610000000000085e+00 -9.887760000000000105e+00 -1.026350000000000051e+01 -1.065559999999999974e+01 -1.041590000000000060e+01 -8.399559999999999249e+00 -7.612960000000000171e+00 -8.385640000000000427e+00 -8.597720000000000695e+00 -8.114219999999999544e+00
3.570000000000000000e+05 -9.374800000000000466e+00 -9.942669999999999675e+00 -1.054579999999999984e+01 -1.096240000000000059e+01 -1.134099999999999930e+01 -8.605570000000000164e+00 -9.896750000000000824e+00 -1.027250000000000085e+01 -1.066469999999999985e+01 -1.042489999999999917e+01 -8.408400000000000318e+00 -7.621669999999999945e+00 -8.394489999999999341e+00 -8.606590000000000629e+00 -8.123020000000000351e+00
3.580000000000000000e+05 -9.383729999999999905e+00 -9.951639999999999375e+00 -1.055480000000000018e+01 -1.097139999999999915e+01 -1.135009999999999941e+01 -8.614509999999999224e+00 -9.905720000000000525e+00 -1.028149999999999942e+01 -1.067370000000000019e+01 -1.043389999999999951e+01 -8.417229999999999990e+00 -7.630349999999999966e+00 -8.403309999999999391e+00 -8.615429999999999922e+00 -8.131790000000000518e+00
3.590000000000000000e+05 -9.392640000000000100e+00 -9.960589999999999833e+00 -1.056380000000000052e+01 -1.098039999999999949e+01 -1.135909999999999975e+01 -8.623419999999999419e+00 -9.914659999999999584e+00 -1.029049999999999976e+01 -1.068270000000000053e+01 -1.044289999999999985e+01 -8.426019999999999399e+00 -7.639009999999999856e+00 -8.412110000000000198e+00 -8.624240000000000350e+00 -8.140549999999999287e+00
3.600000000000000000e+05 -9.401519999999999655e+00 -9.969519999999999271e+00 -1.057269999999999932e+01 -1.098939999999999984e+01 -1.136810000000000009e+01 -8.632310000000000372e+00 -9.923579999999999401e+00 -1.029940000000000033e+01 -1.069170000000000087e+01 -1.045190000000000019e+01 -8.434799999999999187e+00 -7.647649999999999615e+00 -8.420880000000000365e+00 -8.633039999999999381e+00 -8.149279999999999191e+00
3.610000000000000000e+05 -9.410389999999999588e+00 -9.978419999999999845e+00 -1.058159999999999989e+01 -1.099830000000000041e+01 -1.137710000000000043e+01 -8.641170000000000684e+00 -9.932470000000000354e+00 -1.030829999999999913e+01 -1.070069999999999943e+01 -1.046080000000000076e+01 -8.443550000000000111e+00 -7.656270000000000131e+00 -8.429629999999999512e+00 -8.641809999999999548e+00 -8.157980000000000231e+00
3.620000000000000000e+05 -9.419219999999999260e+00 -9.987299999999999400e+00 -1.059060000000000024e+01 -1.100730000000000075e+01 -1.138599999999999923e+01 -8.650009999999999977e+00 -9.941340000000000288e+00 -1.031719999999999970e+01 -1.070960000000000001e+01 -1.046969999999999956e+01 -8.452280000000000015e+00 -7.664869999999999628e+00 -8.438359999999999417e+00 -8.650550000000000850e+00 -8.166660000000000252e+00
3.630000000000000000e+05 -9.428029999999999688e+00 -9.996150000000000091e+00 -1.059939999999999927e+01 -1.101619999999999955e+01 -1.139489999999999981e+01 -8.658820000000000405e+00 -9.950179999999999580e+00 -1.032610000000000028e+01 -1.071850000000000058e+01 -1.047860000000000014e+01 -8.460979999999999279e+00 -7.673440000000000261e+00 -8.447070000000000078e+00 -8.659280000000000754e+00 -8.175319999999999254e+00
3.640000000000000000e+05 -9.436820000000000874e+00 -1.000500000000000078e+01 -1.060829999999999984e+01 -1.102500000000000036e+01 -1.140380000000000038e+01 -8.667609999999999815e+00 -9.958999999999999631e+00 -1.033489999999999931e+01 -1.072739999999999938e+01 -1.048750000000000071e+01 -8.469659999999999300e+00 -7.681989999999999874e+00 -8.455750000000000099e+00 -8.667970000000000397e+00 -8.183960000000000790e+00
3.650000000000000000e+05 -9.445589999999999264e+00 -1.001379999999999981e+01 -1.061710000000000065e+01 -1.103389999999999915e+01 -1.141269999999999918e+01 -8.676379999999999981e+00 -9.967800000000000438e+00 -1.034379999999999988e+01 -1.073620000000000019e+01 -1.049629999999999974e+01 -8.478320000000000078e+00 -7.690509999999999735e+00 -8.464410000000000878e+00 -8.676650000000000418e+00 -8.192569999999999908e+00
3.660000000000000000e+05 -9.454330000000000567e+00 -1.002260000000000062e+01 -1.062599999999999945e+01 -1.104269999999999996e+01 -1.142149999999999999e+01 -8.685119999999999507e+00 -9.976570000000000604e+00 -1.035260000000000069e+01 -1.074510000000000076e+01 -1.050520000000000032e+01 -8.486959999999999837e+00 -7.699019999999999975e+00 -8.473039999999999239e+00 -8.685299999999999798e+00 -8.201169999999999405e+00
3.670000000000000000e+05 -9.463050000000000850e+00 -1.003129999999999988e+01 -1.063480000000000025e+01 -1.105150000000000077e+01 -1.143030000000000079e+01 -8.693839999999999790e+00 -9.985319999999999752e+00 -1.036129999999999995e+01 -1.075389999999999979e+01 -1.051399999999999935e+01 -8.495570000000000732e+00 -7.707499999999999574e+00 -8.481650000000000134e+00 -8.693929999999999936e+00 -8.209730000000000416e+00
3.680000000000000000e+05 -9.471740000000000492e+00 -1.004010000000000069e+01 -1.064349999999999952e+01 -1.106029999999999980e+01 -1.143909999999999982e+01 -8.702540000000000830e+00 -9.994049999999999656e+00 -1.037010000000000076e+01 -1.076270000000000060e+01 -1.052270000000000039e+01 -8.504160000000000608e+00 -7.715959999999999930e+00 -8.490240000000000009e+00 -8.702540000000000830e+00 -8.218280000000000030e+00
3.690000000000000000e+05 -9.480420000000000513e+00 -1.004879999999999995e+01 -1.065230000000000032e+01 -1.106910000000000061e+01 -1.144790000000000063e+01 -8.711209999999999454e+00 -1.000280000000000058e+01 -1.037880000000000003e+01 -1.077149999999999963e+01 -1.053149999999999942e+01 -8.512729999999999464e+00 -7.724400000000000155e+00 -8.498810000000000642e+00 -8.711130000000000706e+00 -8.226800000000000779e+00
3.700000000000000000e+05 -9.489069999999999894e+00 -1.005749999999999922e+01 -1.066099999999999959e+01 -1.107779999999999987e+01 -1.145669999999999966e+01 -8.719860000000000610e+00 -1.001140000000000008e+01 -1.038749999999999929e+01 -1.078020000000000067e+01 -1.054020000000000046e+01 -8.521269999999999456e+00 -7.732820000000000249e+00 -8.507360000000000255e+00 -8.719689999999999941e+00 -8.235310000000000130e+00
3.710000000000000000e+05 -9.497690000000000410e+00 -1.006610000000000049e+01 -1.066970000000000063e+01 -1.108649999999999913e+01 -1.146540000000000070e+01 -8.728490000000000748e+00 -1.002009999999999934e+01 -1.039620000000000033e+01 -1.078889999999999993e+01 -1.054889999999999972e+01 -8.529790000000000205e+00 -7.741220000000000212e+00 -8.515879999999999228e+00 -8.728229999999999933e+00 -8.243779999999999220e+00
3.720000000000000000e+05 -9.506289999999999907e+00 -1.007479999999999976e+01 -1.067839999999999989e+01 -1.109520000000000017e+01 -1.147409999999999997e+01 -8.737090000000000245e+00 -1.002870000000000061e+01 -1.040489999999999959e+01 -1.079759999999999920e+01 -1.055760000000000076e+01 -8.538289999999999935e+00 -7.749590000000000423e+00 -8.524380000000000734e+00 -8.736750000000000682e+00 -8.252240000000000464e+00
3.730000000000000000e+05 -9.514879999999999782e+00 -1.008339999999999925e+01 -1.068699999999999939e+01 -1.110389999999999944e+01 -1.148279999999999923e+01 -8.745680000000000121e+00 -1.003730000000000011e+01 -1.041350000000000087e+01 -1.080630000000000024e+01 -1.056620000000000026e+01 -8.546770000000000422e+00 -7.757939999999999614e+00 -8.532859999999999445e+00 -8.745240000000000791e+00 -8.260680000000000689e+00
3.740000000000000000e+05 -9.523429999999999396e+00 -1.009200000000000053e+01 -1.069560000000000066e+01 -1.111250000000000071e+01 -1.149140000000000050e+01 -8.754239999999999355e+00 -1.004589999999999961e+01 -1.042210000000000036e+01 -1.081489999999999974e+01 -1.057489999999999952e+01 -8.555229999999999890e+00 -7.766280000000000072e+00 -8.541309999999999292e+00 -8.753719999999999501e+00 -8.269090000000000273e+00
3.750000000000000000e+05 -9.531969999999999388e+00 -1.010060000000000002e+01 -1.070420000000000016e+01 -1.112119999999999997e+01 -1.150009999999999977e+01 -8.762769999999999726e+00 -1.005450000000000088e+01 -1.043069999999999986e+01 -1.082360000000000078e+01 -1.058350000000000080e+01 -8.563660000000000494e+00 -7.774589999999999890e+00 -8.549749999999999517e+00 -8.762169999999999348e+00 -8.277480000000000615e+00
3.760000000000000000e+05 -9.540480000000000516e+00 -1.010909999999999975e+01 -1.071279999999999966e+01 -1.112979999999999947e+01 -1.150869999999999926e+01 -8.771290000000000475e+00 -1.006300000000000061e+01 -1.043929999999999936e+01 -1.083220000000000027e+01 -1.059210000000000029e+01 -8.572070000000000078e+00 -7.782879999999999576e+00 -8.558160000000000878e+00 -8.770599999999999952e+00 -8.285859999999999559e+00
3.770000000000000000e+05 -9.548970000000000624e+00 -1.011759999999999948e+01 -1.072139999999999915e+01 -1.113829999999999920e+01 -1.151730000000000054e+01 -8.779780000000000584e+00 -1.007160000000000011e+01 -1.044790000000000063e+01 -1.084070000000000000e+01 -1.060060000000000002e+01 -8.580470000000000041e+00 -7.791140000000000398e+00 -8.566549999999999443e+00 -8.779009999999999536e+00 -8.294209999999999638e+00
3.780000000000000000e+05 -9.557439999999999714e+00 -1.012609999999999921e+01 -1.072990000000000066e+01 -1.114690000000000047e+01 -1.152580000000000027e+01 -8.788249999999999673e+00 -1.008000000000000007e+01 -1.045640000000000036e+01 -1.084929999999999950e+01 -1.060919999999999952e+01 -8.588829999999999742e+00 -7.799389999999999823e+00 -8.574920000000000542e+00 -8.787390000000000256e+00 -8.302530000000000854e+00
3.790000000000000000e+05 -9.565889999999999560e+00 -1.013460000000000072e+01 -1.073840000000000039e+01 -1.115540000000000020e+01 -1.153439999999999976e+01 -8.796699999999999520e+00 -1.008849999999999980e+01 -1.046490000000000009e+01 -1.085779999999999923e+01 -1.061769999999999925e+01 -8.597179999999999822e+00 -7.807620000000000005e+00 -8.583270000000000621e+00 -8.795759999999999579e+00 -8.310840000000000671e+00
3.800000000000000000e+05 -9.574320000000000164e+00 -1.014310000000000045e+01 -1.074690000000000012e+01 -1.116389999999999993e+01 -1.154289999999999949e+01 -8.805130000000000123e+00 -1.009699999999999953e+01 -1.047339999999999982e+01 -1.086640000000000050e+01 -1.062620000000000076e+01 -8.605510000000000659e+00 -7.815830000000000055e+00 -8.591599999999999682e+00 -8.804100000000000037e+00 -8.319129999999999470e+00
3.810000000000000000e+05 -9.582720000000000127e+00 -1.015150000000000041e+01 -1.075539999999999985e+01 -1.117239999999999966e+01 -1.155139999999999922e+01 -8.813530000000000086e+00 -1.010539999999999949e+01 -1.048179999999999978e+01 -1.087480000000000047e+01 -1.063460000000000072e+01 -8.613820000000000476e+00 -7.824010000000000353e+00 -8.599899999999999878e+00 -8.812419999999999476e+00 -8.327389999999999404e+00
3.820000000000000000e+05 -9.591100000000000847e+00 -1.015990000000000038e+01 -1.076379999999999981e+01 -1.118089999999999939e+01 -1.155990000000000073e+01 -8.821910000000000807e+00 -1.011379999999999946e+01 -1.049029999999999951e+01 -1.088330000000000020e+01 -1.064310000000000045e+01 -8.622099999999999653e+00 -7.832180000000000142e+00 -8.608190000000000452e+00 -8.820719999999999672e+00 -8.335639999999999716e+00
3.830000000000000000e+05 -9.599460000000000548e+00 -1.016830000000000034e+01 -1.077229999999999954e+01 -1.118929999999999936e+01 -1.156830000000000069e+01 -8.830280000000000129e+00 -1.012219999999999942e+01 -1.049869999999999948e+01 -1.089179999999999993e+01 -1.065150000000000041e+01 -8.630359999999999587e+00 -7.840320000000000178e+00 -8.616450000000000387e+00 -8.829000000000000625e+00 -8.343859999999999388e+00
3.840000000000000000e+05 -9.607799999999999230e+00 -1.017670000000000030e+01 -1.078069999999999951e+01 -1.119769999999999932e+01 -1.157680000000000042e+01 -8.838620000000000587e+00 -1.013059999999999938e+01 -1.050709999999999944e+01 -1.090019999999999989e+01 -1.065990000000000038e+01 -8.638609999999999900e+00 -7.848449999999999704e+00 -8.624689999999999301e+00 -8.837260000000000559e+00 -8.352059999999999818e+00
3.850000000000000000e+05 -9.616120000000000445e+00 -1.018510000000000026e+01 -1.078909999999999947e+01 -1.120609999999999928e+01 -1.158520000000000039e+01 -8.846940000000000026e+00 -1.013889999999999958e+01 -1.051539999999999964e+01 -1.090859999999999985e+01 -1.066830000000000034e+01 -8.646829999999999572e+00 -7.856550000000000367e+00 -8.632920000000000371e+00 -8.845499999999999474e+00 -8.360239999999999227e+00
3.860000000000000000e+05 -9.624420000000000641e+00 -1.019340000000000046e+01 -1.079739999999999966e+01 -1.121449999999999925e+01 -1.159360000000000035e+01 -8.855230000000000601e+00 -1.014729999999999954e+01 -1.052379999999999960e+01 -1.091699999999999982e+01 -1.067670000000000030e+01 -8.655030000000000001e+00 -7.864639999999999631e+00 -8.641120000000000800e+00 -8.853719999999999146e+00 -8.368410000000000792e+00
3.870000000000000000e+05 -9.632690000000000197e+00 -1.020170000000000066e+01 -1.080579999999999963e+01 -1.122289999999999921e+01 -1.160190000000000055e+01 -8.863509999999999778e+00 -1.015559999999999974e+01 -1.053209999999999980e+01 -1.092530000000000001e+01 -1.068500000000000050e+01 -8.663209999999999411e+00 -7.872700000000000031e+00 -8.649300000000000210e+00 -8.861919999999999575e+00 -8.376549999999999940e+00
3.880000000000000000e+05 -9.640950000000000131e+00 -1.021000000000000085e+01 -1.081409999999999982e+01 -1.123119999999999941e+01 -1.161030000000000051e+01 -8.871769999999999712e+00 -1.016380000000000017e+01 -1.054039999999999999e+01 -1.093369999999999997e+01 -1.069340000000000046e+01 -8.671369999999999578e+00 -7.880749999999999922e+00 -8.657460000000000377e+00 -8.870089999999999364e+00 -8.384669999999999845e+00
3.890000000000000000e+05 -9.649179999999999424e+00 -1.021829999999999927e+01 -1.082240000000000002e+01 -1.123949999999999960e+01 -1.161860000000000070e+01 -8.880000000000000782e+00 -1.017210000000000036e+01 -1.054870000000000019e+01 -1.094200000000000017e+01 -1.070170000000000066e+01 -8.679510000000000502e+00 -7.888770000000000060e+00 -8.665599999999999525e+00 -8.878249999999999531e+00 -8.392770000000000508e+00
3.900000000000000000e+05 -9.657389999999999475e+00 -1.022649999999999970e+01 -1.083070000000000022e+01 -1.124779999999999980e+01 -1.162689999999999912e+01 -8.888220000000000454e+00 -1.018030000000000079e+01 -1.055700000000000038e+01 -1.095030000000000037e+01 -1.070989999999999931e+01 -8.687630000000000408e+00 -7.896779999999999688e+00 -8.673719999999999430e+00 -8.886380000000000834e+00 -8.400850000000000151e+00
3.910000000000000000e+05 -9.665589999999999904e+00 -1.023479999999999990e+01 -1.083890000000000065e+01 -1.125609999999999999e+01 -1.163519999999999932e+01 -8.896409999999999485e+00 -1.018859999999999921e+01 -1.056520000000000081e+01 -1.095860000000000056e+01 -1.071819999999999951e+01 -8.695729999999999293e+00 -7.904759999999999565e+00 -8.681820000000000093e+00 -8.894500000000000739e+00 -8.408910000000000551e+00
3.920000000000000000e+05 -9.673759999999999692e+00 -1.024300000000000033e+01 -1.084709999999999930e+01 -1.126430000000000042e+01 -1.164339999999999975e+01 -8.904579999999999274e+00 -1.019679999999999964e+01 -1.057349999999999923e+01 -1.096679999999999922e+01 -1.072639999999999993e+01 -8.703810000000000713e+00 -7.912729999999999819e+00 -8.689899999999999736e+00 -8.902590000000000003e+00 -8.416949999999999932e+00
3.930000000000000000e+05 -9.681910000000000238e+00 -1.025109999999999921e+01 -1.085539999999999949e+01 -1.127260000000000062e+01 -1.165169999999999995e+01 -8.912739999999999441e+00 -1.020490000000000030e+01 -1.058169999999999966e+01 -1.097509999999999941e+01 -1.073470000000000013e+01 -8.711869999999999337e+00 -7.920679999999999943e+00 -8.697960000000000136e+00 -8.910669999999999646e+00 -8.424970000000000070e+00
3.940000000000000000e+05 -9.690039999999999765e+00 -1.025929999999999964e+01 -1.086359999999999992e+01 -1.128079999999999927e+01 -1.165990000000000038e+01 -8.920870000000000744e+00 -1.021310000000000073e+01 -1.058980000000000032e+01 -1.098329999999999984e+01 -1.074280000000000079e+01 -8.719910000000000494e+00 -7.928600000000000314e+00 -8.705999999999999517e+00 -8.918720000000000425e+00 -8.432969999999999189e+00
3.950000000000000000e+05 -9.698150000000000048e+00 -1.026750000000000007e+01 -1.087170000000000059e+01 -1.128899999999999970e+01 -1.166810000000000080e+01 -8.928979999999999251e+00 -1.022119999999999962e+01 -1.059800000000000075e+01 -1.099150000000000027e+01 -1.075099999999999945e+01 -8.727930000000000632e+00 -7.936510000000000176e+00 -8.714019999999999655e+00 -8.926759999999999806e+00 -8.440960000000000463e+00
3.960000000000000000e+05 -9.706239999999999313e+00 -1.027560000000000073e+01 -1.087989999999999924e+01 -1.129710000000000036e+01 -1.167629999999999946e+01 -8.937070000000000292e+00 -1.022940000000000005e+01 -1.060609999999999964e+01 -1.099959999999999916e+01 -1.075919999999999987e+01 -8.735929999999999751e+00 -7.944399999999999906e+00 -8.722020000000000550e+00 -8.934779999999999944e+00 -8.448919999999999320e+00
3.970000000000000000e+05 -9.714309999999999334e+00 -1.028369999999999962e+01 -1.088799999999999990e+01 -1.130530000000000079e+01 -1.168440000000000012e+01 -8.945149999999999935e+00 -1.023739999999999917e+01 -1.061430000000000007e+01 -1.100779999999999959e+01 -1.076730000000000054e+01 -8.743909999999999627e+00 -7.952270000000000394e+00 -8.730000000000000426e+00 -8.942769999999999442e+00 -8.456860000000000710e+00
3.980000000000000000e+05 -9.722360000000000113e+00 -1.029180000000000028e+01 -1.089610000000000056e+01 -1.131339999999999968e+01 -1.169260000000000055e+01 -8.953200000000000713e+00 -1.024549999999999983e+01 -1.062240000000000073e+01 -1.101590000000000025e+01 -1.077539999999999942e+01 -8.751870000000000260e+00 -7.960119999999999862e+00 -8.737959999999999283e+00 -8.950749999999999318e+00 -8.464790000000000703e+00
3.990000000000000000e+05 -9.730399999999999494e+00 -1.029979999999999940e+01 -1.090419999999999945e+01 -1.132150000000000034e+01 -1.170069999999999943e+01 -8.961230000000000473e+00 -1.025360000000000049e+01 -1.063049999999999962e+01 -1.102399999999999913e+01 -1.078350000000000009e+01 -8.759809999999999874e+00 -7.967959999999999710e+00 -8.745900000000000674e+00 -8.958700000000000330e+00 -8.472690000000000055e+00
4.000000000000000000e+05 -9.738410000000000011e+00 -1.030790000000000006e+01 -1.091230000000000011e+01 -1.132959999999999923e+01 -1.170880000000000010e+01 -8.969239999999999213e+00 -1.026159999999999961e+01 -1.063850000000000051e+01 -1.103209999999999980e+01 -1.079160000000000075e+01 -8.767730000000000246e+00 -7.975769999999999804e+00 -8.753819999999999268e+00 -8.966639999999999944e+00 -8.480579999999999785e+00
4.010000000000000000e+05 -9.746399999999999508e+00 -1.031589999999999918e+01 -1.092029999999999923e+01 -1.133769999999999989e+01 -1.171690000000000076e+01 -8.977240000000000109e+00 -1.026960000000000051e+01 -1.064659999999999940e+01 -1.104020000000000046e+01 -1.079969999999999963e+01 -8.775639999999999219e+00 -7.983570000000000277e+00 -8.761730000000000018e+00 -8.974560000000000315e+00 -8.488440000000000651e+00
4.020000000000000000e+05 -9.754369999999999763e+00 -1.032390000000000008e+01 -1.092839999999999989e+01 -1.134570000000000078e+01 -1.172489999999999988e+01 -8.985210000000000363e+00 -1.027759999999999962e+01 -1.065460000000000029e+01 -1.104819999999999958e+01 -1.080770000000000053e+01 -8.783519999999999328e+00 -7.991340000000000110e+00 -8.769610000000000127e+00 -8.982459999999999667e+00 -8.496290000000000120e+00
4.030000000000000000e+05 -9.762320000000000775e+00 -1.033189999999999920e+01 -1.093640000000000079e+01 -1.135369999999999990e+01 -1.173300000000000054e+01 -8.993159999999999599e+00 -1.028560000000000052e+01 -1.066259999999999941e+01 -1.105630000000000024e+01 -1.081569999999999965e+01 -8.791380000000000194e+00 -7.999100000000000321e+00 -8.777480000000000615e+00 -8.990339999999999776e+00 -8.504120000000000346e+00
4.040000000000000000e+05 -9.770260000000000389e+00 -1.033990000000000009e+01 -1.094439999999999991e+01 -1.136170000000000080e+01 -1.174099999999999966e+01 -9.001099999999999213e+00 -1.029359999999999964e+01 -1.067060000000000031e+01 -1.106429999999999936e+01 -1.082370000000000054e+01 -8.799229999999999663e+00 -8.006840000000000401e+00 -8.785320000000000462e+00 -8.998200000000000642e+00 -8.511929999999999552e+00
4.050000000000000000e+05 -9.778169999999999362e+00 -1.034779999999999944e+01 -1.095240000000000080e+01 -1.136969999999999992e+01 -1.174900000000000055e+01 -9.009009999999999962e+00 -1.030150000000000077e+01 -1.067849999999999966e+01 -1.107230000000000025e+01 -1.083169999999999966e+01 -8.807059999999999889e+00 -8.014559999999999462e+00 -8.793150000000000688e+00 -9.006040000000000489e+00 -8.519719999999999516e+00
4.060000000000000000e+05 -9.786070000000000491e+00 -1.035570000000000057e+01 -1.096030000000000015e+01 -1.137770000000000081e+01 -1.175699999999999967e+01 -9.016909999999999314e+00 -1.030940000000000012e+01 -1.068650000000000055e+01 -1.108029999999999937e+01 -1.083960000000000079e+01 -8.814870000000000871e+00 -8.022270000000000678e+00 -8.800959999999999894e+00 -9.013870000000000715e+00 -8.527499999999999858e+00
4.070000000000000000e+05 -9.793939999999999202e+00 -1.036359999999999992e+01 -1.096819999999999951e+01 -1.138560000000000016e+01 -1.176490000000000080e+01 -9.024789999999999424e+00 -1.031729999999999947e+01 -1.069439999999999991e+01 -1.108820000000000050e+01 -1.084759999999999991e+01 -8.822660000000000835e+00 -8.029949999999999477e+00 -8.808749999999999858e+00 -9.021670000000000300e+00 -8.535249999999999559e+00
4.080000000000000000e+05 -9.801800000000000068e+00 -1.037149999999999928e+01 -1.097620000000000040e+01 -1.139359999999999928e+01 -1.177289999999999992e+01 -9.032640000000000668e+00 -1.032520000000000060e+01 -1.070229999999999926e+01 -1.109609999999999985e+01 -1.085549999999999926e+01 -8.830429999999999779e+00 -8.037620000000000431e+00 -8.816520000000000579e+00 -9.029460000000000264e+00 -8.542989999999999640e+00
4.090000000000000000e+05 -9.809639999999999915e+00 -1.037940000000000040e+01 -1.098409999999999975e+01 -1.140150000000000041e+01 -1.178079999999999927e+01 -9.040480000000000516e+00 -1.033309999999999995e+01 -1.071020000000000039e+01 -1.110410000000000075e+01 -1.086340000000000039e+01 -8.838179999999999481e+00 -8.045270000000000366e+00 -8.824270000000000280e+00 -9.037219999999999587e+00 -8.550700000000000855e+00
4.100000000000000000e+05 -9.817449999999999122e+00 -1.038719999999999999e+01 -1.099189999999999934e+01 -1.140939999999999976e+01 -1.178870000000000040e+01 -9.048299999999999343e+00 -1.034089999999999954e+01 -1.071809999999999974e+01 -1.111190000000000033e+01 -1.087129999999999974e+01 -8.845919999999999561e+00 -8.052899999999999281e+00 -8.832010000000000360e+00 -9.044969999999999288e+00 -8.558400000000000674e+00
4.110000000000000000e+05 -9.825260000000000105e+00 -1.039509999999999934e+01 -1.099980000000000047e+01 -1.141729999999999912e+01 -1.179659999999999975e+01 -9.056110000000000326e+00 -1.034869999999999912e+01 -1.072589999999999932e+01 -1.111979999999999968e+01 -1.087909999999999933e+01 -8.853630000000000777e+00 -8.060510000000000730e+00 -8.839719999999999800e+00 -9.052699999999999747e+00 -8.566079999999999472e+00
4.120000000000000000e+05 -9.833040000000000447e+00 -1.040290000000000070e+01 -1.100760000000000005e+01 -1.142510000000000048e+01 -1.180439999999999934e+01 -9.063890000000000668e+00 -1.035660000000000025e+01 -1.073370000000000068e+01 -1.112770000000000081e+01 -1.088700000000000045e+01 -8.861330000000000595e+00 -8.068110000000000781e+00 -8.847419999999999618e+00 -9.060420000000000584e+00 -8.573750000000000426e+00
4.130000000000000000e+05 -9.840799999999999770e+00 -1.041070000000000029e+01 -1.101539999999999964e+01 -1.143290000000000006e+01 -1.181230000000000047e+01 -9.071649999999999991e+00 -1.036430000000000007e+01 -1.074150000000000027e+01 -1.113550000000000040e+01 -1.089480000000000004e+01 -8.869009999999999394e+00 -8.075689999999999813e+00 -8.855100000000000193e+00 -9.068110000000000781e+00 -8.581390000000000740e+00
4.140000000000000000e+05 -9.848539999999999850e+00 -1.041849999999999987e+01 -1.102319999999999922e+01 -1.144079999999999941e+01 -1.182010000000000005e+01 -9.079399999999999693e+00 -1.037209999999999965e+01 -1.074929999999999986e+01 -1.114329999999999998e+01 -1.090259999999999962e+01 -8.876670000000000726e+00 -8.083249999999999602e+00 -8.862759999999999749e+00 -9.075789999999999580e+00 -8.589019999999999655e+00
4.150000000000000000e+05 -9.856270000000000309e+00 -1.042619999999999969e+01 -1.103100000000000058e+01 -1.144849999999999923e+01 -1.182789999999999964e+01 -9.087130000000000152e+00 -1.037989999999999924e+01 -1.075709999999999944e+01 -1.115109999999999957e+01 -1.091039999999999921e+01 -8.884320000000000661e+00 -8.090790000000000148e+00 -8.870409999999999684e+00 -9.083439999999999515e+00 -8.596629999999999328e+00
4.160000000000000000e+05 -9.863979999999999748e+00 -1.043399999999999928e+01 -1.103880000000000017e+01 -1.145630000000000059e+01 -1.183569999999999922e+01 -9.094839999999999591e+00 -1.038760000000000083e+01 -1.076490000000000080e+01 -1.115889999999999915e+01 -1.091820000000000057e+01 -8.891939999999999955e+00 -8.098319999999999297e+00 -8.878030000000000754e+00 -9.091079999999999828e+00 -8.604219999999999757e+00
4.170000000000000000e+05 -9.871669999999999945e+00 -1.044170000000000087e+01 -1.104649999999999999e+01 -1.146410000000000018e+01 -1.184340000000000082e+01 -9.102529999999999788e+00 -1.039530000000000065e+01 -1.077260000000000062e+01 -1.116670000000000051e+01 -1.092590000000000039e+01 -8.899549999999999628e+00 -8.105829999999999202e+00 -8.885640000000000427e+00 -9.098710000000000520e+00 -8.611800000000000566e+00
4.180000000000000000e+05 -9.879339999999999122e+00 -1.044940000000000069e+01 -1.105429999999999957e+01 -1.147180000000000000e+01 -1.185120000000000040e+01 -9.110200000000000742e+00 -1.040300000000000047e+01 -1.078030000000000044e+01 -1.117440000000000033e+01 -1.093360000000000021e+01 -8.907140000000000057e+00 -8.113319999999999865e+00 -8.893230000000000857e+00 -9.106310000000000571e+00 -8.619360000000000355e+00
4.190000000000000000e+05 -9.886990000000000833e+00 -1.045710000000000051e+01 -1.106199999999999939e+01 -1.147949999999999982e+01 -1.185890000000000022e+01 -9.117850000000000676e+00 -1.041070000000000029e+01 -1.078800000000000026e+01 -1.118219999999999992e+01 -1.094130000000000003e+01 -8.914709999999999468e+00 -8.120799999999999130e+00 -8.900809999999999889e+00 -9.113899999999999224e+00 -8.626899999999999125e+00
4.200000000000000000e+05 -9.894629999999999370e+00 -1.046470000000000056e+01 -1.106969999999999921e+01 -1.148729999999999940e+01 -1.186660000000000004e+01 -9.125489999999999213e+00 -1.041830000000000034e+01 -1.079570000000000007e+01 -1.118989999999999974e+01 -1.094899999999999984e+01 -8.922269999999999257e+00 -8.128249999999999531e+00 -8.908360000000000056e+00 -9.121470000000000411e+00 -8.634420000000000428e+00
4.210000000000000000e+05 -9.902250000000000441e+00 -1.047240000000000038e+01 -1.107729999999999926e+01 -1.149489999999999945e+01 -1.187429999999999986e+01 -9.133110000000000284e+00 -1.042600000000000016e+01 -1.080339999999999989e+01 -1.119759999999999955e+01 -1.095669999999999966e+01 -8.929809999999999803e+00 -8.135690000000000310e+00 -8.915900000000000603e+00 -9.129020000000000579e+00 -8.641920000000000712e+00
4.220000000000000000e+05 -9.909850000000000492e+00 -1.048000000000000043e+01 -1.108500000000000085e+01 -1.150259999999999927e+01 -1.188199999999999967e+01 -9.140710000000000335e+00 -1.043360000000000021e+01 -1.081099999999999994e+01 -1.120519999999999960e+01 -1.096439999999999948e+01 -8.937329999999999330e+00 -8.143119999999999692e+00 -8.923420000000000130e+00 -9.136549999999999727e+00 -8.649409999999999599e+00
4.230000000000000000e+05 -9.917429999999999524e+00 -1.048760000000000048e+01 -1.109259999999999913e+01 -1.151030000000000086e+01 -1.188969999999999949e+01 -9.148300000000000765e+00 -1.044120000000000026e+01 -1.081859999999999999e+01 -1.121289999999999942e+01 -1.097199999999999953e+01 -8.944829999999999615e+00 -8.150520000000000209e+00 -8.930920000000000414e+00 -9.144069999999999254e+00 -8.656879999999999242e+00
4.240000000000000000e+05 -9.925000000000000711e+00 -1.049520000000000053e+01 -1.110019999999999918e+01 -1.151789999999999914e+01 -1.189729999999999954e+01 -9.155860000000000554e+00 -1.044880000000000031e+01 -1.082620000000000005e+01 -1.122049999999999947e+01 -1.097959999999999958e+01 -8.952320000000000277e+00 -8.157909999999999329e+00 -8.938409999999999300e+00 -9.151569999999999538e+00 -8.664329999999999643e+00
4.250000000000000000e+05 -9.932539999999999480e+00 -1.050280000000000058e+01 -1.110779999999999923e+01 -1.152549999999999919e+01 -1.190489999999999959e+01 -9.163410000000000721e+00 -1.045640000000000036e+01 -1.083380000000000010e+01 -1.122809999999999953e+01 -1.098719999999999963e+01 -8.959789999999999921e+00 -8.165290000000000603e+00 -8.945880000000000720e+00 -9.159050000000000580e+00 -8.671770000000000422e+00
4.260000000000000000e+05 -9.940070000000000405e+00 -1.051040000000000063e+01 -1.111539999999999928e+01 -1.153309999999999924e+01 -1.191249999999999964e+01 -9.170939999999999870e+00 -1.046390000000000065e+01 -1.084140000000000015e+01 -1.123569999999999958e+01 -1.099479999999999968e+01 -8.967240000000000322e+00 -8.172639999999999461e+00 -8.953329999999999345e+00 -9.166510000000000602e+00 -8.679190000000000182e+00
4.270000000000000000e+05 -9.947589999999999932e+00 -1.051789999999999914e+01 -1.112299999999999933e+01 -1.154069999999999929e+01 -1.192009999999999970e+01 -9.178449999999999775e+00 -1.047150000000000070e+01 -1.084900000000000020e+01 -1.124329999999999963e+01 -1.100239999999999974e+01 -8.974669999999999703e+00 -8.179980000000000473e+00 -8.960770000000000124e+00 -9.173959999999999226e+00 -8.686590000000000700e+00
4.280000000000000000e+05 -9.955080000000000595e+00 -1.052539999999999942e+01 -1.113049999999999962e+01 -1.154819999999999958e+01 -1.192769999999999975e+01 -9.185950000000000060e+00 -1.047899999999999920e+01 -1.085650000000000048e+01 -1.125089999999999968e+01 -1.100990000000000002e+01 -8.982089999999999463e+00 -8.187310000000000088e+00 -8.968180000000000263e+00 -9.181390000000000384e+00 -8.693979999999999819e+00
4.290000000000000000e+05 -9.962559999999999860e+00 -1.053289999999999971e+01 -1.113809999999999967e+01 -1.155579999999999963e+01 -1.193529999999999980e+01 -9.193429999999999325e+00 -1.048649999999999949e+01 -1.086400000000000077e+01 -1.125839999999999996e+01 -1.101750000000000007e+01 -8.989489999999999981e+00 -8.194620000000000459e+00 -8.975590000000000401e+00 -9.188810000000000144e+00 -8.701349999999999696e+00
4.300000000000000000e+05 -9.970019999999999882e+00 -1.054039999999999999e+01 -1.114559999999999995e+01 -1.156329999999999991e+01 -1.194280000000000008e+01 -9.200889999999999347e+00 -1.049399999999999977e+01 -1.087149999999999928e+01 -1.126600000000000001e+01 -1.102500000000000036e+01 -8.996880000000000877e+00 -8.201909999999999812e+00 -8.982969999999999899e+00 -9.196199999999999264e+00 -8.708700000000000330e+00
4.310000000000000000e+05 -9.977470000000000283e+00 -1.054790000000000028e+01 -1.115310000000000024e+01 -1.157080000000000020e+01 -1.195030000000000037e+01 -9.208339999999999748e+00 -1.050140000000000029e+01 -1.087899999999999956e+01 -1.127350000000000030e+01 -1.103250000000000064e+01 -9.004239999999999355e+00 -8.209179999999999922e+00 -8.990339999999999776e+00 -9.203580000000000538e+00 -8.716039999999999566e+00
4.320000000000000000e+05 -9.984890000000000043e+00 -1.055530000000000079e+01 -1.116060000000000052e+01 -1.157830000000000048e+01 -1.195780000000000065e+01 -9.215769999999999129e+00 -1.050890000000000057e+01 -1.088649999999999984e+01 -1.128100000000000058e+01 -1.103999999999999915e+01 -9.011589999999999989e+00 -8.216440000000000410e+00 -8.997690000000000410e+00 -9.210950000000000415e+00 -8.723359999999999559e+00
4.330000000000000000e+05 -9.992300000000000182e+00 -1.056279999999999930e+01 -1.116799999999999926e+01 -1.158580000000000076e+01 -1.196529999999999916e+01 -9.223179999999999268e+00 -1.051629999999999932e+01 -1.089390000000000036e+01 -1.128839999999999932e+01 -1.104739999999999966e+01 -9.018929999999999225e+00 -8.223679999999999879e+00 -9.005020000000000024e+00 -9.218299999999999272e+00 -8.730660000000000309e+00
4.340000000000000000e+05 -9.999700000000000699e+00 -1.057019999999999982e+01 -1.117549999999999955e+01 -1.159319999999999951e+01 -1.197279999999999944e+01 -9.230570000000000164e+00 -1.052369999999999983e+01 -1.090140000000000065e+01 -1.129589999999999961e+01 -1.105489999999999995e+01 -9.026249999999999218e+00 -8.230909999999999727e+00 -9.012340000000000018e+00 -9.225630000000000663e+00 -8.737949999999999662e+00
4.350000000000000000e+05 -1.000709999999999944e+01 -1.057760000000000034e+01 -1.118290000000000006e+01 -1.160069999999999979e+01 -1.198019999999999996e+01 -9.237949999999999662e+00 -1.053110000000000035e+01 -1.090879999999999939e+01 -1.130330000000000013e+01 -1.106230000000000047e+01 -9.033549999999999969e+00 -8.238120000000000331e+00 -9.019640000000000768e+00 -9.232939999999999259e+00 -8.745219999999999771e+00
4.360000000000000000e+05 -1.001440000000000019e+01 -1.058500000000000085e+01 -1.119030000000000058e+01 -1.160810000000000031e+01 -1.198760000000000048e+01 -9.245309999999999917e+00 -1.053850000000000087e+01 -1.091619999999999990e+01 -1.131080000000000041e+01 -1.106969999999999921e+01 -9.040829999999999700e+00 -8.245309999999999917e+00 -9.026930000000000121e+00 -9.240240000000000009e+00 -8.752470000000000638e+00
4.370000000000000000e+05 -1.002180000000000071e+01 -1.059239999999999959e+01 -1.119769999999999932e+01 -1.161550000000000082e+01 -1.199510000000000076e+01 -9.252649999999999153e+00 -1.054589999999999961e+01 -1.092360000000000042e+01 -1.131819999999999915e+01 -1.107709999999999972e+01 -9.048099999999999810e+00 -8.252489999999999881e+00 -9.034200000000000230e+00 -9.247519999999999740e+00 -8.759710000000000107e+00
4.380000000000000000e+05 -1.002909999999999968e+01 -1.059970000000000034e+01 -1.120509999999999984e+01 -1.162289999999999957e+01 -1.200249999999999950e+01 -9.259980000000000544e+00 -1.055320000000000036e+01 -1.093089999999999939e+01 -1.132559999999999967e+01 -1.108450000000000024e+01 -9.055360000000000298e+00 -8.259660000000000224e+00 -9.041449999999999321e+00 -9.254789999999999850e+00 -8.766930000000000334e+00
4.390000000000000000e+05 -1.003640000000000043e+01 -1.060710000000000086e+01 -1.121240000000000059e+01 -1.163030000000000008e+01 -1.200980000000000025e+01 -9.267289999999999139e+00 -1.056060000000000088e+01 -1.093829999999999991e+01 -1.133300000000000018e+01 -1.109190000000000076e+01 -9.062590000000000146e+00 -8.266799999999999926e+00 -9.048690000000000566e+00 -9.262040000000000717e+00 -8.774139999999999162e+00
4.400000000000000000e+05 -1.004369999999999941e+01 -1.061439999999999984e+01 -1.121979999999999933e+01 -1.163760000000000083e+01 -1.201720000000000077e+01 -9.274589999999999890e+00 -1.056789999999999985e+01 -1.094560000000000066e+01 -1.134029999999999916e+01 -1.109919999999999973e+01 -9.069810000000000372e+00 -8.273939999999999628e+00 -9.055910000000000792e+00 -9.269270000000000564e+00 -8.781330000000000524e+00
4.410000000000000000e+05 -1.005100000000000016e+01 -1.062170000000000059e+01 -1.122710000000000008e+01 -1.164499999999999957e+01 -1.202459999999999951e+01 -9.281869999999999621e+00 -1.057520000000000060e+01 -1.095299999999999940e+01 -1.134769999999999968e+01 -1.110650000000000048e+01 -9.077019999999999200e+00 -8.281050000000000466e+00 -9.063119999999999621e+00 -9.276490000000000791e+00 -8.788510000000000488e+00
4.420000000000000000e+05 -1.005819999999999936e+01 -1.062899999999999956e+01 -1.123440000000000083e+01 -1.165230000000000032e+01 -1.203190000000000026e+01 -9.289130000000000109e+00 -1.058239999999999981e+01 -1.096030000000000015e+01 -1.135500000000000043e+01 -1.111389999999999922e+01 -9.084210000000000562e+00 -8.288149999999999906e+00 -9.070309999999999206e+00 -9.283689999999999998e+00 -8.795669999999999433e+00
4.430000000000000000e+05 -1.006550000000000011e+01 -1.063620000000000054e+01 -1.124169999999999980e+01 -1.165959999999999930e+01 -1.203919999999999924e+01 -9.296379999999999200e+00 -1.058970000000000056e+01 -1.096749999999999936e+01 -1.136229999999999940e+01 -1.112110000000000021e+01 -9.091379999999999129e+00 -8.295239999999999725e+00 -9.077479999999999549e+00 -9.290869999999999962e+00 -8.802809999999999135e+00
4.440000000000000000e+05 -1.007269999999999932e+01 -1.064349999999999952e+01 -1.124900000000000055e+01 -1.166690000000000005e+01 -1.204649999999999999e+01 -9.303610000000000824e+00 -1.059699999999999953e+01 -1.097480000000000011e+01 -1.136960000000000015e+01 -1.112839999999999918e+01 -9.098539999999999850e+00 -8.302310000000000301e+00 -9.084640000000000271e+00 -9.298040000000000305e+00 -8.809939999999999216e+00
4.450000000000000000e+05 -1.007990000000000030e+01 -1.065070000000000050e+01 -1.125629999999999953e+01 -1.167420000000000080e+01 -1.205380000000000074e+01 -9.310819999999999652e+00 -1.060420000000000051e+01 -1.098210000000000086e+01 -1.137689999999999912e+01 -1.113569999999999993e+01 -9.105679999999999552e+00 -8.309359999999999857e+00 -9.091779999999999973e+00 -9.305199999999999250e+00 -8.817050000000000054e+00
4.460000000000000000e+05 -1.008709999999999951e+01 -1.065799999999999947e+01 -1.126350000000000051e+01 -1.168140000000000001e+01 -1.206099999999999994e+01 -9.318020000000000636e+00 -1.061139999999999972e+01 -1.098930000000000007e+01 -1.138410000000000011e+01 -1.114289999999999914e+01 -9.112809999999999633e+00 -8.316399999999999793e+00 -9.098900000000000432e+00 -9.312329999999999330e+00 -8.824149999999999494e+00
4.470000000000000000e+05 -1.009430000000000049e+01 -1.066520000000000046e+01 -1.127069999999999972e+01 -1.168870000000000076e+01 -1.206830000000000069e+01 -9.325200000000000600e+00 -1.061860000000000070e+01 -1.099649999999999928e+01 -1.139140000000000086e+01 -1.115019999999999989e+01 -9.119920000000000471e+00 -8.323430000000000106e+00 -9.106019999999999115e+00 -9.319459999999999411e+00 -8.831229999999999691e+00
4.480000000000000000e+05 -1.010149999999999970e+01 -1.067239999999999966e+01 -1.127800000000000047e+01 -1.169589999999999996e+01 -1.207549999999999990e+01 -9.332369999999999166e+00 -1.062579999999999991e+01 -1.100370000000000026e+01 -1.139860000000000007e+01 -1.115740000000000087e+01 -9.127010000000000289e+00 -8.330439999999999401e+00 -9.113110000000000710e+00 -9.326560000000000628e+00 -8.838290000000000646e+00
4.490000000000000000e+05 -1.010859999999999914e+01 -1.067950000000000088e+01 -1.128519999999999968e+01 -1.170309999999999917e+01 -1.208280000000000065e+01 -9.339520000000000266e+00 -1.063299999999999912e+01 -1.101089999999999947e+01 -1.140579999999999927e+01 -1.116460000000000008e+01 -9.134090000000000487e+00 -8.337429999999999453e+00 -9.120189999999999131e+00 -9.333660000000000068e+00 -8.845340000000000202e+00
4.500000000000000000e+05 -1.011580000000000013e+01 -1.068670000000000009e+01 -1.129229999999999912e+01 -1.171030000000000015e+01 -1.208999999999999986e+01 -9.346659999999999968e+00 -1.064010000000000034e+01 -1.101810000000000045e+01 -1.141300000000000026e+01 -1.117179999999999929e+01 -9.141159999999999286e+00 -8.344409999999999883e+00 -9.127259999999999707e+00 -9.340730000000000643e+00 -8.852380000000000138e+00
4.510000000000000000e+05 -1.012289999999999957e+01 -1.069379999999999953e+01 -1.129950000000000010e+01 -1.171749999999999936e+01 -1.209709999999999930e+01 -9.353780000000000427e+00 -1.064729999999999954e+01 -1.102529999999999966e+01 -1.142019999999999946e+01 -1.117890000000000050e+01 -9.148210000000000619e+00 -8.351380000000000692e+00 -9.134299999999999642e+00 -9.347789999999999822e+00 -8.859400000000000830e+00
4.520000000000000000e+05 -1.013000000000000078e+01 -1.070100000000000051e+01 -1.130659999999999954e+01 -1.172460000000000058e+01 -1.210430000000000028e+01 -9.360879999999999868e+00 -1.065440000000000076e+01 -1.103240000000000087e+01 -1.142740000000000045e+01 -1.118609999999999971e+01 -9.155239999999999156e+00 -8.358330000000000481e+00 -9.141339999999999577e+00 -9.354839999999999378e+00 -8.866410000000000124e+00
4.530000000000000000e+05 -1.013710000000000022e+01 -1.070809999999999995e+01 -1.131380000000000052e+01 -1.173179999999999978e+01 -1.211149999999999949e+01 -9.367969999999999686e+00 -1.066150000000000020e+01 -1.103950000000000031e+01 -1.143449999999999989e+01 -1.119319999999999915e+01 -9.162259999999999849e+00 -8.365259999999999252e+00 -9.148360000000000269e+00 -9.361869999999999692e+00 -8.873400000000000176e+00
4.540000000000000000e+05 -1.014409999999999989e+01 -1.071519999999999939e+01 -1.132089999999999996e+01 -1.173889999999999922e+01 -1.211860000000000070e+01 -9.375040000000000262e+00 -1.066859999999999964e+01 -1.104659999999999975e+01 -1.144159999999999933e+01 -1.120040000000000013e+01 -9.169259999999999522e+00 -8.372180000000000177e+00 -9.155359999999999943e+00 -9.368880000000000763e+00 -8.880369999999999209e+00
4.550000000000000000e+05 -1.015119999999999933e+01 -1.072230000000000061e+01 -1.132799999999999940e+01 -1.174600000000000044e+01 -1.212570000000000014e+01 -9.382099999999999440e+00 -1.067570000000000086e+01 -1.105369999999999919e+01 -1.144880000000000031e+01 -1.120749999999999957e+01 -9.176249999999999574e+00 -8.379089999999999705e+00 -9.162349999999999994e+00 -9.375890000000000057e+00 -8.887330000000000396e+00
4.560000000000000000e+05 -1.015820000000000078e+01 -1.072930000000000028e+01 -1.133510000000000062e+01 -1.175309999999999988e+01 -1.213279999999999959e+01 -9.389139999999999375e+00 -1.068270000000000053e+01 -1.106080000000000041e+01 -1.145589999999999975e+01 -1.121460000000000079e+01 -9.183230000000000004e+00 -8.385979999999999990e+00 -9.169320000000000803e+00 -9.382870000000000488e+00 -8.894280000000000186e+00
4.570000000000000000e+05 -1.016530000000000022e+01 -1.073639999999999972e+01 -1.134220000000000006e+01 -1.176019999999999932e+01 -1.213990000000000080e+01 -9.396169999999999689e+00 -1.068979999999999997e+01 -1.106789999999999985e+01 -1.146299999999999919e+01 -1.122160000000000046e+01 -9.190179999999999794e+00 -8.392860000000000653e+00 -9.176280000000000214e+00 -9.389839999999999520e+00 -8.901210000000000733e+00
4.580000000000000000e+05 -1.017229999999999990e+01 -1.074339999999999939e+01 -1.134919999999999973e+01 -1.176730000000000054e+01 -1.214700000000000024e+01 -9.403180000000000760e+00 -1.069679999999999964e+01 -1.107489999999999952e+01 -1.147000000000000064e+01 -1.122869999999999990e+01 -9.197129999999999583e+00 -8.399720000000000297e+00 -9.183230000000000004e+00 -9.396800000000000708e+00 -8.908129999999999882e+00
4.590000000000000000e+05 -1.017929999999999957e+01 -1.075040000000000084e+01 -1.135629999999999917e+01 -1.177430000000000021e+01 -1.215409999999999968e+01 -9.410180000000000433e+00 -1.070379999999999932e+01 -1.108200000000000074e+01 -1.147710000000000008e+01 -1.123569999999999958e+01 -9.204060000000000130e+00 -8.406570000000000320e+00 -9.190160000000000551e+00 -9.403740000000000876e+00 -8.915029999999999788e+00
4.600000000000000000e+05 -1.018629999999999924e+01 -1.075750000000000028e+01 -1.136330000000000062e+01 -1.178139999999999965e+01 -1.216109999999999935e+01 -9.417160000000000863e+00 -1.071080000000000076e+01 -1.108900000000000041e+01 -1.148409999999999975e+01 -1.124280000000000079e+01 -9.210969999999999658e+00 -8.413399999999999324e+00 -9.197070000000000078e+00 -9.410660000000000025e+00 -8.921910000000000451e+00
4.610000000000000000e+05 -1.019319999999999915e+01 -1.076440000000000019e+01 -1.137030000000000030e+01 -1.178839999999999932e+01 -1.216810000000000080e+01 -9.424129999999999896e+00 -1.071780000000000044e+01 -1.109600000000000009e+01 -1.149119999999999919e+01 -1.124980000000000047e+01 -9.217869999999999564e+00 -8.420220000000000482e+00 -9.203969999999999985e+00 -9.417569999999999553e+00 -8.928789999999999338e+00
4.620000000000000000e+05 -1.020020000000000060e+01 -1.077139999999999986e+01 -1.137729999999999997e+01 -1.179540000000000077e+01 -1.217520000000000024e+01 -9.431079999999999686e+00 -1.072480000000000011e+01 -1.110299999999999976e+01 -1.149820000000000064e+01 -1.125680000000000014e+01 -9.224759999999999849e+00 -8.427020000000000621e+00 -9.210860000000000269e+00 -9.424469999999999459e+00 -8.935650000000000759e+00
4.630000000000000000e+05 -1.020710000000000051e+01 -1.077839999999999954e+01 -1.138429999999999964e+01 -1.180240000000000045e+01 -1.218219999999999992e+01 -9.438019999999999854e+00 -1.073170000000000002e+01 -1.110989999999999966e+01 -1.150520000000000032e+01 -1.126379999999999981e+01 -9.231629999999999114e+00 -8.433820000000000761e+00 -9.217729999999999535e+00 -9.431350000000000122e+00 -8.942489999999999384e+00
4.640000000000000000e+05 -1.021400000000000041e+01 -1.078529999999999944e+01 -1.139129999999999932e+01 -1.180940000000000012e+01 -1.218909999999999982e+01 -9.444940000000000779e+00 -1.073869999999999969e+01 -1.111689999999999934e+01 -1.151210000000000022e+01 -1.127069999999999972e+01 -9.238490000000000535e+00 -8.440590000000000259e+00 -9.224589999999999179e+00 -9.438219999999999388e+00 -8.949320000000000164e+00
4.650000000000000000e+05 -1.022090000000000032e+01 -1.079229999999999912e+01 -1.139819999999999922e+01 -1.181630000000000003e+01 -1.219609999999999950e+01 -9.451850000000000307e+00 -1.074559999999999960e+01 -1.112390000000000079e+01 -1.151909999999999989e+01 -1.127769999999999939e+01 -9.245329999999999160e+00 -8.447350000000000136e+00 -9.231429999999999580e+00 -9.445069999999999411e+00 -8.956129999999999924e+00
4.660000000000000000e+05 -1.022780000000000022e+01 -1.079920000000000080e+01 -1.140509999999999913e+01 -1.182329999999999970e+01 -1.220309999999999917e+01 -9.458750000000000213e+00 -1.075249999999999950e+01 -1.113080000000000069e+01 -1.152609999999999957e+01 -1.128459999999999930e+01 -9.252159999999999940e+00 -8.454100000000000392e+00 -9.238260000000000360e+00 -9.451909999999999812e+00 -8.962939999999999685e+00
4.670000000000000000e+05 -1.023470000000000013e+01 -1.080610000000000070e+01 -1.141210000000000058e+01 -1.183019999999999960e+01 -1.221000000000000085e+01 -9.465630000000000877e+00 -1.075939999999999941e+01 -1.113770000000000060e+01 -1.153299999999999947e+01 -1.129149999999999920e+01 -9.258969999999999700e+00 -8.460839999999999250e+00 -9.245070000000000121e+00 -9.458740000000000592e+00 -8.969720000000000582e+00
4.680000000000000000e+05 -1.024160000000000004e+01 -1.081300000000000061e+01 -1.141900000000000048e+01 -1.183709999999999951e+01 -1.221690000000000076e+01 -9.472490000000000521e+00 -1.076629999999999932e+01 -1.114460000000000051e+01 -1.153989999999999938e+01 -1.129850000000000065e+01 -9.265769999999999840e+00 -8.467560000000000642e+00 -9.251870000000000260e+00 -9.465550000000000352e+00 -8.976490000000000080e+00
4.690000000000000000e+05 -1.024840000000000018e+01 -1.081980000000000075e+01 -1.142590000000000039e+01 -1.184399999999999942e+01 -1.222390000000000043e+01 -9.479340000000000543e+00 -1.077319999999999922e+01 -1.115150000000000041e+01 -1.154679999999999929e+01 -1.130540000000000056e+01 -9.272550000000000736e+00 -8.474270000000000636e+00 -9.258649999999999380e+00 -9.472340000000000870e+00 -8.983249999999999957e+00
4.700000000000000000e+05 -1.025530000000000008e+01 -1.082670000000000066e+01 -1.143270000000000053e+01 -1.185089999999999932e+01 -1.223080000000000034e+01 -9.486179999999999168e+00 -1.077999999999999936e+01 -1.115840000000000032e+01 -1.155369999999999919e+01 -1.131220000000000070e+01 -9.279329999999999856e+00 -8.480959999999999610e+00 -9.265430000000000277e+00 -9.479129999999999612e+00 -8.990000000000000213e+00
4.710000000000000000e+05 -1.026210000000000022e+01 -1.083350000000000080e+01 -1.143960000000000043e+01 -1.185779999999999923e+01 -1.223760000000000048e+01 -9.493000000000000327e+00 -1.078689999999999927e+01 -1.116520000000000046e+01 -1.156060000000000088e+01 -1.131910000000000061e+01 -9.286080000000000112e+00 -8.487640000000000740e+00 -9.272180000000000533e+00 -9.485889999999999489e+00 -8.996729999999999450e+00
4.720000000000000000e+05 -1.026890000000000036e+01 -1.084040000000000070e+01 -1.144650000000000034e+01 -1.186469999999999914e+01 -1.224450000000000038e+01 -9.499810000000000088e+00 -1.079369999999999941e+01 -1.117210000000000036e+01 -1.156750000000000078e+01 -1.132600000000000051e+01 -9.292830000000000368e+00 -8.494310000000000471e+00 -9.278930000000000788e+00 -9.492649999999999366e+00 -9.003450000000000841e+00
4.730000000000000000e+05 -1.027570000000000050e+01 -1.084720000000000084e+01 -1.145330000000000048e+01 -1.187149999999999928e+01 -1.225140000000000029e+01 -9.506600000000000605e+00 -1.080049999999999955e+01 -1.117890000000000050e+01 -1.157429999999999914e+01 -1.133280000000000065e+01 -9.299559999999999604e+00 -8.500959999999999184e+00 -9.285660000000000025e+00 -9.499390000000000001e+00 -9.010149999999999437e+00
4.740000000000000000e+05 -1.028250000000000064e+01 -1.085399999999999920e+01 -1.146010000000000062e+01 -1.187829999999999941e+01 -1.225820000000000043e+01 -9.513379999999999725e+00 -1.080729999999999968e+01 -1.118570000000000064e+01 -1.158109999999999928e+01 -1.133960000000000079e+01 -9.306269999999999598e+00 -8.507600000000000051e+00 -9.292370000000000019e+00 -9.506109999999999616e+00 -9.016840000000000188e+00
4.750000000000000000e+05 -1.028919999999999924e+01 -1.086079999999999934e+01 -1.146690000000000076e+01 -1.188509999999999955e+01 -1.226500000000000057e+01 -9.520139999999999603e+00 -1.081409999999999982e+01 -1.119250000000000078e+01 -1.158799999999999919e+01 -1.134639999999999915e+01 -9.312969999999999970e+00 -8.514219999999999899e+00 -9.299070000000000391e+00 -9.512819999999999609e+00 -9.023509999999999920e+00
4.760000000000000000e+05 -1.029599999999999937e+01 -1.086759999999999948e+01 -1.147369999999999912e+01 -1.189199999999999946e+01 -1.227180000000000071e+01 -9.526889999999999858e+00 -1.082089999999999996e+01 -1.119929999999999914e+01 -1.159479999999999933e+01 -1.135319999999999929e+01 -9.319660000000000721e+00 -8.520839999999999748e+00 -9.305759999999999366e+00 -9.519519999999999982e+00 -9.030179999999999652e+00
4.770000000000000000e+05 -1.030269999999999975e+01 -1.087429999999999986e+01 -1.148049999999999926e+01 -1.189869999999999983e+01 -1.227860000000000085e+01 -9.533630000000000493e+00 -1.082760000000000034e+01 -1.120609999999999928e+01 -1.160159999999999947e+01 -1.135999999999999943e+01 -9.326330000000000453e+00 -8.527430000000000732e+00 -9.312440000000000495e+00 -9.526210000000000733e+00 -9.036830000000000140e+00
4.780000000000000000e+05 -1.030940000000000012e+01 -1.088109999999999999e+01 -1.148729999999999940e+01 -1.190549999999999997e+01 -1.228539999999999921e+01 -9.540350000000000108e+00 -1.083430000000000071e+01 -1.121279999999999966e+01 -1.160829999999999984e+01 -1.136679999999999957e+01 -9.332990000000000563e+00 -8.534019999999999939e+00 -9.319100000000000605e+00 -9.532880000000000464e+00 -9.043459999999999610e+00
4.790000000000000000e+05 -1.031610000000000049e+01 -1.088780000000000037e+01 -1.149399999999999977e+01 -1.191230000000000011e+01 -1.229219999999999935e+01 -9.547060000000000102e+00 -1.084110000000000085e+01 -1.121959999999999980e+01 -1.161509999999999998e+01 -1.137349999999999994e+01 -9.339639999999999276e+00 -8.540589999999999904e+00 -9.325739999999999696e+00 -9.539540000000000575e+00 -9.050079999999999458e+00
4.800000000000000000e+05 -1.032280000000000086e+01 -1.089450000000000074e+01 -1.150070000000000014e+01 -1.191900000000000048e+01 -1.229889999999999972e+01 -9.553760000000000474e+00 -1.084779999999999944e+01 -1.122630000000000017e+01 -1.162190000000000012e+01 -1.138030000000000008e+01 -9.346270000000000522e+00 -8.547150000000000247e+00 -9.332380000000000564e+00 -9.546179999999999666e+00 -9.056689999999999685e+00
4.810000000000000000e+05 -1.032949999999999946e+01 -1.090119999999999933e+01 -1.150750000000000028e+01 -1.192580000000000062e+01 -1.230569999999999986e+01 -9.560439999999999827e+00 -1.085449999999999982e+01 -1.123300000000000054e+01 -1.162860000000000049e+01 -1.138700000000000045e+01 -9.352890000000000370e+00 -8.553699999999999193e+00 -9.339000000000000412e+00 -9.552809999999999135e+00 -9.063280000000000669e+00
4.820000000000000000e+05 -1.033619999999999983e+01 -1.090789999999999971e+01 -1.151420000000000066e+01 -1.193249999999999922e+01 -1.231240000000000023e+01 -9.567109999999999559e+00 -1.086120000000000019e+01 -1.123969999999999914e+01 -1.163530000000000086e+01 -1.139370000000000083e+01 -9.359500000000000597e+00 -8.560230000000000672e+00 -9.345599999999999241e+00 -9.559430000000000760e+00 -9.069869999999999877e+00
4.830000000000000000e+05 -1.034280000000000044e+01 -1.091460000000000008e+01 -1.152089999999999925e+01 -1.193919999999999959e+01 -1.231910000000000061e+01 -9.573760000000000048e+00 -1.086780000000000079e+01 -1.124639999999999951e+01 -1.164199999999999946e+01 -1.140039999999999942e+01 -9.366089999999999804e+00 -8.566750000000000753e+00 -9.352199999999999847e+00 -9.566029999999999589e+00 -9.076430000000000220e+00
4.840000000000000000e+05 -1.034950000000000081e+01 -1.092120000000000068e+01 -1.152759999999999962e+01 -1.194589999999999996e+01 -1.232579999999999920e+01 -9.580410000000000537e+00 -1.087449999999999939e+01 -1.125309999999999988e+01 -1.164869999999999983e+01 -1.140709999999999980e+01 -9.372669999999999391e+00 -8.573259999999999437e+00 -9.358779999999999433e+00 -9.572620000000000573e+00 -9.082990000000000563e+00
4.850000000000000000e+05 -1.035609999999999964e+01 -1.092789999999999928e+01 -1.153420000000000023e+01 -1.195250000000000057e+01 -1.233249999999999957e+01 -9.587030000000000385e+00 -1.088109999999999999e+01 -1.125970000000000049e+01 -1.165540000000000020e+01 -1.141370000000000040e+01 -9.379239999999999355e+00 -8.579750000000000654e+00 -9.365339999999999776e+00 -9.579200000000000159e+00 -9.089529999999999887e+00
4.860000000000000000e+05 -1.036270000000000024e+01 -1.093449999999999989e+01 -1.154090000000000060e+01 -1.195919999999999916e+01 -1.233919999999999995e+01 -9.593650000000000233e+00 -1.088780000000000037e+01 -1.126640000000000086e+01 -1.166210000000000058e+01 -1.142040000000000077e+01 -9.385790000000000077e+00 -8.586230000000000473e+00 -9.371900000000000119e+00 -9.585760000000000502e+00 -9.096059999999999590e+00
4.870000000000000000e+05 -1.036930000000000085e+01 -1.094120000000000026e+01 -1.154749999999999943e+01 -1.196589999999999954e+01 -1.234580000000000055e+01 -9.600250000000000838e+00 -1.089439999999999920e+01 -1.127299999999999969e+01 -1.166869999999999941e+01 -1.142699999999999960e+01 -9.392329999999999401e+00 -8.592700000000000671e+00 -9.378439999999999444e+00 -9.592309999999999448e+00 -9.102579999999999671e+00
4.880000000000000000e+05 -1.037589999999999968e+01 -1.094780000000000086e+01 -1.155410000000000004e+01 -1.197250000000000014e+01 -1.235249999999999915e+01 -9.606830000000000425e+00 -1.090099999999999980e+01 -1.127960000000000029e+01 -1.167539999999999978e+01 -1.143369999999999997e+01 -9.398860000000000881e+00 -8.599149999999999849e+00 -9.384959999999999525e+00 -9.598850000000000549e+00 -9.109080000000000510e+00
4.890000000000000000e+05 -1.038250000000000028e+01 -1.095439999999999969e+01 -1.156080000000000041e+01 -1.197910000000000075e+01 -1.235909999999999975e+01 -9.613410000000000011e+00 -1.090760000000000041e+01 -1.128619999999999912e+01 -1.168200000000000038e+01 -1.144030000000000058e+01 -9.405379999999999185e+00 -8.605600000000000804e+00 -9.391479999999999606e+00 -9.605370000000000630e+00 -9.115569999999999951e+00
4.900000000000000000e+05 -1.038899999999999935e+01 -1.096090000000000053e+01 -1.156739999999999924e+01 -1.198569999999999958e+01 -1.236570000000000036e+01 -9.619970000000000354e+00 -1.091419999999999924e+01 -1.129279999999999973e+01 -1.168859999999999921e+01 -1.144689999999999941e+01 -9.411880000000000024e+00 -8.612030000000000740e+00 -9.397980000000000445e+00 -9.611879999999999313e+00 -9.122049999999999770e+00
4.910000000000000000e+05 -1.039559999999999995e+01 -1.096749999999999936e+01 -1.157390000000000008e+01 -1.199230000000000018e+01 -1.237229999999999919e+01 -9.626519999999999300e+00 -1.092070000000000007e+01 -1.129940000000000033e+01 -1.169519999999999982e+01 -1.145350000000000001e+01 -9.418369999999999465e+00 -8.618439999999999657e+00 -9.404469999999999885e+00 -9.618380000000000152e+00 -9.128510000000000346e+00
4.920000000000000000e+05 -1.040210000000000079e+01 -1.097409999999999997e+01 -1.158050000000000068e+01 -1.199890000000000079e+01 -1.237889999999999979e+01 -9.633050000000000779e+00 -1.092730000000000068e+01 -1.130599999999999916e+01 -1.170180000000000042e+01 -1.146010000000000062e+01 -9.424839999999999662e+00 -8.624850000000000350e+00 -9.410940000000000083e+00 -9.624869999999999592e+00 -9.134959999999999525e+00
4.930000000000000000e+05 -1.040859999999999985e+01 -1.098060000000000080e+01 -1.158709999999999951e+01 -1.200549999999999962e+01 -1.238550000000000040e+01 -9.639570000000000860e+00 -1.093379999999999974e+01 -1.131250000000000000e+01 -1.170839999999999925e+01 -1.146659999999999968e+01 -9.431300000000000239e+00 -8.631240000000000023e+00 -9.417410000000000281e+00 -9.631339999999999790e+00 -9.141400000000000858e+00
4.940000000000000000e+05 -1.041510000000000069e+01 -1.098709999999999987e+01 -1.159360000000000035e+01 -1.201200000000000045e+01 -1.239199999999999946e+01 -9.646079999999999544e+00 -1.094030000000000058e+01 -1.131910000000000061e+01 -1.171490000000000009e+01 -1.147320000000000029e+01 -9.437749999999999417e+00 -8.637620000000000076e+00 -9.423859999999999459e+00 -9.637800000000000367e+00 -9.147830000000000794e+00
4.950000000000000000e+05 -1.042159999999999975e+01 -1.099360000000000070e+01 -1.160019999999999918e+01 -1.201859999999999928e+01 -1.239860000000000007e+01 -9.652580000000000382e+00 -1.094689999999999941e+01 -1.132559999999999967e+01 -1.172150000000000070e+01 -1.147969999999999935e+01 -9.444190000000000751e+00 -8.643990000000000506e+00 -9.430289999999999395e+00 -9.644239999999999924e+00 -9.154239999999999711e+00
4.960000000000000000e+05 -1.042810000000000059e+01 -1.100019999999999953e+01 -1.160670000000000002e+01 -1.202510000000000012e+01 -1.240509999999999913e+01 -9.659060000000000201e+00 -1.095330000000000048e+01 -1.133210000000000051e+01 -1.172799999999999976e+01 -1.148620000000000019e+01 -9.450609999999999289e+00 -8.650339999999999918e+00 -9.436719999999999331e+00 -9.650679999999999481e+00 -9.160640000000000782e+00
4.970000000000000000e+05 -1.043459999999999965e+01 -1.100660000000000061e+01 -1.161320000000000086e+01 -1.203159999999999918e+01 -1.241169999999999973e+01 -9.665530000000000399e+00 -1.095979999999999954e+01 -1.133859999999999957e+01 -1.173450000000000060e+01 -1.149269999999999925e+01 -9.457029999999999603e+00 -8.656679999999999708e+00 -9.443130000000000024e+00 -9.657099999999999795e+00 -9.167030000000000456e+00
4.980000000000000000e+05 -1.044100000000000072e+01 -1.101309999999999967e+01 -1.161969999999999992e+01 -1.203810000000000002e+01 -1.241820000000000057e+01 -9.671979999999999578e+00 -1.096630000000000038e+01 -1.134510000000000041e+01 -1.174099999999999966e+01 -1.149920000000000009e+01 -9.463419999999999277e+00 -8.663009999999999877e+00 -9.449529999999999319e+00 -9.663510000000000488e+00 -9.173400000000000887e+00
4.990000000000000000e+05 -1.044749999999999979e+01 -1.101960000000000051e+01 -1.162620000000000076e+01 -1.204460000000000086e+01 -1.242469999999999963e+01 -9.678430000000000533e+00 -1.097279999999999944e+01 -1.135159999999999947e+01 -1.174750000000000050e+01 -1.150569999999999915e+01 -9.469810000000000727e+00 -8.669330000000000425e+00 -9.455909999999999371e+00 -9.669900000000000162e+00 -9.179769999999999541e+00
5.000000000000000000e+05 -1.045390000000000086e+01 -1.102599999999999980e+01 -1.163260000000000005e+01 -1.205109999999999992e+01 -1.243120000000000047e+01 -9.684860000000000468e+00 -1.097920000000000051e+01 -1.135800000000000054e+01 -1.175399999999999956e+01 -1.151219999999999999e+01 -9.476190000000000779e+00 -8.675639999999999574e+00 -9.462289999999999424e+00 -9.676289999999999836e+00 -9.186120000000000729e+00
5.010000000000000000e+05 -1.046030000000000015e+01 -1.103250000000000064e+01 -1.163909999999999911e+01 -1.205760000000000076e+01 -1.243759999999999977e+01 -9.691280000000000783e+00 -1.098559999999999981e+01 -1.136449999999999960e+01 -1.176050000000000040e+01 -1.151859999999999928e+01 -9.482549999999999812e+00 -8.681929999999999481e+00 -9.468650000000000233e+00 -9.682660000000000267e+00 -9.192460000000000520e+00
5.020000000000000000e+05 -1.046669999999999945e+01 -1.103889999999999993e+01 -1.164550000000000018e+01 -1.206400000000000006e+01 -1.244410000000000061e+01 -9.697680000000000078e+00 -1.099210000000000065e+01 -1.137090000000000067e+01 -1.176689999999999969e+01 -1.152510000000000012e+01 -9.488899999999999224e+00 -8.688209999999999766e+00 -9.474999999999999645e+00 -9.689019999999999300e+00 -9.198779999999999291e+00
5.030000000000000000e+05 -1.047310000000000052e+01 -1.104529999999999923e+01 -1.165199999999999925e+01 -1.207049999999999912e+01 -1.245049999999999990e+01 -9.704079999999999373e+00 -1.099849999999999994e+01 -1.137729999999999997e+01 -1.177340000000000053e+01 -1.153149999999999942e+01 -9.495229999999999393e+00 -8.694480000000000430e+00 -9.481339999999999435e+00 -9.695360000000000866e+00 -9.205099999999999838e+00
5.040000000000000000e+05 -1.047949999999999982e+01 -1.105170000000000030e+01 -1.165840000000000032e+01 -1.207690000000000019e+01 -1.245700000000000074e+01 -9.710459999999999425e+00 -1.100489999999999924e+01 -1.138380000000000081e+01 -1.177979999999999983e+01 -1.153790000000000049e+01 -9.501559999999999562e+00 -8.700739999999999696e+00 -9.487659999999999982e+00 -9.701700000000000657e+00 -9.211399999999999366e+00
5.050000000000000000e+05 -1.048590000000000089e+01 -1.105809999999999960e+01 -1.166479999999999961e+01 -1.208329999999999949e+01 -1.246340000000000003e+01 -9.716829999999999856e+00 -1.101130000000000031e+01 -1.139020000000000010e+01 -1.178619999999999912e+01 -1.154429999999999978e+01 -9.507870000000000488e+00 -8.706979999999999720e+00 -9.493969999999999132e+00 -9.708019999999999428e+00 -9.217689999999999273e+00
5.060000000000000000e+05 -1.049220000000000041e+01 -1.106450000000000067e+01 -1.167120000000000068e+01 -1.208970000000000056e+01 -1.246979999999999933e+01 -9.723179999999999268e+00 -1.101759999999999984e+01 -1.139649999999999963e+01 -1.179260000000000019e+01 -1.155070000000000086e+01 -9.514170000000000016e+00 -8.713219999999999743e+00 -9.500270000000000437e+00 -9.714330000000000354e+00 -9.223959999999999937e+00
5.070000000000000000e+05 -1.049859999999999971e+01 -1.107080000000000020e+01 -1.167759999999999998e+01 -1.209609999999999985e+01 -1.247620000000000040e+01 -9.729530000000000456e+00 -1.102399999999999913e+01 -1.140290000000000070e+01 -1.179899999999999949e+01 -1.155710000000000015e+01 -9.520459999999999923e+00 -8.719440000000000524e+00 -9.506560000000000343e+00 -9.720629999999999882e+00 -9.230230000000000601e+00
5.080000000000000000e+05 -1.050489999999999924e+01 -1.107719999999999949e+01 -1.168389999999999951e+01 -1.210249999999999915e+01 -1.248259999999999970e+01 -9.735860000000000625e+00 -1.103030000000000044e+01 -1.140930000000000000e+01 -1.180540000000000056e+01 -1.156349999999999945e+01 -9.526730000000000587e+00 -8.725649999999999906e+00 -9.512840000000000629e+00 -9.726910000000000167e+00 -9.236480000000000246e+00
5.090000000000000000e+05 -1.051120000000000054e+01 -1.108350000000000080e+01 -1.169030000000000058e+01 -1.210880000000000045e+01 -1.248889999999999922e+01 -9.742179999999999396e+00 -1.103669999999999973e+01 -1.141559999999999953e+01 -1.181179999999999986e+01 -1.156980000000000075e+01 -9.532999999999999474e+00 -8.731849999999999667e+00 -9.519099999999999895e+00 -9.733180000000000831e+00 -9.242720000000000269e+00
5.100000000000000000e+05 -1.051750000000000007e+01 -1.108990000000000009e+01 -1.169660000000000011e+01 -1.211519999999999975e+01 -1.249530000000000030e+01 -9.748480000000000700e+00 -1.104299999999999926e+01 -1.142200000000000060e+01 -1.181809999999999938e+01 -1.157620000000000005e+01 -9.539249999999999119e+00 -8.738030000000000186e+00 -9.525349999999999540e+00 -9.739440000000000097e+00 -9.248950000000000671e+00
5.110000000000000000e+05 -1.052379999999999960e+01 -1.109619999999999962e+01 -1.170299999999999940e+01 -1.212149999999999928e+01 -1.250169999999999959e+01 -9.754780000000000229e+00 -1.104930000000000057e+01 -1.142830000000000013e+01 -1.182450000000000045e+01 -1.158249999999999957e+01 -9.545489999999999142e+00 -8.744210000000000704e+00 -9.531589999999999563e+00 -9.745689999999999742e+00 -9.255169999999999675e+00
5.120000000000000000e+05 -1.053009999999999913e+01 -1.110249999999999915e+01 -1.170930000000000071e+01 -1.212790000000000035e+01 -1.250799999999999912e+01 -9.761060000000000514e+00 -1.105560000000000009e+01 -1.143459999999999965e+01 -1.183079999999999998e+01 -1.158880000000000088e+01 -9.551719999999999544e+00 -8.750370000000000203e+00 -9.537819999999999965e+00 -9.751929999999999765e+00 -9.261380000000000834e+00
5.130000000000000000e+05 -1.053640000000000043e+01 -1.110880000000000045e+01 -1.171560000000000024e+01 -1.213419999999999987e+01 -1.251430000000000042e+01 -9.767329999999999401e+00 -1.106189999999999962e+01 -1.144089999999999918e+01 -1.183709999999999951e+01 -1.159520000000000017e+01 -9.557930000000000703e+00 -8.756520000000000081e+00 -9.544040000000000745e+00 -9.758160000000000167e+00 -9.267569999999999197e+00
5.140000000000000000e+05 -1.054260000000000019e+01 -1.111500000000000021e+01 -1.172189999999999976e+01 -1.214049999999999940e+01 -1.252059999999999995e+01 -9.773590000000000444e+00 -1.106819999999999915e+01 -1.144720000000000049e+01 -1.184340000000000082e+01 -1.160139999999999993e+01 -9.564140000000000086e+00 -8.762660000000000338e+00 -9.550240000000000506e+00 -9.764369999999999550e+00 -9.273749999999999716e+00
5.150000000000000000e+05 -1.054889999999999972e+01 -1.112129999999999974e+01 -1.172819999999999929e+01 -1.214680000000000071e+01 -1.252689999999999948e+01 -9.779840000000000089e+00 -1.107440000000000069e+01 -1.145350000000000001e+01 -1.184970000000000034e+01 -1.160769999999999946e+01 -9.570330000000000226e+00 -8.768789999999999196e+00 -9.556440000000000268e+00 -9.770569999999999311e+00 -9.279920000000000613e+00
5.160000000000000000e+05 -1.055509999999999948e+01 -1.112759999999999927e+01 -1.173440000000000083e+01 -1.215300000000000047e+01 -1.253320000000000078e+01 -9.786070000000000491e+00 -1.108070000000000022e+01 -1.145969999999999978e+01 -1.185599999999999987e+01 -1.161400000000000077e+01 -9.576510000000000744e+00 -8.774910000000000210e+00 -9.562620000000000786e+00 -9.776759999999999451e+00 -9.286080000000000112e+00
5.170000000000000000e+05 -1.056129999999999924e+01 -1.113380000000000081e+01 -1.174070000000000036e+01 -1.215930000000000000e+01 -1.253950000000000031e+01 -9.792289999999999495e+00 -1.108689999999999998e+01 -1.146599999999999930e+01 -1.186219999999999963e+01 -1.162030000000000030e+01 -9.582679999999999865e+00 -8.781010000000000204e+00 -9.568789999999999907e+00 -9.782939999999999969e+00 -9.292229999999999990e+00
5.180000000000000000e+05 -1.056760000000000055e+01 -1.114000000000000057e+01 -1.174690000000000012e+01 -1.216559999999999953e+01 -1.254570000000000007e+01 -9.798500000000000654e+00 -1.109309999999999974e+01 -1.147220000000000084e+01 -1.186849999999999916e+01 -1.162650000000000006e+01 -9.588839999999999364e+00 -8.787110000000000198e+00 -9.574939999999999785e+00 -9.789099999999999469e+00 -9.298370000000000246e+00
5.190000000000000000e+05 -1.057380000000000031e+01 -1.114620000000000033e+01 -1.175319999999999965e+01 -1.217179999999999929e+01 -1.255199999999999960e+01 -9.804700000000000415e+00 -1.109929999999999950e+01 -1.147840000000000060e+01 -1.187480000000000047e+01 -1.163269999999999982e+01 -9.594979999999999620e+00 -8.793189999999999173e+00 -9.581089999999999662e+00 -9.795260000000000744e+00 -9.304489999999999483e+00
5.200000000000000000e+05 -1.057990000000000030e+01 -1.115249999999999986e+01 -1.175939999999999941e+01 -1.217800000000000082e+01 -1.255819999999999936e+01 -9.810890000000000555e+00 -1.110549999999999926e+01 -1.148470000000000013e+01 -1.188100000000000023e+01 -1.163899999999999935e+01 -9.601119999999999877e+00 -8.799260000000000304e+00 -9.587220000000000297e+00 -9.801399999999999224e+00 -9.310600000000000875e+00
5.210000000000000000e+05 -1.058610000000000007e+01 -1.115859999999999985e+01 -1.176559999999999917e+01 -1.218430000000000035e+01 -1.256439999999999912e+01 -9.817059999999999675e+00 -1.111170000000000080e+01 -1.149089999999999989e+01 -1.188719999999999999e+01 -1.164520000000000088e+01 -9.607239999999999114e+00 -8.805320000000000036e+00 -9.593349999999999156e+00 -9.807529999999999859e+00 -9.316700000000000870e+00
5.220000000000000000e+05 -1.059229999999999983e+01 -1.116479999999999961e+01 -1.177180000000000071e+01 -1.219050000000000011e+01 -1.257070000000000043e+01 -9.823230000000000572e+00 -1.111790000000000056e+01 -1.149709999999999965e+01 -1.189339999999999975e+01 -1.165140000000000065e+01 -9.613350000000000506e+00 -8.811370000000000147e+00 -9.599460000000000548e+00 -9.813650000000000873e+00 -9.322789999999999466e+00
5.230000000000000000e+05 -1.059839999999999982e+01 -1.117099999999999937e+01 -1.177800000000000047e+01 -1.219669999999999987e+01 -1.257690000000000019e+01 -9.829380000000000450e+00 -1.112410000000000032e+01 -1.150319999999999965e+01 -1.189959999999999951e+01 -1.165760000000000041e+01 -9.619450000000000500e+00 -8.817399999999999238e+00 -9.605560000000000542e+00 -9.819760000000000488e+00 -9.328870000000000218e+00
5.240000000000000000e+05 -1.060459999999999958e+01 -1.117719999999999914e+01 -1.178420000000000023e+01 -1.220279999999999987e+01 -1.258300000000000018e+01 -9.835520000000000707e+00 -1.113020000000000032e+01 -1.150939999999999941e+01 -1.190579999999999927e+01 -1.166370000000000040e+01 -9.625540000000000873e+00 -8.823430000000000106e+00 -9.611649999999999139e+00 -9.825860000000000483e+00 -9.334939999999999571e+00
5.250000000000000000e+05 -1.061069999999999958e+01 -1.118329999999999913e+01 -1.179030000000000022e+01 -1.220899999999999963e+01 -1.258919999999999995e+01 -9.841649999999999565e+00 -1.113640000000000008e+01 -1.151559999999999917e+01 -1.191200000000000081e+01 -1.166990000000000016e+01 -9.631619999999999848e+00 -8.829449999999999577e+00 -9.617720000000000269e+00 -9.831939999999999458e+00 -9.340999999999999304e+00
5.260000000000000000e+05 -1.061679999999999957e+01 -1.118939999999999912e+01 -1.179649999999999999e+01 -1.221519999999999939e+01 -1.259539999999999971e+01 -9.847770000000000579e+00 -1.114250000000000007e+01 -1.152169999999999916e+01 -1.191810000000000080e+01 -1.167609999999999992e+01 -9.637679999999999580e+00 -8.835449999999999804e+00 -9.623789999999999623e+00 -9.838020000000000209e+00 -9.347039999999999793e+00
5.270000000000000000e+05 -1.062289999999999957e+01 -1.119560000000000066e+01 -1.180259999999999998e+01 -1.222129999999999939e+01 -1.260149999999999970e+01 -9.853870000000000573e+00 -1.114860000000000007e+01 -1.152779999999999916e+01 -1.192430000000000057e+01 -1.168219999999999992e+01 -9.643739999999999313e+00 -8.841440000000000410e+00 -9.629839999999999733e+00 -9.844079999999999941e+00 -9.353080000000000283e+00
5.280000000000000000e+05 -1.062899999999999956e+01 -1.120170000000000066e+01 -1.180869999999999997e+01 -1.222749999999999915e+01 -1.260769999999999946e+01 -9.859970000000000567e+00 -1.115470000000000006e+01 -1.153400000000000070e+01 -1.193040000000000056e+01 -1.168829999999999991e+01 -9.649779999999999802e+00 -8.847429999999999239e+00 -9.635889999999999844e+00 -9.850130000000000052e+00 -9.359099999999999753e+00
5.290000000000000000e+05 -1.063509999999999955e+01 -1.120780000000000065e+01 -1.181489999999999974e+01 -1.223359999999999914e+01 -1.261379999999999946e+01 -9.866049999999999542e+00 -1.116080000000000005e+01 -1.154010000000000069e+01 -1.193660000000000032e+01 -1.169449999999999967e+01 -9.655810000000000670e+00 -8.853400000000000603e+00 -9.641920000000000712e+00 -9.856170000000000542e+00 -9.365109999999999602e+00
5.300000000000000000e+05 -1.064119999999999955e+01 -1.121390000000000065e+01 -1.182099999999999973e+01 -1.223969999999999914e+01 -1.261989999999999945e+01 -9.872120000000000672e+00 -1.116690000000000005e+01 -1.154620000000000068e+01 -1.194270000000000032e+01 -1.170059999999999967e+01 -9.661830000000000140e+00 -8.859360000000000568e+00 -9.647940000000000182e+00 -9.862199999999999633e+00 -9.371109999999999829e+00
5.310000000000000000e+05 -1.064719999999999978e+01 -1.121990000000000087e+01 -1.182709999999999972e+01 -1.224579999999999913e+01 -1.262599999999999945e+01 -9.878180000000000405e+00 -1.117300000000000004e+01 -1.155230000000000068e+01 -1.194880000000000031e+01 -1.170669999999999966e+01 -9.667839999999999989e+00 -8.865309999999999135e+00 -9.653950000000000031e+00 -9.868220000000000880e+00 -9.377100000000000435e+00
5.320000000000000000e+05 -1.065329999999999977e+01 -1.122600000000000087e+01 -1.183309999999999995e+01 -1.225189999999999912e+01 -1.263209999999999944e+01 -9.884230000000000516e+00 -1.117910000000000004e+01 -1.155829999999999913e+01 -1.195490000000000030e+01 -1.171269999999999989e+01 -9.673840000000000217e+00 -8.871240000000000236e+00 -9.659950000000000259e+00 -9.874230000000000729e+00 -9.383079999999999643e+00
5.330000000000000000e+05 -1.065930000000000000e+01 -1.123210000000000086e+01 -1.183919999999999995e+01 -1.225799999999999912e+01 -1.263819999999999943e+01 -9.890269999999999229e+00 -1.118510000000000026e+01 -1.156439999999999912e+01 -1.196090000000000053e+01 -1.171879999999999988e+01 -9.679830000000000823e+00 -8.877169999999999561e+00 -9.665940000000000865e+00 -9.880219999999999558e+00 -9.389039999999999608e+00
5.340000000000000000e+05 -1.066530000000000022e+01 -1.123809999999999931e+01 -1.184529999999999994e+01 -1.226399999999999935e+01 -1.264429999999999943e+01 -9.896300000000000097e+00 -1.119120000000000026e+01 -1.157049999999999912e+01 -1.196700000000000053e+01 -1.172489999999999988e+01 -9.685810000000000031e+00 -8.883089999999999264e+00 -9.671910000000000451e+00 -9.886210000000000164e+00 -9.394999999999999574e+00
5.350000000000000000e+05 -1.067130000000000045e+01 -1.124409999999999954e+01 -1.185130000000000017e+01 -1.227009999999999934e+01 -1.265039999999999942e+01 -9.902309999999999945e+00 -1.119720000000000049e+01 -1.157649999999999935e+01 -1.197310000000000052e+01 -1.173090000000000011e+01 -9.691769999999999996e+00 -8.888999999999999346e+00 -9.677880000000000038e+00 -9.892179999999999751e+00 -9.400949999999999918e+00
5.360000000000000000e+05 -1.067740000000000045e+01 -1.125019999999999953e+01 -1.185740000000000016e+01 -1.227609999999999957e+01 -1.265639999999999965e+01 -9.908319999999999794e+00 -1.120320000000000071e+01 -1.158249999999999957e+01 -1.197910000000000075e+01 -1.173700000000000010e+01 -9.697729999999999961e+00 -8.894890000000000185e+00 -9.683830000000000382e+00 -9.898149999999999338e+00 -9.406879999999999242e+00
5.370000000000000000e+05 -1.068329999999999913e+01 -1.125619999999999976e+01 -1.186340000000000039e+01 -1.228219999999999956e+01 -1.266249999999999964e+01 -9.914310000000000400e+00 -1.120919999999999916e+01 -1.158859999999999957e+01 -1.198520000000000074e+01 -1.174300000000000033e+01 -9.703670000000000684e+00 -8.900779999999999248e+00 -9.689780000000000726e+00 -9.904099999999999682e+00 -9.412800000000000722e+00
5.380000000000000000e+05 -1.068929999999999936e+01 -1.126219999999999999e+01 -1.186940000000000062e+01 -1.228819999999999979e+01 -1.266849999999999987e+01 -9.920289999999999608e+00 -1.121519999999999939e+01 -1.159459999999999980e+01 -1.199119999999999919e+01 -1.174900000000000055e+01 -9.709600000000000009e+00 -8.906650000000000844e+00 -9.695710000000000051e+00 -9.910040000000000404e+00 -9.418720000000000425e+00
5.390000000000000000e+05 -1.069529999999999959e+01 -1.126820000000000022e+01 -1.187540000000000084e+01 -1.229420000000000002e+01 -1.267450000000000010e+01 -9.926259999999999195e+00 -1.122119999999999962e+01 -1.160060000000000002e+01 -1.199719999999999942e+01 -1.175500000000000078e+01 -9.715529999999999333e+00 -8.912520000000000664e+00 -9.701629999999999754e+00 -9.915969999999999729e+00 -9.424620000000000886e+00
5.400000000000000000e+05 -1.070129999999999981e+01 -1.127420000000000044e+01 -1.188139999999999930e+01 -1.230020000000000024e+01 -1.268050000000000033e+01 -9.932219999999999160e+00 -1.122719999999999985e+01 -1.160650000000000048e+01 -1.200319999999999965e+01 -1.176099999999999923e+01 -9.721439999999999415e+00 -8.918369999999999465e+00 -9.707549999999999457e+00 -9.921889999999999432e+00 -9.430509999999999948e+00
5.410000000000000000e+05 -1.070720000000000027e+01 -1.128009999999999913e+01 -1.188739999999999952e+01 -1.230620000000000047e+01 -1.268650000000000055e+01 -9.938169999999999504e+00 -1.123310000000000031e+01 -1.161250000000000071e+01 -1.200919999999999987e+01 -1.176699999999999946e+01 -9.727339999999999876e+00 -8.924210000000000420e+00 -9.713449999999999918e+00 -9.927799999999999514e+00 -9.436389999999999390e+00
5.420000000000000000e+05 -1.071310000000000073e+01 -1.128609999999999935e+01 -1.189339999999999975e+01 -1.231220000000000070e+01 -1.269250000000000078e+01 -9.944110000000000227e+00 -1.123910000000000053e+01 -1.161849999999999916e+01 -1.201520000000000010e+01 -1.177299999999999969e+01 -9.733230000000000715e+00 -8.930039999999999978e+00 -9.719340000000000757e+00 -9.933699999999999974e+00 -9.442259999999999209e+00
5.430000000000000000e+05 -1.071909999999999918e+01 -1.129199999999999982e+01 -1.189930000000000021e+01 -1.231809999999999938e+01 -1.269849999999999923e+01 -9.950039999999999552e+00 -1.124499999999999922e+01 -1.162439999999999962e+01 -1.202120000000000033e+01 -1.177890000000000015e+01 -9.739110000000000156e+00 -8.935869999999999536e+00 -9.725220000000000198e+00 -9.939590000000000813e+00 -9.448119999999999408e+00
5.440000000000000000e+05 -1.072499999999999964e+01 -1.129800000000000004e+01 -1.190530000000000044e+01 -1.232409999999999961e+01 -1.270439999999999969e+01 -9.955959999999999255e+00 -1.125099999999999945e+01 -1.163039999999999985e+01 -1.202710000000000079e+01 -1.178490000000000038e+01 -9.744979999999999976e+00 -8.941679999999999851e+00 -9.731090000000000018e+00 -9.945460000000000633e+00 -9.453969999999999985e+00
5.450000000000000000e+05 -1.073090000000000011e+01 -1.130390000000000050e+01 -1.191119999999999912e+01 -1.233000000000000007e+01 -1.271039999999999992e+01 -9.961869999999999337e+00 -1.125689999999999991e+01 -1.163630000000000031e+01 -1.203309999999999924e+01 -1.179080000000000084e+01 -9.750840000000000174e+00 -8.947480000000000544e+00 -9.736950000000000216e+00 -9.951330000000000453e+00 -9.459809999999999164e+00
5.460000000000000000e+05 -1.073680000000000057e+01 -1.130979999999999919e+01 -1.191709999999999958e+01 -1.233600000000000030e+01 -1.271630000000000038e+01 -9.967760000000000176e+00 -1.126280000000000037e+01 -1.164220000000000077e+01 -1.203899999999999970e+01 -1.179669999999999952e+01 -9.756690000000000751e+00 -8.953269999999999840e+00 -9.742789999999999395e+00 -9.957190000000000651e+00 -9.465640000000000498e+00
5.470000000000000000e+05 -1.074269999999999925e+01 -1.131569999999999965e+01 -1.192300000000000004e+01 -1.234190000000000076e+01 -1.272230000000000061e+01 -9.973649999999999238e+00 -1.126870000000000083e+01 -1.164819999999999922e+01 -1.204490000000000016e+01 -1.180269999999999975e+01 -9.762520000000000309e+00 -8.959049999999999514e+00 -9.748630000000000351e+00 -9.963029999999999831e+00 -9.471460000000000434e+00
5.480000000000000000e+05 -1.074849999999999994e+01 -1.132160000000000011e+01 -1.192890000000000050e+01 -1.234779999999999944e+01 -1.272819999999999929e+01 -9.979520000000000834e+00 -1.127459999999999951e+01 -1.165409999999999968e+01 -1.205080000000000062e+01 -1.180860000000000021e+01 -9.768349999999999866e+00 -8.964819999999999567e+00 -9.754459999999999908e+00 -9.968870000000000786e+00 -9.477270000000000749e+00
5.490000000000000000e+05 -1.075440000000000040e+01 -1.132750000000000057e+01 -1.193479999999999919e+01 -1.235369999999999990e+01 -1.273409999999999975e+01 -9.985390000000000654e+00 -1.128040000000000020e+01 -1.165990000000000038e+01 -1.205669999999999931e+01 -1.181450000000000067e+01 -9.774169999999999803e+00 -8.970579999999999998e+00 -9.760279999999999845e+00 -9.974690000000000722e+00 -9.483069999999999666e+00
5.500000000000000000e+05 -1.076030000000000086e+01 -1.133329999999999949e+01 -1.194069999999999965e+01 -1.235960000000000036e+01 -1.274000000000000021e+01 -9.991239999999999455e+00 -1.128630000000000067e+01 -1.166580000000000084e+01 -1.206259999999999977e+01 -1.182039999999999935e+01 -9.779970000000000496e+00 -8.976330000000000808e+00 -9.766080000000000538e+00 -9.980499999999999261e+00 -9.488849999999999341e+00
5.510000000000000000e+05 -1.076609999999999978e+01 -1.133919999999999995e+01 -1.194660000000000011e+01 -1.236550000000000082e+01 -1.274590000000000067e+01 -9.997080000000000410e+00 -1.129219999999999935e+01 -1.167169999999999952e+01 -1.206850000000000023e+01 -1.182620000000000005e+01 -9.785769999999999413e+00 -8.982070000000000221e+00 -9.771879999999999455e+00 -9.986309999999999576e+00 -9.494630000000000791e+00
5.520000000000000000e+05 -1.077190000000000047e+01 -1.134500000000000064e+01 -1.195250000000000057e+01 -1.237139999999999951e+01 -1.275169999999999959e+01 -1.000290000000000035e+01 -1.129800000000000004e+01 -1.167759999999999998e+01 -1.207440000000000069e+01 -1.183210000000000051e+01 -9.791560000000000485e+00 -8.987800000000000011e+00 -9.777659999999999130e+00 -9.992100000000000648e+00 -9.500400000000000844e+00
5.530000000000000000e+05 -1.077779999999999916e+01 -1.135089999999999932e+01 -1.195829999999999949e+01 -1.237720000000000020e+01 -1.275760000000000005e+01 -1.000869999999999926e+01 -1.130380000000000074e+01 -1.168340000000000067e+01 -1.208029999999999937e+01 -1.183799999999999919e+01 -9.797330000000000538e+00 -8.993520000000000181e+00 -9.783440000000000580e+00 -9.997889999999999944e+00 -9.506149999999999878e+00
5.540000000000000000e+05 -1.078359999999999985e+01 -1.135670000000000002e+01 -1.196419999999999995e+01 -1.238310000000000066e+01 -1.276350000000000051e+01 -1.001449999999999996e+01 -1.130969999999999942e+01 -1.168919999999999959e+01 -1.208610000000000007e+01 -1.184379999999999988e+01 -9.803100000000000591e+00 -8.999230000000000729e+00 -9.789210000000000633e+00 -1.000370000000000026e+01 -9.511900000000000688e+00
5.550000000000000000e+05 -1.078940000000000055e+01 -1.136250000000000071e+01 -1.197000000000000064e+01 -1.238889999999999958e+01 -1.276929999999999943e+01 -1.002030000000000065e+01 -1.131550000000000011e+01 -1.169510000000000005e+01 -1.209200000000000053e+01 -1.184960000000000058e+01 -9.808849999999999625e+00 -9.004929999999999879e+00 -9.794959999999999667e+00 -1.000939999999999941e+01 -9.517640000000000100e+00
5.560000000000000000e+05 -1.079519999999999946e+01 -1.136829999999999963e+01 -1.197579999999999956e+01 -1.239470000000000027e+01 -1.277510000000000012e+01 -1.002609999999999957e+01 -1.132130000000000081e+01 -1.170090000000000074e+01 -1.209779999999999944e+01 -1.185549999999999926e+01 -9.814600000000000435e+00 -9.010619999999999408e+00 -9.800710000000000477e+00 -1.001520000000000010e+01 -9.523360000000000269e+00
5.570000000000000000e+05 -1.080090000000000039e+01 -1.137410000000000032e+01 -1.198160000000000025e+01 -1.240060000000000073e+01 -1.278100000000000058e+01 -1.003190000000000026e+01 -1.132709999999999972e+01 -1.170669999999999966e+01 -1.210360000000000014e+01 -1.186129999999999995e+01 -9.820330000000000226e+00 -9.016299999999999315e+00 -9.806440000000000268e+00 -1.002089999999999925e+01 -9.529080000000000439e+00
5.580000000000000000e+05 -1.080669999999999931e+01 -1.137989999999999924e+01 -1.198739999999999917e+01 -1.240639999999999965e+01 -1.278679999999999950e+01 -1.003769999999999918e+01 -1.133290000000000042e+01 -1.171250000000000036e+01 -1.210940000000000083e+01 -1.186710000000000065e+01 -9.826060000000000016e+00 -9.021969999999999601e+00 -9.812170000000000059e+00 -1.002660000000000018e+01 -9.534789999999999210e+00
5.590000000000000000e+05 -1.081250000000000000e+01 -1.138569999999999993e+01 -1.199319999999999986e+01 -1.241220000000000034e+01 -1.279260000000000019e+01 -1.004349999999999987e+01 -1.133859999999999957e+01 -1.171829999999999927e+01 -1.211519999999999975e+01 -1.187289999999999957e+01 -9.831770000000000564e+00 -9.027630000000000265e+00 -9.817880000000000607e+00 -1.003240000000000087e+01 -9.540480000000000516e+00
5.600000000000000000e+05 -1.081819999999999915e+01 -1.139150000000000063e+01 -1.199900000000000055e+01 -1.241799999999999926e+01 -1.279840000000000089e+01 -1.004920000000000080e+01 -1.134440000000000026e+01 -1.172400000000000020e+01 -1.212100000000000044e+01 -1.187860000000000049e+01 -9.837479999999999336e+00 -9.033279999999999532e+00 -9.823589999999999378e+00 -1.003810000000000002e+01 -9.546170000000000044e+00
5.610000000000000000e+05 -1.082399999999999984e+01 -1.139719999999999978e+01 -1.200479999999999947e+01 -1.242370000000000019e+01 -1.280419999999999980e+01 -1.005489999999999995e+01 -1.135019999999999918e+01 -1.172979999999999912e+01 -1.212679999999999936e+01 -1.188439999999999941e+01 -9.843170000000000641e+00 -9.038919999999999177e+00 -9.829280000000000683e+00 -1.004379999999999917e+01 -9.551849999999999952e+00
5.620000000000000000e+05 -1.082970000000000077e+01 -1.140300000000000047e+01 -1.201050000000000040e+01 -1.242950000000000088e+01 -1.280990000000000073e+01 -1.006070000000000064e+01 -1.135590000000000011e+01 -1.173559999999999981e+01 -1.213260000000000005e+01 -1.189020000000000010e+01 -9.848860000000000170e+00 -9.044560000000000599e+00 -9.834970000000000212e+00 -1.004950000000000010e+01 -9.557510000000000616e+00
5.630000000000000000e+05 -1.083539999999999992e+01 -1.140869999999999962e+01 -1.201629999999999932e+01 -1.243529999999999980e+01 -1.281569999999999965e+01 -1.006639999999999979e+01 -1.136159999999999926e+01 -1.174130000000000074e+01 -1.213829999999999920e+01 -1.189589999999999925e+01 -9.854530000000000456e+00 -9.050179999999999225e+00 -9.840640000000000498e+00 -1.005519999999999925e+01 -9.563169999999999504e+00
5.640000000000000000e+05 -1.084110000000000085e+01 -1.141440000000000055e+01 -1.202200000000000024e+01 -1.244100000000000072e+01 -1.282150000000000034e+01 -1.007210000000000072e+01 -1.136739999999999995e+01 -1.174699999999999989e+01 -1.214409999999999989e+01 -1.190169999999999995e+01 -9.860200000000000742e+00 -9.055790000000000006e+00 -9.846310000000000784e+00 -1.006080000000000041e+01 -9.568820000000000547e+00
5.650000000000000000e+05 -1.084680000000000000e+01 -1.142009999999999970e+01 -1.202769999999999939e+01 -1.244669999999999987e+01 -1.282719999999999949e+01 -1.007779999999999987e+01 -1.137310000000000088e+01 -1.175280000000000058e+01 -1.214980000000000082e+01 -1.190740000000000087e+01 -9.865850000000000009e+00 -9.061389999999999390e+00 -9.851960000000000051e+00 -1.006649999999999956e+01 -9.574450000000000571e+00
5.660000000000000000e+05 -1.085249999999999915e+01 -1.142580000000000062e+01 -1.203350000000000009e+01 -1.245250000000000057e+01 -1.283290000000000042e+01 -1.008350000000000080e+01 -1.137880000000000003e+01 -1.175849999999999973e+01 -1.215549999999999997e+01 -1.191310000000000002e+01 -9.871499999999999275e+00 -9.066979999999999151e+00 -9.857609999999999317e+00 -1.007210000000000072e+01 -9.580080000000000595e+00
5.670000000000000000e+05 -1.085820000000000007e+01 -1.143149999999999977e+01 -1.203919999999999924e+01 -1.245819999999999972e+01 -1.283859999999999957e+01 -1.008919999999999995e+01 -1.138449999999999918e+01 -1.176420000000000066e+01 -1.216130000000000067e+01 -1.191879999999999917e+01 -9.877129999999999299e+00 -9.072570000000000690e+00 -9.863239999999999341e+00 -1.007779999999999987e+01 -9.585699999999999221e+00
5.680000000000000000e+05 -1.086389999999999922e+01 -1.143720000000000070e+01 -1.204490000000000016e+01 -1.246390000000000065e+01 -1.284440000000000026e+01 -1.009479999999999933e+01 -1.139010000000000034e+01 -1.176989999999999981e+01 -1.216699999999999982e+01 -1.192450000000000010e+01 -9.882759999999999323e+00 -9.078139999999999432e+00 -9.868869999999999365e+00 -1.008339999999999925e+01 -9.591310000000000002e+00
5.690000000000000000e+05 -1.086950000000000038e+01 -1.144289999999999985e+01 -1.205059999999999931e+01 -1.246959999999999980e+01 -1.285009999999999941e+01 -1.010050000000000026e+01 -1.139579999999999949e+01 -1.177560000000000073e+01 -1.217270000000000074e+01 -1.193019999999999925e+01 -9.888379999999999725e+00 -9.083700000000000330e+00 -9.874489999999999768e+00 -1.008900000000000041e+01 -9.596899999999999764e+00
5.700000000000000000e+05 -1.087519999999999953e+01 -1.144860000000000078e+01 -1.205620000000000047e+01 -1.247530000000000072e+01 -1.285580000000000034e+01 -1.010619999999999941e+01 -1.140150000000000041e+01 -1.178120000000000012e+01 -1.217839999999999989e+01 -1.193590000000000018e+01 -9.893980000000000885e+00 -9.089259999999999451e+00 -9.880089999999999151e+00 -1.009469999999999956e+01 -9.602489999999999526e+00
5.710000000000000000e+05 -1.088080000000000069e+01 -1.145420000000000016e+01 -1.206189999999999962e+01 -1.248099999999999987e+01 -1.286139999999999972e+01 -1.011180000000000057e+01 -1.140709999999999980e+01 -1.178689999999999927e+01 -1.218399999999999928e+01 -1.194159999999999933e+01 -9.899580000000000268e+00 -9.094799999999999329e+00 -9.885690000000000310e+00 -1.010030000000000072e+01 -9.608069999999999666e+00
5.720000000000000000e+05 -1.088640000000000008e+01 -1.145989999999999931e+01 -1.206760000000000055e+01 -1.248659999999999926e+01 -1.286710000000000065e+01 -1.011739999999999995e+01 -1.141280000000000072e+01 -1.179260000000000019e+01 -1.218970000000000020e+01 -1.194720000000000049e+01 -9.905170000000000030e+00 -9.100339999999999208e+00 -9.891280000000000072e+00 -1.010590000000000011e+01 -9.613640000000000185e+00
5.730000000000000000e+05 -1.089209999999999923e+01 -1.146550000000000047e+01 -1.207319999999999993e+01 -1.249230000000000018e+01 -1.287279999999999980e+01 -1.012299999999999933e+01 -1.141840000000000011e+01 -1.179819999999999958e+01 -1.219539999999999935e+01 -1.195289999999999964e+01 -9.910740000000000549e+00 -9.105859999999999843e+00 -9.896860000000000213e+00 -1.011139999999999972e+01 -9.619199999999999307e+00
5.740000000000000000e+05 -1.089770000000000039e+01 -1.147109999999999985e+01 -1.207890000000000086e+01 -1.249789999999999957e+01 -1.287839999999999918e+01 -1.012870000000000026e+01 -1.142399999999999949e+01 -1.180380000000000074e+01 -1.220100000000000051e+01 -1.195850000000000080e+01 -9.916309999999999292e+00 -9.111380000000000479e+00 -9.902419999999999334e+00 -1.011700000000000088e+01 -9.624750000000000583e+00
5.750000000000000000e+05 -1.090329999999999977e+01 -1.147680000000000078e+01 -1.208450000000000024e+01 -1.250360000000000049e+01 -1.288410000000000011e+01 -1.013429999999999964e+01 -1.142960000000000065e+01 -1.180949999999999989e+01 -1.220659999999999989e+01 -1.196419999999999995e+01 -9.921870000000000189e+00 -9.116889999999999716e+00 -9.907980000000000231e+00 -1.012260000000000026e+01 -9.630300000000000082e+00
5.760000000000000000e+05 -1.090889999999999915e+01 -1.148240000000000016e+01 -1.209009999999999962e+01 -1.250919999999999987e+01 -1.288969999999999949e+01 -1.013990000000000080e+01 -1.143520000000000003e+01 -1.181509999999999927e+01 -1.221230000000000082e+01 -1.196979999999999933e+01 -9.927419999999999689e+00 -9.122389999999999333e+00 -9.913529999999999731e+00 -1.012809999999999988e+01 -9.635830000000000339e+00
5.770000000000000000e+05 -1.091440000000000055e+01 -1.148799999999999955e+01 -1.209570000000000078e+01 -1.251479999999999926e+01 -1.289530000000000065e+01 -1.014540000000000042e+01 -1.144079999999999941e+01 -1.182070000000000043e+01 -1.221790000000000020e+01 -1.197540000000000049e+01 -9.932959999999999567e+00 -9.127879999999999328e+00 -9.919069999999999609e+00 -1.013369999999999926e+01 -9.641349999999999199e+00
5.780000000000000000e+05 -1.091999999999999993e+01 -1.149360000000000070e+01 -1.210130000000000017e+01 -1.252040000000000042e+01 -1.290090000000000003e+01 -1.015099999999999980e+01 -1.144640000000000057e+01 -1.182629999999999981e+01 -1.222349999999999959e+01 -1.198099999999999987e+01 -9.938489999999999824e+00 -9.133359999999999701e+00 -9.924599999999999866e+00 -1.013920000000000066e+01 -9.646860000000000213e+00
5.790000000000000000e+05 -1.092559999999999931e+01 -1.149910000000000032e+01 -1.210689999999999955e+01 -1.252599999999999980e+01 -1.290649999999999942e+01 -1.015659999999999918e+01 -1.145199999999999996e+01 -1.183189999999999920e+01 -1.222910000000000075e+01 -1.198659999999999926e+01 -9.944010000000000460e+00 -9.138830000000000453e+00 -9.930120000000000502e+00 -1.014480000000000004e+01 -9.652369999999999450e+00
5.800000000000000000e+05 -1.093110000000000070e+01 -1.150469999999999970e+01 -1.211250000000000071e+01 -1.253159999999999918e+01 -1.291210000000000058e+01 -1.016210000000000058e+01 -1.145759999999999934e+01 -1.183740000000000059e+01 -1.223470000000000013e+01 -1.199220000000000041e+01 -9.949519999999999698e+00 -9.144289999999999807e+00 -9.935639999999999361e+00 -1.015029999999999966e+01 -9.657859999999999445e+00
5.810000000000000000e+05 -1.093670000000000009e+01 -1.151030000000000086e+01 -1.211810000000000009e+01 -1.253720000000000034e+01 -1.291769999999999996e+01 -1.016769999999999996e+01 -1.146310000000000073e+01 -1.184299999999999997e+01 -1.224029999999999951e+01 -1.199770000000000003e+01 -9.955030000000000712e+00 -9.149739999999999540e+00 -9.941140000000000754e+00 -1.015579999999999927e+01 -9.663349999999999440e+00
5.820000000000000000e+05 -1.094219999999999970e+01 -1.151580000000000048e+01 -1.212359999999999971e+01 -1.254279999999999973e+01 -1.292329999999999934e+01 -1.017319999999999958e+01 -1.146870000000000012e+01 -1.184859999999999935e+01 -1.224590000000000067e+01 -1.200329999999999941e+01 -9.960520000000000707e+00 -9.155179999999999652e+00 -9.946630000000000749e+00 -1.016130000000000067e+01 -9.668820000000000192e+00
5.830000000000000000e+05 -1.094769999999999932e+01 -1.152130000000000010e+01 -1.212920000000000087e+01 -1.254829999999999934e+01 -1.292890000000000050e+01 -1.017869999999999919e+01 -1.147419999999999973e+01 -1.185410000000000075e+01 -1.225140000000000029e+01 -1.200890000000000057e+01 -9.965999999999999304e+00 -9.160619999999999763e+00 -9.952120000000000744e+00 -1.016680000000000028e+01 -9.674289999999999168e+00
5.840000000000000000e+05 -1.095330000000000048e+01 -1.152689999999999948e+01 -1.213470000000000049e+01 -1.255390000000000050e+01 -1.293440000000000012e+01 -1.018420000000000059e+01 -1.147969999999999935e+01 -1.185970000000000013e+01 -1.225699999999999967e+01 -1.201440000000000019e+01 -9.971479999999999677e+00 -9.166040000000000632e+00 -9.957589999999999719e+00 -1.017229999999999990e+01 -9.679750000000000298e+00
5.850000000000000000e+05 -1.095880000000000010e+01 -1.153240000000000087e+01 -1.214029999999999987e+01 -1.255940000000000012e+01 -1.293999999999999950e+01 -1.018979999999999997e+01 -1.148530000000000051e+01 -1.186519999999999975e+01 -1.226249999999999929e+01 -1.201999999999999957e+01 -9.976950000000000429e+00 -9.171459999999999724e+00 -9.963060000000000471e+00 -1.017769999999999975e+01 -9.685200000000000031e+00
5.860000000000000000e+05 -1.096429999999999971e+01 -1.153790000000000049e+01 -1.214579999999999949e+01 -1.256489999999999974e+01 -1.294549999999999912e+01 -1.019529999999999959e+01 -1.149080000000000013e+01 -1.187069999999999936e+01 -1.226800000000000068e+01 -1.202549999999999919e+01 -9.982400000000000162e+00 -9.176869999999999195e+00 -9.968510000000000204e+00 -1.018319999999999936e+01 -9.690640000000000143e+00
5.870000000000000000e+05 -1.096969999999999956e+01 -1.154340000000000011e+01 -1.215130000000000088e+01 -1.257049999999999912e+01 -1.295100000000000051e+01 -1.020069999999999943e+01 -1.149629999999999974e+01 -1.187620000000000076e+01 -1.227360000000000007e+01 -1.203100000000000058e+01 -9.987849999999999895e+00 -9.182259999999999422e+00 -9.973959999999999937e+00 -1.018859999999999921e+01 -9.696070000000000633e+00
5.880000000000000000e+05 -1.097519999999999918e+01 -1.154889999999999972e+01 -1.215680000000000049e+01 -1.257600000000000051e+01 -1.295650000000000013e+01 -1.020620000000000083e+01 -1.150179999999999936e+01 -1.188170000000000037e+01 -1.227909999999999968e+01 -1.203650000000000020e+01 -9.993290000000000006e+00 -9.187649999999999650e+00 -9.979400000000000048e+00 -1.019410000000000061e+01 -9.701489999999999725e+00
5.890000000000000000e+05 -1.098070000000000057e+01 -1.155439999999999934e+01 -1.216230000000000011e+01 -1.258150000000000013e+01 -1.296209999999999951e+01 -1.021170000000000044e+01 -1.150719999999999921e+01 -1.188719999999999999e+01 -1.228459999999999930e+01 -1.204199999999999982e+01 -9.998720000000000496e+00 -9.193030000000000257e+00 -9.984830000000000538e+00 -1.019950000000000045e+01 -9.706899999999999196e+00
5.900000000000000000e+05 -1.098620000000000019e+01 -1.155990000000000073e+01 -1.216779999999999973e+01 -1.258699999999999974e+01 -1.296759999999999913e+01 -1.021720000000000006e+01 -1.151270000000000060e+01 -1.189269999999999960e+01 -1.229010000000000069e+01 -1.204749999999999943e+01 -1.000409999999999933e+01 -9.198410000000000863e+00 -9.990249999999999631e+00 -1.020500000000000007e+01 -9.712310000000000443e+00
5.910000000000000000e+05 -1.099160000000000004e+01 -1.156530000000000058e+01 -1.217329999999999934e+01 -1.259249999999999936e+01 -1.297300000000000075e+01 -1.022259999999999991e+01 -1.151820000000000022e+01 -1.189819999999999922e+01 -1.229560000000000031e+01 -1.205300000000000082e+01 -1.000949999999999918e+01 -9.203770000000000451e+00 -9.995660000000000878e+00 -1.021039999999999992e+01 -9.717700000000000671e+00
5.920000000000000000e+05 -1.099709999999999965e+01 -1.157080000000000020e+01 -1.217880000000000074e+01 -1.259789999999999921e+01 -1.297850000000000037e+01 -1.022799999999999976e+01 -1.152360000000000007e+01 -1.190360000000000085e+01 -1.230109999999999992e+01 -1.205840000000000067e+01 -1.001500000000000057e+01 -9.209120000000000417e+00 -1.000109999999999921e+01 -1.021579999999999977e+01 -9.723089999999999122e+00
5.930000000000000000e+05 -1.100249999999999950e+01 -1.157620000000000005e+01 -1.218420000000000059e+01 -1.260340000000000060e+01 -1.298399999999999999e+01 -1.023349999999999937e+01 -1.152909999999999968e+01 -1.190910000000000046e+01 -1.230649999999999977e+01 -1.206390000000000029e+01 -1.002030000000000065e+01 -9.214470000000000383e+00 -1.000650000000000084e+01 -1.022119999999999962e+01 -9.728460000000000107e+00
5.940000000000000000e+05 -1.100789999999999935e+01 -1.158169999999999966e+01 -1.218970000000000020e+01 -1.260890000000000022e+01 -1.298949999999999960e+01 -1.023889999999999922e+01 -1.153449999999999953e+01 -1.191450000000000031e+01 -1.231199999999999939e+01 -1.206939999999999991e+01 -1.002570000000000050e+01 -9.219799999999999329e+00 -1.001179999999999914e+01 -1.022659999999999947e+01 -9.733829999999999316e+00
5.950000000000000000e+05 -1.101329999999999920e+01 -1.158709999999999951e+01 -1.219510000000000005e+01 -1.261430000000000007e+01 -1.299489999999999945e+01 -1.024430000000000085e+01 -1.153989999999999938e+01 -1.191999999999999993e+01 -1.231739999999999924e+01 -1.207479999999999976e+01 -1.003110000000000035e+01 -9.225130000000000052e+00 -1.001720000000000077e+01 -1.023199999999999932e+01 -9.739190000000000680e+00
5.960000000000000000e+05 -1.101870000000000083e+01 -1.159249999999999936e+01 -1.220049999999999990e+01 -1.261979999999999968e+01 -1.300040000000000084e+01 -1.024970000000000070e+01 -1.154540000000000077e+01 -1.192539999999999978e+01 -1.232290000000000063e+01 -1.208019999999999960e+01 -1.003650000000000020e+01 -9.230449999999999378e+00 -1.002260000000000062e+01 -1.023729999999999940e+01 -9.744540000000000646e+00
5.970000000000000000e+05 -1.102410000000000068e+01 -1.159789999999999921e+01 -1.220599999999999952e+01 -1.262519999999999953e+01 -1.300580000000000069e+01 -1.025510000000000055e+01 -1.155080000000000062e+01 -1.193079999999999963e+01 -1.232830000000000048e+01 -1.208569999999999922e+01 -1.004180000000000028e+01 -9.235760000000000858e+00 -1.002790000000000070e+01 -1.024269999999999925e+01 -9.749879999999999214e+00
5.980000000000000000e+05 -1.102950000000000053e+01 -1.160340000000000060e+01 -1.221139999999999937e+01 -1.263059999999999938e+01 -1.301120000000000054e+01 -1.026050000000000040e+01 -1.155620000000000047e+01 -1.193619999999999948e+01 -1.233370000000000033e+01 -1.209110000000000085e+01 -1.004720000000000013e+01 -9.241059999999999164e+00 -1.003330000000000055e+01 -1.024810000000000088e+01 -9.755219999999999558e+00
5.990000000000000000e+05 -1.103490000000000038e+01 -1.160870000000000068e+01 -1.221679999999999922e+01 -1.263599999999999923e+01 -1.301660000000000039e+01 -1.026590000000000025e+01 -1.156160000000000032e+01 -1.194159999999999933e+01 -1.233919999999999995e+01 -1.209650000000000070e+01 -1.005250000000000021e+01 -9.246359999999999246e+00 -1.003860000000000063e+01 -1.025339999999999918e+01 -9.760540000000000660e+00
6.000000000000000000e+05 -1.104030000000000022e+01 -1.161410000000000053e+01 -1.222220000000000084e+01 -1.264140000000000086e+01 -1.302200000000000024e+01 -1.027130000000000010e+01 -1.156690000000000040e+01 -1.194699999999999918e+01 -1.234459999999999980e+01 -1.210190000000000055e+01 -1.005780000000000030e+01 -9.251640000000000086e+00 -1.004400000000000048e+01 -1.025869999999999926e+01 -9.765859999999999985e+00
6.010000000000000000e+05 -1.104560000000000031e+01 -1.161950000000000038e+01 -1.222760000000000069e+01 -1.264680000000000071e+01 -1.302740000000000009e+01 -1.027660000000000018e+01 -1.157230000000000025e+01 -1.195240000000000080e+01 -1.234999999999999964e+01 -1.210730000000000040e+01 -1.006320000000000014e+01 -9.256919999999999149e+00 -1.004930000000000057e+01 -1.026409999999999911e+01 -9.771160000000000068e+00
6.020000000000000000e+05 -1.105100000000000016e+01 -1.162490000000000023e+01 -1.223300000000000054e+01 -1.265220000000000056e+01 -1.303279999999999994e+01 -1.028200000000000003e+01 -1.157770000000000010e+01 -1.195780000000000065e+01 -1.235529999999999973e+01 -1.211270000000000024e+01 -1.006850000000000023e+01 -9.262180000000000746e+00 -1.005460000000000065e+01 -1.026939999999999920e+01 -9.776460000000000150e+00
6.030000000000000000e+05 -1.105630000000000024e+01 -1.163020000000000032e+01 -1.223830000000000062e+01 -1.265760000000000041e+01 -1.303819999999999979e+01 -1.028730000000000011e+01 -1.158300000000000018e+01 -1.196320000000000050e+01 -1.236069999999999958e+01 -1.211800000000000033e+01 -1.007380000000000031e+01 -9.267440000000000566e+00 -1.005990000000000073e+01 -1.027469999999999928e+01 -9.781750000000000611e+00
6.040000000000000000e+05 -1.106170000000000009e+01 -1.163560000000000016e+01 -1.224370000000000047e+01 -1.266290000000000049e+01 -1.304359999999999964e+01 -1.029269999999999996e+01 -1.158840000000000003e+01 -1.196850000000000058e+01 -1.236609999999999943e+01 -1.212340000000000018e+01 -1.007910000000000039e+01 -9.272690000000000765e+00 -1.006520000000000081e+01 -1.027999999999999936e+01 -9.787029999999999674e+00
6.050000000000000000e+05 -1.106700000000000017e+01 -1.164090000000000025e+01 -1.224900000000000055e+01 -1.266830000000000034e+01 -1.304899999999999949e+01 -1.029800000000000004e+01 -1.159370000000000012e+01 -1.197390000000000043e+01 -1.237149999999999928e+01 -1.212870000000000026e+01 -1.008440000000000047e+01 -9.277939999999999188e+00 -1.007049999999999912e+01 -1.028529999999999944e+01 -9.792310000000000514e+00
6.060000000000000000e+05 -1.107230000000000025e+01 -1.164630000000000010e+01 -1.225440000000000040e+01 -1.267370000000000019e+01 -1.305429999999999957e+01 -1.030330000000000013e+01 -1.159900000000000020e+01 -1.197920000000000051e+01 -1.237679999999999936e+01 -1.213410000000000011e+01 -1.008970000000000056e+01 -9.283170000000000144e+00 -1.007579999999999920e+01 -1.029059999999999953e+01 -9.797570000000000334e+00
6.070000000000000000e+05 -1.107760000000000034e+01 -1.165160000000000018e+01 -1.225970000000000049e+01 -1.267900000000000027e+01 -1.305969999999999942e+01 -1.030860000000000021e+01 -1.160440000000000005e+01 -1.198450000000000060e+01 -1.238209999999999944e+01 -1.213940000000000019e+01 -1.009490000000000087e+01 -9.288389999999999702e+00 -1.008099999999999952e+01 -1.029589999999999961e+01 -9.802830000000000155e+00
6.080000000000000000e+05 -1.108290000000000042e+01 -1.165690000000000026e+01 -1.226500000000000057e+01 -1.268430000000000035e+01 -1.306499999999999950e+01 -1.031390000000000029e+01 -1.160970000000000013e+01 -1.198990000000000045e+01 -1.238749999999999929e+01 -1.214480000000000004e+01 -1.010019999999999918e+01 -9.293609999999999260e+00 -1.008629999999999960e+01 -1.030109999999999992e+01 -9.808070000000000732e+00
6.090000000000000000e+05 -1.108820000000000050e+01 -1.166220000000000034e+01 -1.227040000000000042e+01 -1.268970000000000020e+01 -1.307029999999999959e+01 -1.031920000000000037e+01 -1.161500000000000021e+01 -1.199520000000000053e+01 -1.239279999999999937e+01 -1.215010000000000012e+01 -1.010539999999999949e+01 -9.298819999999999197e+00 -1.009159999999999968e+01 -1.030640000000000001e+01 -9.813309999999999533e+00
6.100000000000000000e+05 -1.109350000000000058e+01 -1.166750000000000043e+01 -1.227570000000000050e+01 -1.269500000000000028e+01 -1.307559999999999967e+01 -1.032450000000000045e+01 -1.162030000000000030e+01 -1.200050000000000061e+01 -1.239809999999999945e+01 -1.215540000000000020e+01 -1.011069999999999958e+01 -9.304019999999999513e+00 -1.009680000000000000e+01 -1.031160000000000032e+01 -9.818540000000000489e+00
6.110000000000000000e+05 -1.109880000000000067e+01 -1.167280000000000051e+01 -1.228100000000000058e+01 -1.270030000000000037e+01 -1.308099999999999952e+01 -1.032980000000000054e+01 -1.162560000000000038e+01 -1.200580000000000069e+01 -1.240339999999999954e+01 -1.216070000000000029e+01 -1.011589999999999989e+01 -9.309210000000000207e+00 -1.010200000000000031e+01 -1.031690000000000040e+01 -9.823760000000000048e+00
6.120000000000000000e+05 -1.110399999999999920e+01 -1.167810000000000059e+01 -1.228630000000000067e+01 -1.270560000000000045e+01 -1.308629999999999960e+01 -1.033500000000000085e+01 -1.163080000000000069e+01 -1.201110000000000078e+01 -1.240869999999999962e+01 -1.216600000000000037e+01 -1.012119999999999997e+01 -9.314399999999999125e+00 -1.010730000000000040e+01 -1.032210000000000072e+01 -9.828979999999999606e+00
6.130000000000000000e+05 -1.110929999999999929e+01 -1.168329999999999913e+01 -1.229149999999999920e+01 -1.271090000000000053e+01 -1.309149999999999991e+01 -1.034029999999999916e+01 -1.163610000000000078e+01 -1.201629999999999932e+01 -1.241399999999999970e+01 -1.217130000000000045e+01 -1.012640000000000029e+01 -9.319570000000000576e+00 -1.011250000000000071e+01 -1.032729999999999926e+01 -9.834179999999999922e+00
6.140000000000000000e+05 -1.111449999999999960e+01 -1.168859999999999921e+01 -1.229679999999999929e+01 -1.271610000000000085e+01 -1.309680000000000000e+01 -1.034549999999999947e+01 -1.164140000000000086e+01 -1.202159999999999940e+01 -1.241929999999999978e+01 -1.217650000000000077e+01 -1.013160000000000061e+01 -9.324740000000000251e+00 -1.011769999999999925e+01 -1.033259999999999934e+01 -9.839380000000000237e+00
6.150000000000000000e+05 -1.111979999999999968e+01 -1.169389999999999930e+01 -1.230209999999999937e+01 -1.272139999999999915e+01 -1.310210000000000008e+01 -1.035079999999999956e+01 -1.164659999999999940e+01 -1.202689999999999948e+01 -1.242459999999999987e+01 -1.218180000000000085e+01 -1.013679999999999914e+01 -9.329900000000000304e+00 -1.012289999999999957e+01 -1.033779999999999966e+01 -9.844569999999999155e+00
6.160000000000000000e+05 -1.112500000000000000e+01 -1.169909999999999961e+01 -1.230729999999999968e+01 -1.272669999999999924e+01 -1.310740000000000016e+01 -1.035599999999999987e+01 -1.165189999999999948e+01 -1.203209999999999980e+01 -1.242980000000000018e+01 -1.218709999999999916e+01 -1.014199999999999946e+01 -9.335050000000000736e+00 -1.012809999999999988e+01 -1.034299999999999997e+01 -9.849750000000000227e+00
6.170000000000000000e+05 -1.113020000000000032e+01 -1.170429999999999993e+01 -1.231259999999999977e+01 -1.273189999999999955e+01 -1.311260000000000048e+01 -1.036120000000000019e+01 -1.165709999999999980e+01 -1.203739999999999988e+01 -1.243510000000000026e+01 -1.219229999999999947e+01 -1.014719999999999978e+01 -9.340189999999999770e+00 -1.013330000000000020e+01 -1.034820000000000029e+01 -9.854919999999999902e+00
6.180000000000000000e+05 -1.113550000000000040e+01 -1.170960000000000001e+01 -1.231780000000000008e+01 -1.273719999999999963e+01 -1.311790000000000056e+01 -1.036650000000000027e+01 -1.166230000000000011e+01 -1.204260000000000019e+01 -1.244040000000000035e+01 -1.219759999999999955e+01 -1.015240000000000009e+01 -9.345330000000000581e+00 -1.013850000000000051e+01 -1.035340000000000060e+01 -9.860079999999999956e+00
6.190000000000000000e+05 -1.114070000000000071e+01 -1.171480000000000032e+01 -1.232310000000000016e+01 -1.274239999999999995e+01 -1.312310000000000088e+01 -1.037170000000000059e+01 -1.166750000000000043e+01 -1.204780000000000051e+01 -1.244560000000000066e+01 -1.220279999999999987e+01 -1.015750000000000064e+01 -9.350450000000000372e+00 -1.014359999999999928e+01 -1.035849999999999937e+01 -9.865240000000000009e+00
6.200000000000000000e+05 -1.114589999999999925e+01 -1.172000000000000064e+01 -1.232830000000000048e+01 -1.274770000000000003e+01 -1.312839999999999918e+01 -1.037689999999999912e+01 -1.167270000000000074e+01 -1.205310000000000059e+01 -1.245079999999999920e+01 -1.220800000000000018e+01 -1.016269999999999918e+01 -9.355570000000000164e+00 -1.014879999999999960e+01 -1.036369999999999969e+01 -9.870390000000000441e+00
6.210000000000000000e+05 -1.115099999999999980e+01 -1.172519999999999918e+01 -1.233350000000000080e+01 -1.275290000000000035e+01 -1.313359999999999950e+01 -1.038209999999999944e+01 -1.167800000000000082e+01 -1.205829999999999913e+01 -1.245609999999999928e+01 -1.221320000000000050e+01 -1.016779999999999973e+01 -9.360680000000000334e+00 -1.015399999999999991e+01 -1.036890000000000001e+01 -9.875529999999999475e+00
6.220000000000000000e+05 -1.115620000000000012e+01 -1.173039999999999949e+01 -1.233869999999999933e+01 -1.275810000000000066e+01 -1.313879999999999981e+01 -1.038719999999999999e+01 -1.168309999999999960e+01 -1.206349999999999945e+01 -1.246129999999999960e+01 -1.221840000000000082e+01 -1.017300000000000004e+01 -9.365790000000000504e+00 -1.015910000000000046e+01 -1.037400000000000055e+01 -9.880660000000000664e+00
6.230000000000000000e+05 -1.116140000000000043e+01 -1.173559999999999981e+01 -1.234389999999999965e+01 -1.276329999999999920e+01 -1.314400000000000013e+01 -1.039240000000000030e+01 -1.168829999999999991e+01 -1.206869999999999976e+01 -1.246649999999999991e+01 -1.222359999999999935e+01 -1.017810000000000059e+01 -9.370879999999999654e+00 -1.016419999999999924e+01 -1.037920000000000087e+01 -9.885780000000000456e+00
6.240000000000000000e+05 -1.116660000000000075e+01 -1.174080000000000013e+01 -1.234909999999999997e+01 -1.276849999999999952e+01 -1.314920000000000044e+01 -1.039760000000000062e+01 -1.169350000000000023e+01 -1.207380000000000031e+01 -1.247170000000000023e+01 -1.222879999999999967e+01 -1.018329999999999913e+01 -9.375970000000000582e+00 -1.016939999999999955e+01 -1.038429999999999964e+01 -9.890900000000000247e+00
6.250000000000000000e+05 -1.117169999999999952e+01 -1.174590000000000067e+01 -1.235430000000000028e+01 -1.277369999999999983e+01 -1.315440000000000076e+01 -1.040269999999999939e+01 -1.169870000000000054e+01 -1.207900000000000063e+01 -1.247690000000000055e+01 -1.223399999999999999e+01 -1.018839999999999968e+01 -9.381050000000000111e+00 -1.017450000000000010e+01 -1.038940000000000019e+01 -9.896010000000000417e+00
6.260000000000000000e+05 -1.117689999999999984e+01 -1.175109999999999921e+01 -1.235950000000000060e+01 -1.277890000000000015e+01 -1.315959999999999930e+01 -1.040789999999999971e+01 -1.170379999999999932e+01 -1.208419999999999916e+01 -1.248199999999999932e+01 -1.223920000000000030e+01 -1.019350000000000023e+01 -9.386120000000000019e+00 -1.017960000000000065e+01 -1.039450000000000074e+01 -9.901099999999999568e+00
6.270000000000000000e+05 -1.118200000000000038e+01 -1.175629999999999953e+01 -1.236459999999999937e+01 -1.278400000000000070e+01 -1.316479999999999961e+01 -1.041300000000000026e+01 -1.170899999999999963e+01 -1.208939999999999948e+01 -1.248719999999999963e+01 -1.224440000000000062e+01 -1.019860000000000078e+01 -9.391180000000000305e+00 -1.018469999999999942e+01 -1.039969999999999928e+01 -9.906200000000000117e+00
6.280000000000000000e+05 -1.118720000000000070e+01 -1.176140000000000008e+01 -1.236979999999999968e+01 -1.278919999999999924e+01 -1.316990000000000016e+01 -1.041820000000000057e+01 -1.171410000000000018e+01 -1.209450000000000003e+01 -1.249239999999999995e+01 -1.224949999999999939e+01 -1.020369999999999955e+01 -9.396229999999999194e+00 -1.018979999999999997e+01 -1.040479999999999983e+01 -9.911279999999999646e+00
6.290000000000000000e+05 -1.119229999999999947e+01 -1.176650000000000063e+01 -1.237490000000000023e+01 -1.279429999999999978e+01 -1.317510000000000048e+01 -1.042329999999999934e+01 -1.171930000000000049e+01 -1.209970000000000034e+01 -1.249750000000000050e+01 -1.225469999999999970e+01 -1.020880000000000010e+01 -9.401279999999999859e+00 -1.019490000000000052e+01 -1.040990000000000038e+01 -9.916359999999999175e+00
6.300000000000000000e+05 -1.119740000000000002e+01 -1.177169999999999916e+01 -1.238010000000000055e+01 -1.279950000000000010e+01 -1.318030000000000079e+01 -1.042839999999999989e+01 -1.172439999999999927e+01 -1.210479999999999912e+01 -1.250270000000000081e+01 -1.225980000000000025e+01 -1.021390000000000065e+01 -9.406319999999999126e+00 -1.019999999999999929e+01 -1.041489999999999938e+01 -9.921419999999999462e+00
6.310000000000000000e+05 -1.120250000000000057e+01 -1.177679999999999971e+01 -1.238519999999999932e+01 -1.280460000000000065e+01 -1.318539999999999957e+01 -1.043350000000000044e+01 -1.172949999999999982e+01 -1.210989999999999966e+01 -1.250779999999999959e+01 -1.226490000000000080e+01 -1.021889999999999965e+01 -9.411350000000000549e+00 -1.020509999999999984e+01 -1.041999999999999993e+01 -9.926479999999999748e+00
6.320000000000000000e+05 -1.120759999999999934e+01 -1.178190000000000026e+01 -1.239029999999999987e+01 -1.280979999999999919e+01 -1.319050000000000011e+01 -1.043859999999999921e+01 -1.173460000000000036e+01 -1.211500000000000021e+01 -1.251299999999999990e+01 -1.227009999999999934e+01 -1.022400000000000020e+01 -9.416380000000000194e+00 -1.021010000000000062e+01 -1.042510000000000048e+01 -9.931530000000000413e+00
6.330000000000000000e+05 -1.121269999999999989e+01 -1.178700000000000081e+01 -1.239550000000000018e+01 -1.281489999999999974e+01 -1.319570000000000043e+01 -1.044369999999999976e+01 -1.173969999999999914e+01 -1.212020000000000053e+01 -1.251810000000000045e+01 -1.227519999999999989e+01 -1.022910000000000075e+01 -9.421390000000000597e+00 -1.021519999999999939e+01 -1.043019999999999925e+01 -9.936579999999999302e+00
6.340000000000000000e+05 -1.121780000000000044e+01 -1.179209999999999958e+01 -1.240060000000000073e+01 -1.282000000000000028e+01 -1.320079999999999920e+01 -1.044880000000000031e+01 -1.174479999999999968e+01 -1.212529999999999930e+01 -1.252319999999999922e+01 -1.228030000000000044e+01 -1.023409999999999975e+01 -9.426399999999999224e+00 -1.022020000000000017e+01 -1.043520000000000003e+01 -9.941620000000000346e+00
6.350000000000000000e+05 -1.122289999999999921e+01 -1.179720000000000013e+01 -1.240569999999999951e+01 -1.282510000000000083e+01 -1.320589999999999975e+01 -1.045390000000000086e+01 -1.174990000000000023e+01 -1.213039999999999985e+01 -1.252829999999999977e+01 -1.228539999999999921e+01 -1.023920000000000030e+01 -9.431400000000000006e+00 -1.022530000000000072e+01 -1.044030000000000058e+01 -9.946640000000000370e+00
6.360000000000000000e+05 -1.122789999999999999e+01 -1.180230000000000068e+01 -1.241080000000000005e+01 -1.283019999999999960e+01 -1.321100000000000030e+01 -1.045899999999999963e+01 -1.175500000000000078e+01 -1.213540000000000063e+01 -1.253340000000000032e+01 -1.229049999999999976e+01 -1.024419999999999931e+01 -9.436400000000000787e+00 -1.023029999999999973e+01 -1.044529999999999959e+01 -9.951660000000000394e+00
6.370000000000000000e+05 -1.123300000000000054e+01 -1.180739999999999945e+01 -1.241580000000000084e+01 -1.283530000000000015e+01 -1.321610000000000085e+01 -1.046400000000000041e+01 -1.176009999999999955e+01 -1.214049999999999940e+01 -1.253850000000000087e+01 -1.229560000000000031e+01 -1.024920000000000009e+01 -9.441380000000000550e+00 -1.023530000000000051e+01 -1.045030000000000037e+01 -9.956680000000000419e+00
6.380000000000000000e+05 -1.123809999999999931e+01 -1.181240000000000023e+01 -1.242089999999999961e+01 -1.284040000000000070e+01 -1.322119999999999962e+01 -1.046909999999999918e+01 -1.176510000000000034e+01 -1.214559999999999995e+01 -1.254359999999999964e+01 -1.230070000000000086e+01 -1.025420000000000087e+01 -9.446360000000000312e+00 -1.024039999999999928e+01 -1.045539999999999914e+01 -9.961679999999999424e+00
6.390000000000000000e+05 -1.124310000000000009e+01 -1.181750000000000078e+01 -1.242600000000000016e+01 -1.284549999999999947e+01 -1.322630000000000017e+01 -1.047409999999999997e+01 -1.177020000000000088e+01 -1.215070000000000050e+01 -1.254870000000000019e+01 -1.230569999999999986e+01 -1.025929999999999964e+01 -9.451330000000000453e+00 -1.024540000000000006e+01 -1.046039999999999992e+01 -9.966680000000000206e+00
6.400000000000000000e+05 -1.124810000000000088e+01 -1.182249999999999979e+01 -1.243110000000000070e+01 -1.285050000000000026e+01 -1.323129999999999917e+01 -1.047920000000000051e+01 -1.177519999999999989e+01 -1.215569999999999951e+01 -1.255369999999999919e+01 -1.231080000000000041e+01 -1.026430000000000042e+01 -9.456289999999999196e+00 -1.025040000000000084e+01 -1.046540000000000070e+01 -9.971669999999999590e+00
6.410000000000000000e+05 -1.125319999999999965e+01 -1.182760000000000034e+01 -1.243609999999999971e+01 -1.285560000000000080e+01 -1.323639999999999972e+01 -1.048419999999999952e+01 -1.178030000000000044e+01 -1.216080000000000005e+01 -1.255879999999999974e+01 -1.231589999999999918e+01 -1.026929999999999943e+01 -9.461249999999999716e+00 -1.025539999999999985e+01 -1.047039999999999971e+01 -9.976649999999999352e+00
6.420000000000000000e+05 -1.125820000000000043e+01 -1.183259999999999934e+01 -1.244120000000000026e+01 -1.286059999999999981e+01 -1.324150000000000027e+01 -1.048920000000000030e+01 -1.178529999999999944e+01 -1.216580000000000084e+01 -1.256390000000000029e+01 -1.232089999999999996e+01 -1.027420000000000044e+01 -9.466200000000000614e+00 -1.026040000000000063e+01 -1.047540000000000049e+01 -9.981629999999999114e+00
6.430000000000000000e+05 -1.126319999999999943e+01 -1.183769999999999989e+01 -1.244619999999999926e+01 -1.286570000000000036e+01 -1.324649999999999928e+01 -1.049419999999999931e+01 -1.179030000000000022e+01 -1.217089999999999961e+01 -1.256889999999999930e+01 -1.232590000000000074e+01 -1.027919999999999945e+01 -9.471140000000000114e+00 -1.026529999999999987e+01 -1.048039999999999949e+01 -9.986599999999999255e+00
6.440000000000000000e+05 -1.126820000000000022e+01 -1.184270000000000067e+01 -1.245120000000000005e+01 -1.287069999999999936e+01 -1.325150000000000006e+01 -1.049920000000000009e+01 -1.179540000000000077e+01 -1.217590000000000039e+01 -1.257390000000000008e+01 -1.233099999999999952e+01 -1.028420000000000023e+01 -9.476069999999999993e+00 -1.027030000000000065e+01 -1.048540000000000028e+01 -9.991559999999999775e+00
6.450000000000000000e+05 -1.127319999999999922e+01 -1.184769999999999968e+01 -1.245620000000000083e+01 -1.287570000000000014e+01 -1.325660000000000061e+01 -1.050420000000000087e+01 -1.180039999999999978e+01 -1.218089999999999939e+01 -1.257900000000000063e+01 -1.233600000000000030e+01 -1.028919999999999924e+01 -9.480999999999999872e+00 -1.027529999999999966e+01 -1.049029999999999951e+01 -9.996510000000000673e+00
6.460000000000000000e+05 -1.127820000000000000e+01 -1.185270000000000046e+01 -1.246129999999999960e+01 -1.288080000000000069e+01 -1.326159999999999961e+01 -1.050919999999999987e+01 -1.180540000000000056e+01 -1.218590000000000018e+01 -1.258399999999999963e+01 -1.234099999999999930e+01 -1.029410000000000025e+01 -9.485910000000000508e+00 -1.028020000000000067e+01 -1.049530000000000030e+01 -1.000150000000000006e+01
6.470000000000000000e+05 -1.128320000000000078e+01 -1.185769999999999946e+01 -1.246630000000000038e+01 -1.288579999999999970e+01 -1.326660000000000039e+01 -1.051420000000000066e+01 -1.181039999999999957e+01 -1.219089999999999918e+01 -1.258900000000000041e+01 -1.234600000000000009e+01 -1.029909999999999926e+01 -9.490819999999999368e+00 -1.028519999999999968e+01 -1.050019999999999953e+01 -1.000639999999999930e+01
6.480000000000000000e+05 -1.128819999999999979e+01 -1.186270000000000024e+01 -1.247129999999999939e+01 -1.289080000000000048e+01 -1.327159999999999940e+01 -1.051919999999999966e+01 -1.181530000000000058e+01 -1.219589999999999996e+01 -1.259399999999999942e+01 -1.235100000000000087e+01 -1.030400000000000027e+01 -9.495730000000000004e+00 -1.029010000000000069e+01 -1.050520000000000032e+01 -1.001130000000000031e+01
6.490000000000000000e+05 -1.129310000000000080e+01 -1.186769999999999925e+01 -1.247630000000000017e+01 -1.289579999999999949e+01 -1.327660000000000018e+01 -1.052420000000000044e+01 -1.182029999999999959e+01 -1.220090000000000074e+01 -1.259900000000000020e+01 -1.235599999999999987e+01 -1.030899999999999928e+01 -9.500619999999999621e+00 -1.029509999999999970e+01 -1.051009999999999955e+01 -1.001619999999999955e+01
6.500000000000000000e+05 -1.129809999999999981e+01 -1.187260000000000026e+01 -1.248119999999999941e+01 -1.290080000000000027e+01 -1.328159999999999918e+01 -1.052909999999999968e+01 -1.182530000000000037e+01 -1.220589999999999975e+01 -1.260399999999999920e+01 -1.236100000000000065e+01 -1.031390000000000029e+01 -9.505509999999999238e+00 -1.030000000000000071e+01 -1.051510000000000034e+01 -1.002120000000000033e+01
6.510000000000000000e+05 -1.130300000000000082e+01 -1.187759999999999927e+01 -1.248620000000000019e+01 -1.290579999999999927e+01 -1.328659999999999997e+01 -1.053410000000000046e+01 -1.183029999999999937e+01 -1.221090000000000053e+01 -1.260899999999999999e+01 -1.236599999999999966e+01 -1.031879999999999953e+01 -9.510389999999999233e+00 -1.030489999999999995e+01 -1.051999999999999957e+01 -1.002609999999999957e+01
6.520000000000000000e+05 -1.130799999999999983e+01 -1.188260000000000005e+01 -1.249119999999999919e+01 -1.291070000000000029e+01 -1.329160000000000075e+01 -1.053899999999999970e+01 -1.183520000000000039e+01 -1.221579999999999977e+01 -1.261400000000000077e+01 -1.237090000000000067e+01 -1.032370000000000054e+01 -9.515269999999999229e+00 -1.030979999999999919e+01 -1.052490000000000059e+01 -1.003100000000000058e+01
6.530000000000000000e+05 -1.131290000000000084e+01 -1.188749999999999929e+01 -1.249619999999999997e+01 -1.291569999999999929e+01 -1.329659999999999975e+01 -1.054400000000000048e+01 -1.184019999999999939e+01 -1.222080000000000055e+01 -1.261890000000000001e+01 -1.237589999999999968e+01 -1.032859999999999978e+01 -9.520129999999999981e+00 -1.031470000000000020e+01 -1.052979999999999983e+01 -1.003589999999999982e+01
6.540000000000000000e+05 -1.131789999999999985e+01 -1.189250000000000007e+01 -1.250109999999999921e+01 -1.292070000000000007e+01 -1.330150000000000077e+01 -1.054889999999999972e+01 -1.184510000000000041e+01 -1.222569999999999979e+01 -1.262390000000000079e+01 -1.238090000000000046e+01 -1.033350000000000080e+01 -9.524990000000000734e+00 -1.031959999999999944e+01 -1.053470000000000084e+01 -1.004069999999999929e+01
6.550000000000000000e+05 -1.132280000000000086e+01 -1.189739999999999931e+01 -1.250609999999999999e+01 -1.292559999999999931e+01 -1.330649999999999977e+01 -1.055380000000000074e+01 -1.184999999999999964e+01 -1.223070000000000057e+01 -1.262880000000000003e+01 -1.238579999999999970e+01 -1.033840000000000003e+01 -9.529849999999999710e+00 -1.032450000000000045e+01 -1.053960000000000008e+01 -1.004560000000000031e+01
6.560000000000000000e+05 -1.132770000000000010e+01 -1.190230000000000032e+01 -1.251099999999999923e+01 -1.293060000000000009e+01 -1.331140000000000079e+01 -1.055869999999999997e+01 -1.185500000000000043e+01 -1.223559999999999981e+01 -1.263380000000000081e+01 -1.239080000000000048e+01 -1.034329999999999927e+01 -9.534689999999999444e+00 -1.032939999999999969e+01 -1.054449999999999932e+01 -1.005049999999999955e+01
6.570000000000000000e+05 -1.133259999999999934e+01 -1.190719999999999956e+01 -1.251590000000000025e+01 -1.293549999999999933e+01 -1.331639999999999979e+01 -1.056359999999999921e+01 -1.185989999999999966e+01 -1.224050000000000082e+01 -1.263870000000000005e+01 -1.239569999999999972e+01 -1.034820000000000029e+01 -9.539529999999999177e+00 -1.033430000000000071e+01 -1.054940000000000033e+01 -1.005540000000000056e+01
6.580000000000000000e+05 -1.133750000000000036e+01 -1.191220000000000034e+01 -1.252079999999999949e+01 -1.294040000000000035e+01 -1.332130000000000081e+01 -1.056850000000000023e+01 -1.186480000000000068e+01 -1.224540000000000006e+01 -1.264370000000000083e+01 -1.240060000000000073e+01 -1.035299999999999976e+01 -9.544359999999999289e+00 -1.033919999999999995e+01 -1.055429999999999957e+01 -1.006020000000000003e+01
6.590000000000000000e+05 -1.134239999999999959e+01 -1.191709999999999958e+01 -1.252580000000000027e+01 -1.294529999999999959e+01 -1.332620000000000005e+01 -1.057339999999999947e+01 -1.186969999999999992e+01 -1.225040000000000084e+01 -1.264860000000000007e+01 -1.240549999999999997e+01 -1.035790000000000077e+01 -9.549179999999999779e+00 -1.034399999999999942e+01 -1.055910000000000082e+01 -1.006509999999999927e+01
6.600000000000000000e+05 -1.134730000000000061e+01 -1.192200000000000060e+01 -1.253069999999999951e+01 -1.295030000000000037e+01 -1.333109999999999928e+01 -1.057830000000000048e+01 -1.187459999999999916e+01 -1.225530000000000008e+01 -1.265349999999999930e+01 -1.241039999999999921e+01 -1.036280000000000001e+01 -9.554000000000000270e+00 -1.034890000000000043e+01 -1.056400000000000006e+01 -1.006990000000000052e+01
6.610000000000000000e+05 -1.135219999999999985e+01 -1.192680000000000007e+01 -1.253560000000000052e+01 -1.295519999999999960e+01 -1.333610000000000007e+01 -1.058319999999999972e+01 -1.187950000000000017e+01 -1.226019999999999932e+01 -1.265840000000000032e+01 -1.241530000000000022e+01 -1.036759999999999948e+01 -9.558809999999999363e+00 -1.035369999999999990e+01 -1.056889999999999930e+01 -1.007469999999999999e+01
6.620000000000000000e+05 -1.135710000000000086e+01 -1.193169999999999931e+01 -1.254049999999999976e+01 -1.296010000000000062e+01 -1.334099999999999930e+01 -1.058810000000000073e+01 -1.188439999999999941e+01 -1.226510000000000034e+01 -1.266329999999999956e+01 -1.242019999999999946e+01 -1.037250000000000050e+01 -9.563610000000000610e+00 -1.035859999999999914e+01 -1.057370000000000054e+01 -1.007959999999999923e+01
6.630000000000000000e+05 -1.136190000000000033e+01 -1.193660000000000032e+01 -1.254540000000000077e+01 -1.296499999999999986e+01 -1.334590000000000032e+01 -1.059299999999999997e+01 -1.188920000000000066e+01 -1.226989999999999981e+01 -1.266820000000000057e+01 -1.242510000000000048e+01 -1.037729999999999997e+01 -9.568400000000000460e+00 -1.036340000000000039e+01 -1.057850000000000001e+01 -1.008440000000000047e+01
6.640000000000000000e+05 -1.136679999999999957e+01 -1.194149999999999956e+01 -1.255020000000000024e+01 -1.296979999999999933e+01 -1.335069999999999979e+01 -1.059779999999999944e+01 -1.189409999999999989e+01 -1.227480000000000082e+01 -1.267309999999999981e+01 -1.242999999999999972e+01 -1.038209999999999944e+01 -9.573190000000000310e+00 -1.036819999999999986e+01 -1.058339999999999925e+01 -1.008919999999999995e+01
6.650000000000000000e+05 -1.137160000000000082e+01 -1.194630000000000081e+01 -1.255509999999999948e+01 -1.297470000000000034e+01 -1.335560000000000080e+01 -1.060270000000000046e+01 -1.189899999999999913e+01 -1.227970000000000006e+01 -1.267800000000000082e+01 -1.243490000000000073e+01 -1.038690000000000069e+01 -9.577970000000000539e+00 -1.037310000000000088e+01 -1.058820000000000050e+01 -1.009399999999999942e+01
6.660000000000000000e+05 -1.137650000000000006e+01 -1.195120000000000005e+01 -1.256000000000000050e+01 -1.297959999999999958e+01 -1.336050000000000004e+01 -1.060749999999999993e+01 -1.190380000000000038e+01 -1.228449999999999953e+01 -1.268280000000000030e+01 -1.243970000000000020e+01 -1.039170000000000016e+01 -9.582750000000000767e+00 -1.037790000000000035e+01 -1.059299999999999997e+01 -1.009880000000000067e+01
6.670000000000000000e+05 -1.138129999999999953e+01 -1.195599999999999952e+01 -1.256479999999999997e+01 -1.298440000000000083e+01 -1.336539999999999928e+01 -1.061229999999999940e+01 -1.190869999999999962e+01 -1.228940000000000055e+01 -1.268769999999999953e+01 -1.244459999999999944e+01 -1.039659999999999940e+01 -9.587519999999999598e+00 -1.038269999999999982e+01 -1.059779999999999944e+01 -1.010360000000000014e+01
6.680000000000000000e+05 -1.138610000000000078e+01 -1.196090000000000053e+01 -1.256969999999999921e+01 -1.298930000000000007e+01 -1.337020000000000053e+01 -1.061720000000000041e+01 -1.191350000000000087e+01 -1.229420000000000002e+01 -1.269260000000000055e+01 -1.244950000000000045e+01 -1.040130000000000088e+01 -9.592280000000000584e+00 -1.038749999999999929e+01 -1.060260000000000069e+01 -1.010839999999999961e+01
6.690000000000000000e+05 -1.139100000000000001e+01 -1.196570000000000000e+01 -1.257450000000000045e+01 -1.299419999999999931e+01 -1.337509999999999977e+01 -1.062199999999999989e+01 -1.191830000000000034e+01 -1.229909999999999926e+01 -1.269740000000000002e+01 -1.245429999999999993e+01 -1.040610000000000035e+01 -9.597030000000000172e+00 -1.039230000000000054e+01 -1.060740000000000016e+01 -1.011320000000000086e+01
6.700000000000000000e+05 -1.139579999999999949e+01 -1.197049999999999947e+01 -1.257939999999999969e+01 -1.299900000000000055e+01 -1.337989999999999924e+01 -1.062679999999999936e+01 -1.192319999999999958e+01 -1.230390000000000050e+01 -1.270229999999999926e+01 -1.245909999999999940e+01 -1.041089999999999982e+01 -9.601770000000000138e+00 -1.039700000000000024e+01 -1.061219999999999963e+01 -1.011790000000000056e+01
6.710000000000000000e+05 -1.140060000000000073e+01 -1.197540000000000049e+01 -1.258419999999999916e+01 -1.300380000000000003e+01 -1.338480000000000025e+01 -1.063160000000000061e+01 -1.192800000000000082e+01 -1.230869999999999997e+01 -1.270710000000000051e+01 -1.246400000000000041e+01 -1.041569999999999929e+01 -9.606510000000000105e+00 -1.040179999999999971e+01 -1.061700000000000088e+01 -1.012270000000000003e+01
6.720000000000000000e+05 -1.140540000000000020e+01 -1.198019999999999996e+01 -1.258900000000000041e+01 -1.300869999999999926e+01 -1.338959999999999972e+01 -1.063640000000000008e+01 -1.193280000000000030e+01 -1.231359999999999921e+01 -1.271189999999999998e+01 -1.246879999999999988e+01 -1.042050000000000054e+01 -9.611250000000000071e+00 -1.040659999999999918e+01 -1.062180000000000035e+01 -1.012749999999999950e+01
6.730000000000000000e+05 -1.141019999999999968e+01 -1.198499999999999943e+01 -1.259379999999999988e+01 -1.301350000000000051e+01 -1.339439999999999920e+01 -1.064119999999999955e+01 -1.193759999999999977e+01 -1.231840000000000046e+01 -1.271669999999999945e+01 -1.247359999999999935e+01 -1.042520000000000024e+01 -9.615970000000000795e+00 -1.041140000000000043e+01 -1.062650000000000006e+01 -1.013219999999999921e+01
6.740000000000000000e+05 -1.141499999999999915e+01 -1.198980000000000068e+01 -1.259859999999999935e+01 -1.301829999999999998e+01 -1.339920000000000044e+01 -1.064600000000000080e+01 -1.194239999999999924e+01 -1.232319999999999993e+01 -1.272160000000000046e+01 -1.247840000000000060e+01 -1.042999999999999972e+01 -9.620689999999999742e+00 -1.041610000000000014e+01 -1.063129999999999953e+01 -1.013690000000000069e+01
6.750000000000000000e+05 -1.141970000000000063e+01 -1.199460000000000015e+01 -1.260340000000000060e+01 -1.302309999999999945e+01 -1.340399999999999991e+01 -1.065080000000000027e+01 -1.194720000000000049e+01 -1.232799999999999940e+01 -1.272639999999999993e+01 -1.248320000000000007e+01 -1.043469999999999942e+01 -9.625400000000000844e+00 -1.042089999999999961e+01 -1.063610000000000078e+01 -1.014170000000000016e+01
6.760000000000000000e+05 -1.142450000000000010e+01 -1.199939999999999962e+01 -1.260820000000000007e+01 -1.302790000000000070e+01 -1.340879999999999939e+01 -1.065559999999999974e+01 -1.195199999999999996e+01 -1.233280000000000065e+01 -1.273119999999999941e+01 -1.248799999999999955e+01 -1.043950000000000067e+01 -9.630110000000000170e+00 -1.042559999999999931e+01 -1.064080000000000048e+01 -1.014639999999999986e+01
6.770000000000000000e+05 -1.142929999999999957e+01 -1.200409999999999933e+01 -1.261299999999999955e+01 -1.303270000000000017e+01 -1.341360000000000063e+01 -1.066029999999999944e+01 -1.195669999999999966e+01 -1.233750000000000036e+01 -1.273600000000000065e+01 -1.249280000000000079e+01 -1.044420000000000037e+01 -9.634809999999999874e+00 -1.043030000000000079e+01 -1.064550000000000018e+01 -1.015109999999999957e+01
6.780000000000000000e+05 -1.143399999999999928e+01 -1.200890000000000057e+01 -1.261780000000000079e+01 -1.303749999999999964e+01 -1.341840000000000011e+01 -1.066510000000000069e+01 -1.196149999999999913e+01 -1.234229999999999983e+01 -1.274070000000000036e+01 -1.249760000000000026e+01 -1.044890000000000008e+01 -9.639499999999999957e+00 -1.043510000000000026e+01 -1.065029999999999966e+01 -1.015579999999999927e+01
6.790000000000000000e+05 -1.143880000000000052e+01 -1.201370000000000005e+01 -1.262260000000000026e+01 -1.304219999999999935e+01 -1.342319999999999958e+01 -1.066980000000000040e+01 -1.196630000000000038e+01 -1.234709999999999930e+01 -1.274549999999999983e+01 -1.250239999999999974e+01 -1.045369999999999955e+01 -9.644180000000000419e+00 -1.043979999999999997e+01 -1.065499999999999936e+01 -1.016060000000000052e+01
6.800000000000000000e+05 -1.144350000000000023e+01 -1.201839999999999975e+01 -1.262729999999999997e+01 -1.304700000000000060e+01 -1.342800000000000082e+01 -1.067459999999999987e+01 -1.197100000000000009e+01 -1.235190000000000055e+01 -1.275029999999999930e+01 -1.250709999999999944e+01 -1.045839999999999925e+01 -9.648860000000000881e+00 -1.044449999999999967e+01 -1.065970000000000084e+01 -1.016530000000000022e+01
6.810000000000000000e+05 -1.144829999999999970e+01 -1.202319999999999922e+01 -1.263209999999999944e+01 -1.305180000000000007e+01 -1.343270000000000053e+01 -1.067929999999999957e+01 -1.197579999999999956e+01 -1.235660000000000025e+01 -1.275510000000000055e+01 -1.251190000000000069e+01 -1.046310000000000073e+01 -9.653529999999999944e+00 -1.044919999999999938e+01 -1.066440000000000055e+01 -1.016999999999999993e+01
6.820000000000000000e+05 -1.145299999999999940e+01 -1.202790000000000070e+01 -1.263679999999999914e+01 -1.305649999999999977e+01 -1.343750000000000000e+01 -1.068399999999999928e+01 -1.198049999999999926e+01 -1.236139999999999972e+01 -1.275980000000000025e+01 -1.251660000000000039e+01 -1.046780000000000044e+01 -9.658200000000000784e+00 -1.045390000000000086e+01 -1.066910000000000025e+01 -1.017459999999999987e+01
6.830000000000000000e+05 -1.145770000000000088e+01 -1.203270000000000017e+01 -1.264160000000000039e+01 -1.306129999999999924e+01 -1.344229999999999947e+01 -1.068880000000000052e+01 -1.198520000000000074e+01 -1.236609999999999943e+01 -1.276459999999999972e+01 -1.252139999999999986e+01 -1.047250000000000014e+01 -9.662860000000000227e+00 -1.045860000000000056e+01 -1.067379999999999995e+01 -1.017929999999999957e+01
6.840000000000000000e+05 -1.146240000000000059e+01 -1.203739999999999988e+01 -1.264630000000000010e+01 -1.306600000000000072e+01 -1.344699999999999918e+01 -1.069350000000000023e+01 -1.199000000000000021e+01 -1.237079999999999913e+01 -1.276929999999999943e+01 -1.252609999999999957e+01 -1.047719999999999985e+01 -9.667510000000000048e+00 -1.046330000000000027e+01 -1.067849999999999966e+01 -1.018399999999999928e+01
6.850000000000000000e+05 -1.146720000000000006e+01 -1.204209999999999958e+01 -1.265109999999999957e+01 -1.307080000000000020e+01 -1.345170000000000066e+01 -1.069819999999999993e+01 -1.199469999999999992e+01 -1.237560000000000038e+01 -1.277410000000000068e+01 -1.253090000000000082e+01 -1.048189999999999955e+01 -9.672150000000000247e+00 -1.046799999999999997e+01 -1.068319999999999936e+01 -1.018870000000000076e+01
6.860000000000000000e+05 -1.147189999999999976e+01 -1.204679999999999929e+01 -1.265579999999999927e+01 -1.307549999999999990e+01 -1.345650000000000013e+01 -1.070289999999999964e+01 -1.199939999999999962e+01 -1.238030000000000008e+01 -1.277880000000000038e+01 -1.253560000000000052e+01 -1.048649999999999949e+01 -9.676790000000000447e+00 -1.047259999999999991e+01 -1.068790000000000084e+01 -1.019330000000000069e+01
6.870000000000000000e+05 -1.147659999999999947e+01 -1.205150000000000077e+01 -1.266050000000000075e+01 -1.308019999999999960e+01 -1.346119999999999983e+01 -1.070759999999999934e+01 -1.200409999999999933e+01 -1.238499999999999979e+01 -1.278350000000000009e+01 -1.254030000000000022e+01 -1.049119999999999919e+01 -9.681419999999999249e+00 -1.047729999999999961e+01 -1.069260000000000055e+01 -1.019800000000000040e+01
6.880000000000000000e+05 -1.148119999999999941e+01 -1.205620000000000047e+01 -1.266520000000000046e+01 -1.308489999999999931e+01 -1.346589999999999954e+01 -1.071230000000000082e+01 -1.200880000000000081e+01 -1.238969999999999949e+01 -1.278819999999999979e+01 -1.254499999999999993e+01 -1.049590000000000067e+01 -9.686049999999999827e+00 -1.048199999999999932e+01 -1.069720000000000049e+01 -1.020260000000000034e+01
6.890000000000000000e+05 -1.148590000000000089e+01 -1.206090000000000018e+01 -1.266990000000000016e+01 -1.308960000000000079e+01 -1.347059999999999924e+01 -1.071700000000000053e+01 -1.201350000000000051e+01 -1.239439999999999920e+01 -1.279289999999999949e+01 -1.254969999999999963e+01 -1.050050000000000061e+01 -9.690659999999999386e+00 -1.048659999999999926e+01 -1.070190000000000019e+01 -1.020730000000000004e+01
6.900000000000000000e+05 -1.149060000000000059e+01 -1.206559999999999988e+01 -1.267459999999999987e+01 -1.309430000000000049e+01 -1.347530000000000072e+01 -1.072170000000000023e+01 -1.201820000000000022e+01 -1.239910000000000068e+01 -1.279759999999999920e+01 -1.255439999999999934e+01 -1.050520000000000032e+01 -9.695280000000000342e+00 -1.049130000000000074e+01 -1.070650000000000013e+01 -1.021189999999999998e+01
6.910000000000000000e+05 -1.149530000000000030e+01 -1.207029999999999959e+01 -1.267929999999999957e+01 -1.309900000000000020e+01 -1.348000000000000043e+01 -1.072630000000000017e+01 -1.202280000000000015e+01 -1.240380000000000038e+01 -1.280230000000000068e+01 -1.255910000000000082e+01 -1.050980000000000025e+01 -9.699880000000000280e+00 -1.049590000000000067e+01 -1.071119999999999983e+01 -1.021649999999999991e+01
6.920000000000000000e+05 -1.149990000000000023e+01 -1.207499999999999929e+01 -1.268399999999999928e+01 -1.310369999999999990e+01 -1.348470000000000013e+01 -1.073099999999999987e+01 -1.202749999999999986e+01 -1.240850000000000009e+01 -1.280700000000000038e+01 -1.256380000000000052e+01 -1.051440000000000019e+01 -9.704480000000000217e+00 -1.050050000000000061e+01 -1.071579999999999977e+01 -1.022119999999999962e+01
6.930000000000000000e+05 -1.150459999999999994e+01 -1.207959999999999923e+01 -1.268870000000000076e+01 -1.310839999999999961e+01 -1.348939999999999984e+01 -1.073559999999999981e+01 -1.203219999999999956e+01 -1.241310000000000002e+01 -1.281170000000000009e+01 -1.256850000000000023e+01 -1.051909999999999989e+01 -9.709070000000000533e+00 -1.050520000000000032e+01 -1.072049999999999947e+01 -1.022579999999999956e+01
6.940000000000000000e+05 -1.150919999999999987e+01 -1.208430000000000071e+01 -1.269330000000000069e+01 -1.311309999999999931e+01 -1.349409999999999954e+01 -1.074029999999999951e+01 -1.203679999999999950e+01 -1.241779999999999973e+01 -1.281639999999999979e+01 -1.257310000000000016e+01 -1.052369999999999983e+01 -9.713660000000000849e+00 -1.050980000000000025e+01 -1.072509999999999941e+01 -1.023039999999999949e+01
6.950000000000000000e+05 -1.151389999999999958e+01 -1.208890000000000065e+01 -1.269800000000000040e+01 -1.311780000000000079e+01 -1.349879999999999924e+01 -1.074489999999999945e+01 -1.204149999999999920e+01 -1.242249999999999943e+01 -1.282109999999999950e+01 -1.257779999999999987e+01 -1.052829999999999977e+01 -9.718239999999999768e+00 -1.051440000000000019e+01 -1.072969999999999935e+01 -1.023499999999999943e+01
6.960000000000000000e+05 -1.151849999999999952e+01 -1.209360000000000035e+01 -1.270260000000000034e+01 -1.312240000000000073e+01 -1.350339999999999918e+01 -1.074959999999999916e+01 -1.204609999999999914e+01 -1.242709999999999937e+01 -1.282569999999999943e+01 -1.258249999999999957e+01 -1.053289999999999971e+01 -9.722810000000000841e+00 -1.051900000000000013e+01 -1.073429999999999929e+01 -1.023959999999999937e+01
6.970000000000000000e+05 -1.152319999999999922e+01 -1.209820000000000029e+01 -1.270730000000000004e+01 -1.312710000000000043e+01 -1.350810000000000066e+01 -1.075420000000000087e+01 -1.205080000000000062e+01 -1.243180000000000085e+01 -1.283039999999999914e+01 -1.258709999999999951e+01 -1.053749999999999964e+01 -9.727380000000000138e+00 -1.052360000000000007e+01 -1.073889999999999922e+01 -1.024419999999999931e+01
6.980000000000000000e+05 -1.152779999999999916e+01 -1.210289999999999999e+01 -1.271189999999999998e+01 -1.313170000000000037e+01 -1.351270000000000060e+01 -1.075880000000000081e+01 -1.205540000000000056e+01 -1.243640000000000079e+01 -1.283500000000000085e+01 -1.259169999999999945e+01 -1.054209999999999958e+01 -9.731939999999999813e+00 -1.052820000000000000e+01 -1.074349999999999916e+01 -1.024879999999999924e+01
6.990000000000000000e+05 -1.153240000000000087e+01 -1.210749999999999993e+01 -1.271659999999999968e+01 -1.313640000000000008e+01 -1.351740000000000030e+01 -1.076340000000000074e+01 -1.206000000000000050e+01 -1.244100000000000072e+01 -1.283970000000000056e+01 -1.259639999999999915e+01 -1.054669999999999952e+01 -9.736489999999999867e+00 -1.053279999999999994e+01 -1.074810000000000088e+01 -1.025329999999999941e+01
7.000000000000000000e+05 -1.153700000000000081e+01 -1.211209999999999987e+01 -1.272119999999999962e+01 -1.314100000000000001e+01 -1.352200000000000024e+01 -1.076810000000000045e+01 -1.206470000000000020e+01 -1.244570000000000043e+01 -1.284430000000000049e+01 -1.260100000000000087e+01 -1.055129999999999946e+01 -9.741039999999999921e+00 -1.053739999999999988e+01 -1.075270000000000081e+01 -1.025789999999999935e+01
7.010000000000000000e+05 -1.154160000000000075e+01 -1.211669999999999980e+01 -1.272579999999999956e+01 -1.314559999999999995e+01 -1.352669999999999995e+01 -1.077270000000000039e+01 -1.206930000000000014e+01 -1.245030000000000037e+01 -1.284890000000000043e+01 -1.260560000000000080e+01 -1.055579999999999963e+01 -9.745580000000000354e+00 -1.054199999999999982e+01 -1.075730000000000075e+01 -1.026249999999999929e+01
7.020000000000000000e+05 -1.154620000000000068e+01 -1.212129999999999974e+01 -1.273039999999999949e+01 -1.315019999999999989e+01 -1.353129999999999988e+01 -1.077730000000000032e+01 -1.207390000000000008e+01 -1.245490000000000030e+01 -1.285360000000000014e+01 -1.261030000000000051e+01 -1.056039999999999957e+01 -9.750120000000000786e+00 -1.054649999999999999e+01 -1.076190000000000069e+01 -1.026699999999999946e+01
7.030000000000000000e+05 -1.155080000000000062e+01 -1.212589999999999968e+01 -1.273509999999999920e+01 -1.315489999999999959e+01 -1.353589999999999982e+01 -1.078180000000000049e+01 -1.207850000000000001e+01 -1.245950000000000024e+01 -1.285820000000000007e+01 -1.261490000000000045e+01 -1.056499999999999950e+01 -9.754649999999999821e+00 -1.055109999999999992e+01 -1.076640000000000086e+01 -1.027159999999999940e+01
7.040000000000000000e+05 -1.155540000000000056e+01 -1.213049999999999962e+01 -1.273969999999999914e+01 -1.315949999999999953e+01 -1.354049999999999976e+01 -1.078640000000000043e+01 -1.208309999999999995e+01 -1.246410000000000018e+01 -1.286280000000000001e+01 -1.261950000000000038e+01 -1.056949999999999967e+01 -9.759169999999999234e+00 -1.055569999999999986e+01 -1.077100000000000080e+01 -1.027609999999999957e+01
7.050000000000000000e+05 -1.156000000000000050e+01 -1.213509999999999955e+01 -1.274430000000000085e+01 -1.316409999999999947e+01 -1.354509999999999970e+01 -1.079100000000000037e+01 -1.208769999999999989e+01 -1.246870000000000012e+01 -1.286739999999999995e+01 -1.262410000000000032e+01 -1.057409999999999961e+01 -9.763690000000000424e+00 -1.056020000000000003e+01 -1.077549999999999919e+01 -1.028069999999999951e+01
7.060000000000000000e+05 -1.156450000000000067e+01 -1.213969999999999949e+01 -1.274890000000000079e+01 -1.316869999999999941e+01 -1.354969999999999963e+01 -1.079560000000000031e+01 -1.209220000000000006e+01 -1.247330000000000005e+01 -1.287199999999999989e+01 -1.262870000000000026e+01 -1.057859999999999978e+01 -9.768200000000000216e+00 -1.056470000000000020e+01 -1.078009999999999913e+01 -1.028519999999999968e+01
7.070000000000000000e+05 -1.156910000000000061e+01 -1.214429999999999943e+01 -1.275339999999999918e+01 -1.317329999999999934e+01 -1.355429999999999957e+01 -1.080020000000000024e+01 -1.209680000000000000e+01 -1.247789999999999999e+01 -1.287659999999999982e+01 -1.263330000000000020e+01 -1.058319999999999972e+01 -9.772700000000000387e+00 -1.056930000000000014e+01 -1.078459999999999930e+01 -1.028969999999999985e+01
7.080000000000000000e+05 -1.157370000000000054e+01 -1.214889999999999937e+01 -1.275799999999999912e+01 -1.317779999999999951e+01 -1.355889999999999951e+01 -1.080470000000000041e+01 -1.210139999999999993e+01 -1.248240000000000016e+01 -1.288119999999999976e+01 -1.263780000000000037e+01 -1.058769999999999989e+01 -9.777200000000000557e+00 -1.057380000000000031e+01 -1.078919999999999924e+01 -1.029420000000000002e+01
7.090000000000000000e+05 -1.157820000000000071e+01 -1.215339999999999954e+01 -1.276260000000000083e+01 -1.318239999999999945e+01 -1.356349999999999945e+01 -1.080930000000000035e+01 -1.210590000000000011e+01 -1.248700000000000010e+01 -1.288569999999999993e+01 -1.264240000000000030e+01 -1.059220000000000006e+01 -9.781689999999999330e+00 -1.057830000000000048e+01 -1.079369999999999941e+01 -1.029879999999999995e+01
7.100000000000000000e+05 -1.158280000000000065e+01 -1.215799999999999947e+01 -1.276720000000000077e+01 -1.318699999999999939e+01 -1.356809999999999938e+01 -1.081380000000000052e+01 -1.211050000000000004e+01 -1.249160000000000004e+01 -1.289029999999999987e+01 -1.264700000000000024e+01 -1.059670000000000023e+01 -9.786170000000000258e+00 -1.058290000000000042e+01 -1.079819999999999958e+01 -1.030330000000000013e+01
7.110000000000000000e+05 -1.158730000000000082e+01 -1.216249999999999964e+01 -1.277169999999999916e+01 -1.319149999999999956e+01 -1.357259999999999955e+01 -1.081840000000000046e+01 -1.211500000000000021e+01 -1.249610000000000021e+01 -1.289489999999999981e+01 -1.265150000000000041e+01 -1.060120000000000040e+01 -9.790649999999999409e+00 -1.058740000000000059e+01 -1.080269999999999975e+01 -1.030780000000000030e+01
7.120000000000000000e+05 -1.159179999999999922e+01 -1.216709999999999958e+01 -1.277630000000000088e+01 -1.319609999999999950e+01 -1.357719999999999949e+01 -1.082290000000000063e+01 -1.211960000000000015e+01 -1.250070000000000014e+01 -1.289939999999999998e+01 -1.265610000000000035e+01 -1.060580000000000034e+01 -9.795120000000000715e+00 -1.059190000000000076e+01 -1.080729999999999968e+01 -1.031230000000000047e+01
7.130000000000000000e+05 -1.159639999999999915e+01 -1.217159999999999975e+01 -1.278079999999999927e+01 -1.320069999999999943e+01 -1.358169999999999966e+01 -1.082740000000000080e+01 -1.212410000000000032e+01 -1.250520000000000032e+01 -1.290399999999999991e+01 -1.266060000000000052e+01 -1.061030000000000051e+01 -9.799590000000000245e+00 -1.059639999999999915e+01 -1.081179999999999986e+01 -1.031670000000000087e+01
7.140000000000000000e+05 -1.160089999999999932e+01 -1.217609999999999992e+01 -1.278529999999999944e+01 -1.320519999999999960e+01 -1.358629999999999960e+01 -1.083189999999999920e+01 -1.212860000000000049e+01 -1.250980000000000025e+01 -1.290850000000000009e+01 -1.266520000000000046e+01 -1.061469999999999914e+01 -9.804050000000000153e+00 -1.060089999999999932e+01 -1.081630000000000003e+01 -1.032119999999999926e+01
7.150000000000000000e+05 -1.160539999999999949e+01 -1.218069999999999986e+01 -1.278989999999999938e+01 -1.320969999999999978e+01 -1.359079999999999977e+01 -1.083639999999999937e+01 -1.213320000000000043e+01 -1.251430000000000042e+01 -1.291310000000000002e+01 -1.266970000000000063e+01 -1.061919999999999931e+01 -9.808510000000000062e+00 -1.060539999999999949e+01 -1.082070000000000043e+01 -1.032569999999999943e+01
7.160000000000000000e+05 -1.160989999999999966e+01 -1.218520000000000003e+01 -1.279439999999999955e+01 -1.321429999999999971e+01 -1.359539999999999971e+01 -1.084099999999999930e+01 -1.213770000000000060e+01 -1.251880000000000059e+01 -1.291760000000000019e+01 -1.267420000000000080e+01 -1.062369999999999948e+01 -9.812950000000000728e+00 -1.060979999999999990e+01 -1.082520000000000060e+01 -1.033019999999999960e+01
7.170000000000000000e+05 -1.161439999999999984e+01 -1.218970000000000020e+01 -1.279889999999999972e+01 -1.321879999999999988e+01 -1.359989999999999988e+01 -1.084549999999999947e+01 -1.214220000000000077e+01 -1.252330000000000076e+01 -1.292210000000000036e+01 -1.267880000000000074e+01 -1.062819999999999965e+01 -9.817399999999999238e+00 -1.061430000000000007e+01 -1.082970000000000077e+01 -1.033460000000000001e+01
7.180000000000000000e+05 -1.161890000000000001e+01 -1.219420000000000037e+01 -1.280339999999999989e+01 -1.322330000000000005e+01 -1.360440000000000005e+01 -1.084999999999999964e+01 -1.214669999999999916e+01 -1.252779999999999916e+01 -1.292660000000000053e+01 -1.268329999999999913e+01 -1.063269999999999982e+01 -9.821830000000000283e+00 -1.061880000000000024e+01 -1.083419999999999916e+01 -1.033910000000000018e+01
7.190000000000000000e+05 -1.162340000000000018e+01 -1.219870000000000054e+01 -1.280799999999999983e+01 -1.322780000000000022e+01 -1.360890000000000022e+01 -1.085440000000000005e+01 -1.215119999999999933e+01 -1.253229999999999933e+01 -1.293120000000000047e+01 -1.268779999999999930e+01 -1.063710000000000022e+01 -9.826259999999999550e+00 -1.062320000000000064e+01 -1.083869999999999933e+01 -1.034350000000000058e+01
7.200000000000000000e+05 -1.162790000000000035e+01 -1.220320000000000071e+01 -1.281250000000000000e+01 -1.323230000000000040e+01 -1.361340000000000039e+01 -1.085890000000000022e+01 -1.215569999999999951e+01 -1.253679999999999950e+01 -1.293570000000000064e+01 -1.269229999999999947e+01 -1.064160000000000039e+01 -9.830690000000000595e+00 -1.062770000000000081e+01 -1.084309999999999974e+01 -1.034800000000000075e+01
7.210000000000000000e+05 -1.163230000000000075e+01 -1.220770000000000088e+01 -1.281700000000000017e+01 -1.323680000000000057e+01 -1.361790000000000056e+01 -1.086340000000000039e+01 -1.216019999999999968e+01 -1.254129999999999967e+01 -1.294020000000000081e+01 -1.269679999999999964e+01 -1.064600000000000080e+01 -9.835110000000000241e+00 -1.063219999999999921e+01 -1.084759999999999991e+01 -1.035239999999999938e+01
7.220000000000000000e+05 -1.163679999999999914e+01 -1.221219999999999928e+01 -1.282140000000000057e+01 -1.324130000000000074e+01 -1.362240000000000073e+01 -1.086790000000000056e+01 -1.216469999999999985e+01 -1.254579999999999984e+01 -1.294469999999999921e+01 -1.270129999999999981e+01 -1.065049999999999919e+01 -9.839520000000000266e+00 -1.063659999999999961e+01 -1.085200000000000031e+01 -1.035689999999999955e+01
7.230000000000000000e+05 -1.164129999999999932e+01 -1.221659999999999968e+01 -1.282590000000000074e+01 -1.324579999999999913e+01 -1.362689999999999912e+01 -1.087229999999999919e+01 -1.216910000000000025e+01 -1.255030000000000001e+01 -1.294919999999999938e+01 -1.270579999999999998e+01 -1.065489999999999959e+01 -9.843920000000000670e+00 -1.064100000000000001e+01 -1.085650000000000048e+01 -1.036129999999999995e+01
7.240000000000000000e+05 -1.164569999999999972e+01 -1.222109999999999985e+01 -1.283039999999999914e+01 -1.325029999999999930e+01 -1.363139999999999930e+01 -1.087679999999999936e+01 -1.217360000000000042e+01 -1.255480000000000018e+01 -1.295359999999999978e+01 -1.271020000000000039e+01 -1.065930000000000000e+01 -9.848330000000000695e+00 -1.064550000000000018e+01 -1.086090000000000089e+01 -1.036570000000000036e+01
7.250000000000000000e+05 -1.165019999999999989e+01 -1.222560000000000002e+01 -1.283489999999999931e+01 -1.325479999999999947e+01 -1.363589999999999947e+01 -1.088129999999999953e+01 -1.217810000000000059e+01 -1.255920000000000059e+01 -1.295809999999999995e+01 -1.271470000000000056e+01 -1.066380000000000017e+01 -9.852719999999999700e+00 -1.064990000000000059e+01 -1.086529999999999951e+01 -1.037010000000000076e+01
7.260000000000000000e+05 -1.165460000000000029e+01 -1.223000000000000043e+01 -1.283929999999999971e+01 -1.325919999999999987e+01 -1.364039999999999964e+01 -1.088569999999999993e+01 -1.218249999999999922e+01 -1.256370000000000076e+01 -1.296260000000000012e+01 -1.271920000000000073e+01 -1.066820000000000057e+01 -9.857110000000000483e+00 -1.065429999999999922e+01 -1.086979999999999968e+01 -1.037449999999999939e+01
7.270000000000000000e+05 -1.165910000000000046e+01 -1.223450000000000060e+01 -1.284379999999999988e+01 -1.326370000000000005e+01 -1.364480000000000004e+01 -1.089010000000000034e+01 -1.218699999999999939e+01 -1.256819999999999915e+01 -1.296710000000000029e+01 -1.272359999999999935e+01 -1.067259999999999920e+01 -9.861489999999999867e+00 -1.065869999999999962e+01 -1.087420000000000009e+01 -1.037889999999999979e+01
7.280000000000000000e+05 -1.166350000000000087e+01 -1.223889999999999922e+01 -1.284820000000000029e+01 -1.326820000000000022e+01 -1.364930000000000021e+01 -1.089460000000000051e+01 -1.219139999999999979e+01 -1.257259999999999955e+01 -1.297150000000000070e+01 -1.272809999999999953e+01 -1.067699999999999960e+01 -9.865869999999999251e+00 -1.066310000000000002e+01 -1.087860000000000049e+01 -1.038330000000000020e+01
7.290000000000000000e+05 -1.166789999999999949e+01 -1.224339999999999939e+01 -1.285270000000000046e+01 -1.327260000000000062e+01 -1.365370000000000061e+01 -1.089899999999999913e+01 -1.219580000000000020e+01 -1.257709999999999972e+01 -1.297600000000000087e+01 -1.273249999999999993e+01 -1.068140000000000001e+01 -9.870240000000000791e+00 -1.066750000000000043e+01 -1.088299999999999912e+01 -1.038770000000000060e+01
7.300000000000000000e+05 -1.167239999999999966e+01 -1.224779999999999980e+01 -1.285710000000000086e+01 -1.327710000000000079e+01 -1.365820000000000078e+01 -1.090339999999999954e+01 -1.220030000000000037e+01 -1.258150000000000013e+01 -1.298039999999999949e+01 -1.273700000000000010e+01 -1.068580000000000041e+01 -9.874599999999999156e+00 -1.067190000000000083e+01 -1.088739999999999952e+01 -1.039209999999999923e+01
7.310000000000000000e+05 -1.167680000000000007e+01 -1.225220000000000020e+01 -1.286159999999999926e+01 -1.328149999999999942e+01 -1.366259999999999941e+01 -1.090789999999999971e+01 -1.220470000000000077e+01 -1.258590000000000053e+01 -1.298489999999999966e+01 -1.274140000000000050e+01 -1.069020000000000081e+01 -9.878959999999999297e+00 -1.067629999999999946e+01 -1.089179999999999993e+01 -1.039649999999999963e+01
7.320000000000000000e+05 -1.168120000000000047e+01 -1.225660000000000061e+01 -1.286599999999999966e+01 -1.328589999999999982e+01 -1.366709999999999958e+01 -1.091230000000000011e+01 -1.220909999999999940e+01 -1.259040000000000070e+01 -1.298930000000000007e+01 -1.274579999999999913e+01 -1.069459999999999944e+01 -9.883319999999999439e+00 -1.068069999999999986e+01 -1.089620000000000033e+01 -1.040090000000000003e+01
7.330000000000000000e+05 -1.168560000000000088e+01 -1.226110000000000078e+01 -1.287040000000000006e+01 -1.329039999999999999e+01 -1.367149999999999999e+01 -1.091670000000000051e+01 -1.221349999999999980e+01 -1.259479999999999933e+01 -1.299370000000000047e+01 -1.275029999999999930e+01 -1.069899999999999984e+01 -9.887660000000000338e+00 -1.068510000000000026e+01 -1.090060000000000073e+01 -1.040520000000000067e+01
7.340000000000000000e+05 -1.168999999999999950e+01 -1.226549999999999940e+01 -1.287480000000000047e+01 -1.329480000000000040e+01 -1.367590000000000039e+01 -1.092109999999999914e+01 -1.221790000000000020e+01 -1.259919999999999973e+01 -1.299810000000000088e+01 -1.275469999999999970e+01 -1.070330000000000048e+01 -9.892010000000000858e+00 -1.068950000000000067e+01 -1.090489999999999959e+01 -1.040959999999999930e+01
7.350000000000000000e+05 -1.169439999999999991e+01 -1.226989999999999981e+01 -1.287920000000000087e+01 -1.329920000000000080e+01 -1.368030000000000079e+01 -1.092549999999999955e+01 -1.222230000000000061e+01 -1.260360000000000014e+01 -1.300259999999999927e+01 -1.275910000000000011e+01 -1.070770000000000088e+01 -9.896340000000000359e+00 -1.069379999999999953e+01 -1.090930000000000000e+01 -1.041399999999999970e+01
7.360000000000000000e+05 -1.169880000000000031e+01 -1.227430000000000021e+01 -1.288369999999999926e+01 -1.330359999999999943e+01 -1.368479999999999919e+01 -1.092980000000000018e+01 -1.222669999999999924e+01 -1.260800000000000054e+01 -1.300699999999999967e+01 -1.276350000000000051e+01 -1.071209999999999951e+01 -9.900669999999999860e+00 -1.069819999999999993e+01 -1.091370000000000040e+01 -1.041830000000000034e+01
7.370000000000000000e+05 -1.170320000000000071e+01 -1.227870000000000061e+01 -1.288809999999999967e+01 -1.330799999999999983e+01 -1.368919999999999959e+01 -1.093420000000000059e+01 -1.223109999999999964e+01 -1.261239999999999917e+01 -1.301140000000000008e+01 -1.276789999999999914e+01 -1.071640000000000015e+01 -9.904999999999999361e+00 -1.070250000000000057e+01 -1.091799999999999926e+01 -1.042270000000000074e+01
7.380000000000000000e+05 -1.170749999999999957e+01 -1.228299999999999947e+01 -1.289240000000000030e+01 -1.331240000000000023e+01 -1.369359999999999999e+01 -1.093859999999999921e+01 -1.223550000000000004e+01 -1.261679999999999957e+01 -1.301580000000000048e+01 -1.277229999999999954e+01 -1.072080000000000055e+01 -9.909319999999999240e+00 -1.070689999999999920e+01 -1.092239999999999966e+01 -1.042699999999999960e+01
7.390000000000000000e+05 -1.171189999999999998e+01 -1.228739999999999988e+01 -1.289680000000000071e+01 -1.331680000000000064e+01 -1.369800000000000040e+01 -1.094299999999999962e+01 -1.223990000000000045e+01 -1.262119999999999997e+01 -1.302020000000000088e+01 -1.277669999999999995e+01 -1.072509999999999941e+01 -9.913629999999999498e+00 -1.071119999999999983e+01 -1.092670000000000030e+01 -1.043130000000000024e+01
7.400000000000000000e+05 -1.171630000000000038e+01 -1.229180000000000028e+01 -1.290119999999999933e+01 -1.332119999999999926e+01 -1.370229999999999926e+01 -1.094730000000000025e+01 -1.224419999999999931e+01 -1.262550000000000061e+01 -1.302449999999999974e+01 -1.278110000000000035e+01 -1.072949999999999982e+01 -9.917939999999999756e+00 -1.071560000000000024e+01 -1.093110000000000070e+01 -1.043570000000000064e+01
7.410000000000000000e+05 -1.172059999999999924e+01 -1.229620000000000068e+01 -1.290559999999999974e+01 -1.332559999999999967e+01 -1.370669999999999966e+01 -1.095170000000000066e+01 -1.224859999999999971e+01 -1.262989999999999924e+01 -1.302890000000000015e+01 -1.278539999999999921e+01 -1.073380000000000045e+01 -9.922240000000000393e+00 -1.071990000000000087e+01 -1.093539999999999957e+01 -1.043999999999999950e+01
7.420000000000000000e+05 -1.172499999999999964e+01 -1.230049999999999955e+01 -1.291000000000000014e+01 -1.332990000000000030e+01 -1.371110000000000007e+01 -1.095599999999999952e+01 -1.225300000000000011e+01 -1.263429999999999964e+01 -1.303330000000000055e+01 -1.278979999999999961e+01 -1.073809999999999931e+01 -9.926529999999999632e+00 -1.072419999999999973e+01 -1.093970000000000020e+01 -1.044430000000000014e+01
7.430000000000000000e+05 -1.172930000000000028e+01 -1.230489999999999995e+01 -1.291430000000000078e+01 -1.333430000000000071e+01 -1.371550000000000047e+01 -1.096039999999999992e+01 -1.225730000000000075e+01 -1.263860000000000028e+01 -1.303769999999999918e+01 -1.279420000000000002e+01 -1.074239999999999995e+01 -9.930820000000000647e+00 -1.072860000000000014e+01 -1.094410000000000061e+01 -1.044860000000000078e+01
7.440000000000000000e+05 -1.173370000000000068e+01 -1.230920000000000059e+01 -1.291869999999999941e+01 -1.333869999999999933e+01 -1.371979999999999933e+01 -1.096470000000000056e+01 -1.226169999999999938e+01 -1.264300000000000068e+01 -1.304199999999999982e+01 -1.279850000000000065e+01 -1.074680000000000035e+01 -9.935109999999999886e+00 -1.073290000000000077e+01 -1.094839999999999947e+01 -1.045289999999999964e+01
7.450000000000000000e+05 -1.173799999999999955e+01 -1.231359999999999921e+01 -1.292300000000000004e+01 -1.334299999999999997e+01 -1.372419999999999973e+01 -1.096909999999999918e+01 -1.226600000000000001e+01 -1.264729999999999954e+01 -1.304640000000000022e+01 -1.280289999999999928e+01 -1.075109999999999921e+01 -9.939389999999999503e+00 -1.073719999999999963e+01 -1.095270000000000010e+01 -1.045720000000000027e+01
7.460000000000000000e+05 -1.174230000000000018e+01 -1.231789999999999985e+01 -1.292740000000000045e+01 -1.334740000000000038e+01 -1.372850000000000037e+01 -1.097339999999999982e+01 -1.227030000000000065e+01 -1.265169999999999995e+01 -1.305070000000000086e+01 -1.280719999999999992e+01 -1.075539999999999985e+01 -9.943659999999999499e+00 -1.074150000000000027e+01 -1.095700000000000074e+01 -1.046149999999999913e+01
7.470000000000000000e+05 -1.174670000000000059e+01 -1.232220000000000049e+01 -1.293169999999999931e+01 -1.335169999999999924e+01 -1.373290000000000077e+01 -1.097770000000000046e+01 -1.227469999999999928e+01 -1.265600000000000058e+01 -1.305509999999999948e+01 -1.281160000000000032e+01 -1.075970000000000049e+01 -9.947929999999999495e+00 -1.074579999999999913e+01 -1.096129999999999960e+01 -1.046579999999999977e+01
7.480000000000000000e+05 -1.175099999999999945e+01 -1.232659999999999911e+01 -1.293609999999999971e+01 -1.335599999999999987e+01 -1.373719999999999963e+01 -1.098199999999999932e+01 -1.227899999999999991e+01 -1.266039999999999921e+01 -1.305940000000000012e+01 -1.281589999999999918e+01 -1.076399999999999935e+01 -9.952189999999999870e+00 -1.075009999999999977e+01 -1.096560000000000024e+01 -1.047010000000000041e+01
7.490000000000000000e+05 -1.175530000000000008e+01 -1.233089999999999975e+01 -1.294040000000000035e+01 -1.336040000000000028e+01 -1.374160000000000004e+01 -1.098639999999999972e+01 -1.228330000000000055e+01 -1.266469999999999985e+01 -1.306380000000000052e+01 -1.282019999999999982e+01 -1.076820000000000022e+01 -9.956450000000000244e+00 -1.075440000000000040e+01 -1.096990000000000087e+01 -1.047429999999999950e+01
7.500000000000000000e+05 -1.175960000000000072e+01 -1.233520000000000039e+01 -1.294469999999999921e+01 -1.336469999999999914e+01 -1.374590000000000067e+01 -1.099070000000000036e+01 -1.228759999999999941e+01 -1.266900000000000048e+01 -1.306809999999999938e+01 -1.282460000000000022e+01 -1.077250000000000085e+01 -9.960699999999999221e+00 -1.075859999999999950e+01 -1.097419999999999973e+01 -1.047860000000000014e+01
7.510000000000000000e+05 -1.176389999999999958e+01 -1.233949999999999925e+01 -1.294899999999999984e+01 -1.336899999999999977e+01 -1.375019999999999953e+01 -1.099499999999999922e+01 -1.229190000000000005e+01 -1.267329999999999934e+01 -1.307240000000000002e+01 -1.282890000000000086e+01 -1.077679999999999971e+01 -9.964940000000000353e+00 -1.076290000000000013e+01 -1.097850000000000037e+01 -1.048290000000000077e+01
7.520000000000000000e+05 -1.176820000000000022e+01 -1.234379999999999988e+01 -1.295330000000000048e+01 -1.337330000000000041e+01 -1.375450000000000017e+01 -1.099929999999999986e+01 -1.229620000000000068e+01 -1.267759999999999998e+01 -1.307670000000000066e+01 -1.283319999999999972e+01 -1.078110000000000035e+01 -9.969189999999999330e+00 -1.076720000000000077e+01 -1.098269999999999946e+01 -1.048709999999999987e+01
7.530000000000000000e+05 -1.177250000000000085e+01 -1.234810000000000052e+01 -1.295759999999999934e+01 -1.337770000000000081e+01 -1.375890000000000057e+01 -1.100350000000000072e+01 -1.230049999999999955e+01 -1.268190000000000062e+01 -1.308099999999999952e+01 -1.283750000000000036e+01 -1.078529999999999944e+01 -9.973420000000000840e+00 -1.077149999999999963e+01 -1.098700000000000010e+01 -1.049140000000000050e+01
7.540000000000000000e+05 -1.177679999999999971e+01 -1.235239999999999938e+01 -1.296189999999999998e+01 -1.338199999999999967e+01 -1.376319999999999943e+01 -1.100779999999999959e+01 -1.230480000000000018e+01 -1.268619999999999948e+01 -1.308530000000000015e+01 -1.284179999999999922e+01 -1.078960000000000008e+01 -9.977650000000000574e+00 -1.077570000000000050e+01 -1.099130000000000074e+01 -1.049559999999999960e+01
7.550000000000000000e+05 -1.178100000000000058e+01 -1.235670000000000002e+01 -1.296620000000000061e+01 -1.338630000000000031e+01 -1.376750000000000007e+01 -1.101210000000000022e+01 -1.230910000000000082e+01 -1.269050000000000011e+01 -1.308960000000000079e+01 -1.284609999999999985e+01 -1.079379999999999917e+01 -9.981870000000000687e+00 -1.077999999999999936e+01 -1.099549999999999983e+01 -1.049990000000000023e+01
7.560000000000000000e+05 -1.178529999999999944e+01 -1.236100000000000065e+01 -1.297049999999999947e+01 -1.339049999999999940e+01 -1.377180000000000071e+01 -1.101640000000000086e+01 -1.231339999999999968e+01 -1.269480000000000075e+01 -1.309389999999999965e+01 -1.285040000000000049e+01 -1.079809999999999981e+01 -9.986090000000000799e+00 -1.078420000000000023e+01 -1.099980000000000047e+01 -1.050409999999999933e+01
7.570000000000000000e+05 -1.178960000000000008e+01 -1.236519999999999975e+01 -1.297480000000000011e+01 -1.339480000000000004e+01 -1.377609999999999957e+01 -1.102059999999999995e+01 -1.231770000000000032e+01 -1.269909999999999961e+01 -1.309820000000000029e+01 -1.285469999999999935e+01 -1.080230000000000068e+01 -9.990299999999999514e+00 -1.078850000000000087e+01 -1.100399999999999956e+01 -1.050839999999999996e+01
7.580000000000000000e+05 -1.179379999999999917e+01 -1.236950000000000038e+01 -1.297910000000000075e+01 -1.339910000000000068e+01 -1.378030000000000044e+01 -1.102490000000000059e+01 -1.232189999999999941e+01 -1.270340000000000025e+01 -1.310249999999999915e+01 -1.285890000000000022e+01 -1.080659999999999954e+01 -9.994510000000000005e+00 -1.079269999999999996e+01 -1.100830000000000020e+01 -1.051260000000000083e+01
7.590000000000000000e+05 -1.179809999999999981e+01 -1.237379999999999924e+01 -1.298339999999999961e+01 -1.340339999999999954e+01 -1.378459999999999930e+01 -1.102919999999999945e+01 -1.232620000000000005e+01 -1.270759999999999934e+01 -1.310679999999999978e+01 -1.286320000000000086e+01 -1.081080000000000041e+01 -9.998710000000000875e+00 -1.079690000000000083e+01 -1.101249999999999929e+01 -1.051679999999999993e+01
7.600000000000000000e+05 -1.180230000000000068e+01 -1.237800000000000011e+01 -1.298760000000000048e+01 -1.340770000000000017e+01 -1.378889999999999993e+01 -1.103340000000000032e+01 -1.233050000000000068e+01 -1.271189999999999998e+01 -1.311110000000000042e+01 -1.286749999999999972e+01 -1.081499999999999950e+01 -1.000290000000000035e+01 -1.080119999999999969e+01 -1.101670000000000016e+01 -1.052100000000000080e+01
7.610000000000000000e+05 -1.180659999999999954e+01 -1.238230000000000075e+01 -1.299189999999999934e+01 -1.341189999999999927e+01 -1.379320000000000057e+01 -1.103769999999999918e+01 -1.233469999999999978e+01 -1.271610000000000085e+01 -1.311529999999999951e+01 -1.287170000000000059e+01 -1.081920000000000037e+01 -1.000709999999999944e+01 -1.080540000000000056e+01 -1.102100000000000080e+01 -1.052519999999999989e+01
7.620000000000000000e+05 -1.181080000000000041e+01 -1.238649999999999984e+01 -1.299610000000000021e+01 -1.341619999999999990e+01 -1.379739999999999966e+01 -1.104190000000000005e+01 -1.233890000000000065e+01 -1.272039999999999971e+01 -1.311960000000000015e+01 -1.287599999999999945e+01 -1.082349999999999923e+01 -1.001130000000000031e+01 -1.080959999999999965e+01 -1.102519999999999989e+01 -1.052940000000000076e+01
7.630000000000000000e+05 -1.181509999999999927e+01 -1.239080000000000048e+01 -1.300040000000000084e+01 -1.342040000000000077e+01 -1.380170000000000030e+01 -1.104609999999999914e+01 -1.234319999999999951e+01 -1.272460000000000058e+01 -1.312379999999999924e+01 -1.288020000000000032e+01 -1.082770000000000010e+01 -1.001549999999999940e+01 -1.081380000000000052e+01 -1.102940000000000076e+01 -1.053359999999999985e+01
7.640000000000000000e+05 -1.181930000000000014e+01 -1.239499999999999957e+01 -1.300459999999999994e+01 -1.342469999999999963e+01 -1.380589999999999939e+01 -1.105039999999999978e+01 -1.234740000000000038e+01 -1.272889999999999944e+01 -1.312809999999999988e+01 -1.288449999999999918e+01 -1.083189999999999920e+01 -1.001960000000000051e+01 -1.081799999999999962e+01 -1.103359999999999985e+01 -1.053780000000000072e+01
7.650000000000000000e+05 -1.182349999999999923e+01 -1.239920000000000044e+01 -1.300890000000000057e+01 -1.342890000000000050e+01 -1.381020000000000003e+01 -1.105460000000000065e+01 -1.235169999999999924e+01 -1.273310000000000031e+01 -1.313230000000000075e+01 -1.288870000000000005e+01 -1.083610000000000007e+01 -1.002379999999999960e+01 -1.082220000000000049e+01 -1.103780000000000072e+01 -1.054199999999999982e+01
7.660000000000000000e+05 -1.182770000000000010e+01 -1.240349999999999930e+01 -1.301309999999999967e+01 -1.343319999999999936e+01 -1.381439999999999912e+01 -1.105879999999999974e+01 -1.235590000000000011e+01 -1.273739999999999917e+01 -1.313659999999999961e+01 -1.289300000000000068e+01 -1.084029999999999916e+01 -1.002800000000000047e+01 -1.082639999999999958e+01 -1.104199999999999982e+01 -1.054620000000000068e+01
7.670000000000000000e+05 -1.183189999999999920e+01 -1.240770000000000017e+01 -1.301730000000000054e+01 -1.343740000000000023e+01 -1.381859999999999999e+01 -1.106300000000000061e+01 -1.236009999999999920e+01 -1.274160000000000004e+01 -1.314080000000000048e+01 -1.289719999999999978e+01 -1.084450000000000003e+01 -1.003209999999999980e+01 -1.083060000000000045e+01 -1.104620000000000068e+01 -1.055039999999999978e+01
7.680000000000000000e+05 -1.183610000000000007e+01 -1.241189999999999927e+01 -1.302149999999999963e+01 -1.344159999999999933e+01 -1.382290000000000063e+01 -1.106719999999999970e+01 -1.236430000000000007e+01 -1.274579999999999913e+01 -1.314499999999999957e+01 -1.290140000000000065e+01 -1.084859999999999935e+01 -1.003630000000000067e+01 -1.083479999999999954e+01 -1.105039999999999978e+01 -1.055460000000000065e+01
7.690000000000000000e+05 -1.184029999999999916e+01 -1.241610000000000014e+01 -1.302580000000000027e+01 -1.344580000000000020e+01 -1.382709999999999972e+01 -1.107140000000000057e+01 -1.236849999999999916e+01 -1.275000000000000000e+01 -1.314930000000000021e+01 -1.290559999999999974e+01 -1.085280000000000022e+01 -1.004039999999999999e+01 -1.083890000000000065e+01 -1.105460000000000065e+01 -1.055869999999999997e+01
7.700000000000000000e+05 -1.184450000000000003e+01 -1.242029999999999923e+01 -1.302999999999999936e+01 -1.345010000000000083e+01 -1.383130000000000059e+01 -1.107559999999999967e+01 -1.237270000000000003e+01 -1.275420000000000087e+01 -1.315349999999999930e+01 -1.290980000000000061e+01 -1.085699999999999932e+01 -1.004460000000000086e+01 -1.084309999999999974e+01 -1.105869999999999997e+01 -1.056290000000000084e+01
7.710000000000000000e+05 -1.184869999999999912e+01 -1.242450000000000010e+01 -1.303420000000000023e+01 -1.345429999999999993e+01 -1.383549999999999969e+01 -1.107980000000000054e+01 -1.237689999999999912e+01 -1.275839999999999996e+01 -1.315770000000000017e+01 -1.291409999999999947e+01 -1.086120000000000019e+01 -1.004870000000000019e+01 -1.084730000000000061e+01 -1.106290000000000084e+01 -1.056700000000000017e+01
7.720000000000000000e+05 -1.185289999999999999e+01 -1.242869999999999919e+01 -1.303839999999999932e+01 -1.345850000000000080e+01 -1.383970000000000056e+01 -1.108399999999999963e+01 -1.238109999999999999e+01 -1.276260000000000083e+01 -1.316189999999999927e+01 -1.291830000000000034e+01 -1.086529999999999951e+01 -1.005289999999999928e+01 -1.085139999999999993e+01 -1.106709999999999994e+01 -1.057119999999999926e+01
7.730000000000000000e+05 -1.185710000000000086e+01 -1.243290000000000006e+01 -1.304260000000000019e+01 -1.346269999999999989e+01 -1.384389999999999965e+01 -1.108820000000000050e+01 -1.238530000000000086e+01 -1.276679999999999993e+01 -1.316610000000000014e+01 -1.292239999999999966e+01 -1.086950000000000038e+01 -1.005700000000000038e+01 -1.085560000000000080e+01 -1.107119999999999926e+01 -1.057530000000000037e+01
7.740000000000000000e+05 -1.186129999999999995e+01 -1.243709999999999916e+01 -1.304679999999999929e+01 -1.346690000000000076e+01 -1.384810000000000052e+01 -1.109229999999999983e+01 -1.238949999999999996e+01 -1.277100000000000080e+01 -1.317029999999999923e+01 -1.292660000000000053e+01 -1.087359999999999971e+01 -1.006109999999999971e+01 -1.085970000000000013e+01 -1.107540000000000013e+01 -1.057949999999999946e+01
7.750000000000000000e+05 -1.186539999999999928e+01 -1.244130000000000003e+01 -1.305100000000000016e+01 -1.347109999999999985e+01 -1.385229999999999961e+01 -1.109650000000000070e+01 -1.239359999999999928e+01 -1.277519999999999989e+01 -1.317450000000000010e+01 -1.293079999999999963e+01 -1.087780000000000058e+01 -1.006520000000000081e+01 -1.086389999999999922e+01 -1.107949999999999946e+01 -1.058360000000000056e+01
7.760000000000000000e+05 -1.186960000000000015e+01 -1.244539999999999935e+01 -1.305509999999999948e+01 -1.347519999999999918e+01 -1.385650000000000048e+01 -1.110069999999999979e+01 -1.239780000000000015e+01 -1.277940000000000076e+01 -1.317859999999999943e+01 -1.293500000000000050e+01 -1.088189999999999991e+01 -1.006930000000000014e+01 -1.086800000000000033e+01 -1.108370000000000033e+01 -1.058769999999999989e+01
7.770000000000000000e+05 -1.187369999999999948e+01 -1.244960000000000022e+01 -1.305930000000000035e+01 -1.347940000000000005e+01 -1.386069999999999958e+01 -1.110479999999999912e+01 -1.240199999999999925e+01 -1.278350000000000009e+01 -1.318280000000000030e+01 -1.293919999999999959e+01 -1.088599999999999923e+01 -1.007339999999999947e+01 -1.087219999999999942e+01 -1.108779999999999966e+01 -1.059190000000000076e+01
7.780000000000000000e+05 -1.187790000000000035e+01 -1.245379999999999932e+01 -1.306349999999999945e+01 -1.348359999999999914e+01 -1.386490000000000045e+01 -1.110899999999999999e+01 -1.240610000000000035e+01 -1.278769999999999918e+01 -1.318699999999999939e+01 -1.294330000000000069e+01 -1.089020000000000010e+01 -1.007750000000000057e+01 -1.087630000000000052e+01 -1.109190000000000076e+01 -1.059600000000000009e+01
7.790000000000000000e+05 -1.188199999999999967e+01 -1.245790000000000042e+01 -1.306760000000000055e+01 -1.348770000000000024e+01 -1.386899999999999977e+01 -1.111309999999999931e+01 -1.241029999999999944e+01 -1.279190000000000005e+01 -1.319120000000000026e+01 -1.294749999999999979e+01 -1.089429999999999943e+01 -1.008159999999999989e+01 -1.088039999999999985e+01 -1.109609999999999985e+01 -1.060009999999999941e+01
7.800000000000000000e+05 -1.188620000000000054e+01 -1.246209999999999951e+01 -1.307179999999999964e+01 -1.349189999999999934e+01 -1.387320000000000064e+01 -1.111730000000000018e+01 -1.241440000000000055e+01 -1.279599999999999937e+01 -1.319529999999999959e+01 -1.295170000000000066e+01 -1.089840000000000053e+01 -1.008569999999999922e+01 -1.088449999999999918e+01 -1.110019999999999918e+01 -1.060420000000000051e+01
7.810000000000000000e+05 -1.189029999999999987e+01 -1.246620000000000061e+01 -1.307590000000000074e+01 -1.349610000000000021e+01 -1.387739999999999974e+01 -1.112139999999999951e+01 -1.241859999999999964e+01 -1.280020000000000024e+01 -1.319950000000000045e+01 -1.295579999999999998e+01 -1.090249999999999986e+01 -1.008980000000000032e+01 -1.088860000000000028e+01 -1.110430000000000028e+01 -1.060829999999999984e+01
7.820000000000000000e+05 -1.189450000000000074e+01 -1.247029999999999994e+01 -1.308009999999999984e+01 -1.350019999999999953e+01 -1.388150000000000084e+01 -1.112550000000000061e+01 -1.242270000000000074e+01 -1.280429999999999957e+01 -1.320359999999999978e+01 -1.296000000000000085e+01 -1.090659999999999918e+01 -1.009389999999999965e+01 -1.089279999999999937e+01 -1.110839999999999961e+01 -1.061239999999999917e+01
7.830000000000000000e+05 -1.189860000000000007e+01 -1.247450000000000081e+01 -1.308419999999999916e+01 -1.350440000000000040e+01 -1.388569999999999993e+01 -1.112969999999999970e+01 -1.242689999999999984e+01 -1.280840000000000067e+01 -1.320780000000000065e+01 -1.296410000000000018e+01 -1.091070000000000029e+01 -1.009800000000000075e+01 -1.089690000000000047e+01 -1.111250000000000071e+01 -1.061650000000000027e+01
7.840000000000000000e+05 -1.190269999999999939e+01 -1.247860000000000014e+01 -1.308840000000000003e+01 -1.350849999999999973e+01 -1.388979999999999926e+01 -1.113380000000000081e+01 -1.243099999999999916e+01 -1.281259999999999977e+01 -1.321189999999999998e+01 -1.296819999999999951e+01 -1.091479999999999961e+01 -1.010200000000000031e+01 -1.090099999999999980e+01 -1.111660000000000004e+01 -1.062059999999999960e+01
7.850000000000000000e+05 -1.190680000000000049e+01 -1.248269999999999946e+01 -1.309249999999999936e+01 -1.351260000000000083e+01 -1.389390000000000036e+01 -1.113790000000000013e+01 -1.243510000000000026e+01 -1.281670000000000087e+01 -1.321610000000000085e+01 -1.297240000000000038e+01 -1.091890000000000072e+01 -1.010609999999999964e+01 -1.090499999999999936e+01 -1.112069999999999936e+01 -1.062470000000000070e+01
7.860000000000000000e+05 -1.191089999999999982e+01 -1.248690000000000033e+01 -1.309660000000000046e+01 -1.351679999999999993e+01 -1.389809999999999945e+01 -1.114199999999999946e+01 -1.243919999999999959e+01 -1.282080000000000020e+01 -1.322020000000000017e+01 -1.297649999999999970e+01 -1.092300000000000004e+01 -1.011020000000000074e+01 -1.090910000000000046e+01 -1.112480000000000047e+01 -1.062880000000000003e+01
7.870000000000000000e+05 -1.191499999999999915e+01 -1.249099999999999966e+01 -1.310069999999999979e+01 -1.352089999999999925e+01 -1.390220000000000056e+01 -1.114610000000000056e+01 -1.244330000000000069e+01 -1.282489999999999952e+01 -1.322429999999999950e+01 -1.298060000000000080e+01 -1.092709999999999937e+01 -1.011420000000000030e+01 -1.091319999999999979e+01 -1.112889999999999979e+01 -1.063279999999999959e+01
7.880000000000000000e+05 -1.191910000000000025e+01 -1.249510000000000076e+01 -1.310490000000000066e+01 -1.352500000000000036e+01 -1.390629999999999988e+01 -1.115019999999999989e+01 -1.244740000000000002e+01 -1.282910000000000039e+01 -1.322840000000000060e+01 -1.298470000000000013e+01 -1.093120000000000047e+01 -1.011829999999999963e+01 -1.091729999999999912e+01 -1.113299999999999912e+01 -1.063690000000000069e+01
7.890000000000000000e+05 -1.192319999999999958e+01 -1.249920000000000009e+01 -1.310899999999999999e+01 -1.352909999999999968e+01 -1.391039999999999921e+01 -1.115429999999999922e+01 -1.245149999999999935e+01 -1.283319999999999972e+01 -1.323259999999999970e+01 -1.298889999999999922e+01 -1.093520000000000003e+01 -1.012229999999999919e+01 -1.092140000000000022e+01 -1.113710000000000022e+01 -1.064100000000000001e+01
7.900000000000000000e+05 -1.192730000000000068e+01 -1.250329999999999941e+01 -1.311309999999999931e+01 -1.353320000000000078e+01 -1.391450000000000031e+01 -1.115840000000000032e+01 -1.245560000000000045e+01 -1.283730000000000082e+01 -1.323670000000000080e+01 -1.299300000000000033e+01 -1.093929999999999936e+01 -1.012640000000000029e+01 -1.092539999999999978e+01 -1.114109999999999978e+01 -1.064499999999999957e+01
7.910000000000000000e+05 -1.193140000000000001e+01 -1.250740000000000052e+01 -1.311720000000000041e+01 -1.353730000000000011e+01 -1.391869999999999941e+01 -1.116249999999999964e+01 -1.245969999999999978e+01 -1.284140000000000015e+01 -1.324080000000000013e+01 -1.299709999999999965e+01 -1.094340000000000046e+01 -1.013039999999999985e+01 -1.092950000000000088e+01 -1.114520000000000088e+01 -1.064910000000000068e+01
7.920000000000000000e+05 -1.193549999999999933e+01 -1.251149999999999984e+01 -1.312129999999999974e+01 -1.354139999999999944e+01 -1.392280000000000051e+01 -1.116660000000000075e+01 -1.246380000000000088e+01 -1.284549999999999947e+01 -1.324489999999999945e+01 -1.300120000000000076e+01 -1.094740000000000002e+01 -1.013439999999999941e+01 -1.093360000000000021e+01 -1.114930000000000021e+01 -1.065310000000000024e+01
7.930000000000000000e+05 -1.193960000000000043e+01 -1.251549999999999940e+01 -1.312540000000000084e+01 -1.354550000000000054e+01 -1.392689999999999984e+01 -1.117060000000000031e+01 -1.246790000000000020e+01 -1.284950000000000081e+01 -1.324900000000000055e+01 -1.300520000000000032e+01 -1.095149999999999935e+01 -1.013840000000000074e+01 -1.093759999999999977e+01 -1.115329999999999977e+01 -1.065719999999999956e+01
7.940000000000000000e+05 -1.194359999999999999e+01 -1.251960000000000051e+01 -1.312940000000000040e+01 -1.354959999999999987e+01 -1.393089999999999939e+01 -1.117469999999999963e+01 -1.247199999999999953e+01 -1.285360000000000014e+01 -1.325309999999999988e+01 -1.300929999999999964e+01 -1.095550000000000068e+01 -1.014250000000000007e+01 -1.094170000000000087e+01 -1.115740000000000087e+01 -1.066119999999999912e+01
7.950000000000000000e+05 -1.194769999999999932e+01 -1.252369999999999983e+01 -1.313349999999999973e+01 -1.355369999999999919e+01 -1.393500000000000050e+01 -1.117880000000000074e+01 -1.247600000000000087e+01 -1.285769999999999946e+01 -1.325709999999999944e+01 -1.301340000000000074e+01 -1.095960000000000001e+01 -1.014649999999999963e+01 -1.094570000000000043e+01 -1.116140000000000043e+01 -1.066520000000000046e+01
7.960000000000000000e+05 -1.195170000000000066e+01 -1.252779999999999916e+01 -1.313760000000000083e+01 -1.355780000000000030e+01 -1.393909999999999982e+01 -1.118280000000000030e+01 -1.248010000000000019e+01 -1.286180000000000057e+01 -1.326120000000000054e+01 -1.301750000000000007e+01 -1.096359999999999957e+01 -1.015049999999999919e+01 -1.094969999999999999e+01 -1.116549999999999976e+01 -1.066929999999999978e+01
7.970000000000000000e+05 -1.195579999999999998e+01 -1.253180000000000049e+01 -1.314170000000000016e+01 -1.356179999999999986e+01 -1.394319999999999915e+01 -1.118689999999999962e+01 -1.248419999999999952e+01 -1.286580000000000013e+01 -1.326529999999999987e+01 -1.302159999999999940e+01 -1.096759999999999913e+01 -1.015450000000000053e+01 -1.095379999999999932e+01 -1.116949999999999932e+01 -1.067329999999999934e+01
7.980000000000000000e+05 -1.195979999999999954e+01 -1.253589999999999982e+01 -1.314569999999999972e+01 -1.356589999999999918e+01 -1.394730000000000025e+01 -1.119089999999999918e+01 -1.248820000000000086e+01 -1.286989999999999945e+01 -1.326939999999999920e+01 -1.302560000000000073e+01 -1.097170000000000023e+01 -1.015850000000000009e+01 -1.095780000000000065e+01 -1.117350000000000065e+01 -1.067730000000000068e+01
7.990000000000000000e+05 -1.196390000000000065e+01 -1.253989999999999938e+01 -1.314980000000000082e+01 -1.357000000000000028e+01 -1.395129999999999981e+01 -1.119500000000000028e+01 -1.249230000000000018e+01 -1.287400000000000055e+01 -1.327340000000000053e+01 -1.302970000000000006e+01 -1.097569999999999979e+01 -1.016249999999999964e+01 -1.096180000000000021e+01 -1.117750000000000021e+01 -1.068130000000000024e+01
8.000000000000000000e+05 -1.196790000000000020e+01 -1.254400000000000048e+01 -1.315380000000000038e+01 -1.357399999999999984e+01 -1.395539999999999914e+01 -1.119899999999999984e+01 -1.249629999999999974e+01 -1.287800000000000011e+01 -1.327749999999999986e+01 -1.303369999999999962e+01 -1.097969999999999935e+01 -1.016649999999999920e+01 -1.096579999999999977e+01 -1.118159999999999954e+01 -1.068529999999999980e+01
8.010000000000000000e+05 -1.197199999999999953e+01 -1.254800000000000004e+01 -1.315789999999999971e+01 -1.357809999999999917e+01 -1.395940000000000047e+01 -1.120309999999999917e+01 -1.250040000000000084e+01 -1.288209999999999944e+01 -1.328149999999999942e+01 -1.303780000000000072e+01 -1.098370000000000068e+01 -1.017050000000000054e+01 -1.096979999999999933e+01 -1.118560000000000088e+01 -1.068929999999999936e+01
8.020000000000000000e+05 -1.197600000000000087e+01 -1.255209999999999937e+01 -1.316189999999999927e+01 -1.358210000000000051e+01 -1.396349999999999980e+01 -1.120710000000000051e+01 -1.250440000000000040e+01 -1.288610000000000078e+01 -1.328560000000000052e+01 -1.304180000000000028e+01 -1.098770000000000024e+01 -1.017450000000000010e+01 -1.097390000000000043e+01 -1.118960000000000043e+01 -1.069330000000000069e+01
8.030000000000000000e+05 -1.198000000000000043e+01 -1.255610000000000070e+01 -1.316600000000000037e+01 -1.358619999999999983e+01 -1.396749999999999936e+01 -1.121110000000000007e+01 -1.250839999999999996e+01 -1.289010000000000034e+01 -1.328960000000000008e+01 -1.304589999999999961e+01 -1.099169999999999980e+01 -1.017839999999999989e+01 -1.097789999999999999e+01 -1.119359999999999999e+01 -1.069730000000000025e+01
8.040000000000000000e+05 -1.198399999999999999e+01 -1.256010000000000026e+01 -1.316999999999999993e+01 -1.359019999999999939e+01 -1.397160000000000046e+01 -1.121509999999999962e+01 -1.251239999999999952e+01 -1.289419999999999966e+01 -1.329369999999999941e+01 -1.304989999999999917e+01 -1.099569999999999936e+01 -1.018239999999999945e+01 -1.098189999999999955e+01 -1.119759999999999955e+01 -1.070129999999999981e+01
8.050000000000000000e+05 -1.198809999999999931e+01 -1.256409999999999982e+01 -1.317399999999999949e+01 -1.359420000000000073e+01 -1.397560000000000002e+01 -1.121909999999999918e+01 -1.251650000000000063e+01 -1.289819999999999922e+01 -1.329770000000000074e+01 -1.305390000000000050e+01 -1.099970000000000070e+01 -1.018640000000000079e+01 -1.098579999999999934e+01 -1.120159999999999911e+01 -1.070529999999999937e+01
8.060000000000000000e+05 -1.199210000000000065e+01 -1.256819999999999915e+01 -1.317810000000000059e+01 -1.359830000000000005e+01 -1.397959999999999958e+01 -1.122310000000000052e+01 -1.252050000000000018e+01 -1.290220000000000056e+01 -1.330170000000000030e+01 -1.305799999999999983e+01 -1.100370000000000026e+01 -1.019030000000000058e+01 -1.098980000000000068e+01 -1.120560000000000045e+01 -1.070930000000000071e+01
8.070000000000000000e+05 -1.199610000000000021e+01 -1.257220000000000049e+01 -1.318210000000000015e+01 -1.360229999999999961e+01 -1.398370000000000068e+01 -1.122719999999999985e+01 -1.252449999999999974e+01 -1.290620000000000012e+01 -1.330569999999999986e+01 -1.306199999999999939e+01 -1.100769999999999982e+01 -1.019430000000000014e+01 -1.099380000000000024e+01 -1.120960000000000001e+01 -1.071320000000000050e+01
8.080000000000000000e+05 -1.200009999999999977e+01 -1.257620000000000005e+01 -1.318609999999999971e+01 -1.360629999999999917e+01 -1.398770000000000024e+01 -1.123119999999999941e+01 -1.252849999999999930e+01 -1.291019999999999968e+01 -1.330979999999999919e+01 -1.306600000000000072e+01 -1.101169999999999938e+01 -1.019819999999999993e+01 -1.099779999999999980e+01 -1.121359999999999957e+01 -1.071720000000000006e+01
8.090000000000000000e+05 -1.200409999999999933e+01 -1.258019999999999960e+01 -1.319009999999999927e+01 -1.361030000000000051e+01 -1.399169999999999980e+01 -1.123509999999999920e+01 -1.253250000000000064e+01 -1.291419999999999924e+01 -1.331380000000000052e+01 -1.307000000000000028e+01 -1.101559999999999917e+01 -1.020219999999999949e+01 -1.100179999999999936e+01 -1.121749999999999936e+01 -1.072119999999999962e+01
8.100000000000000000e+05 -1.200799999999999912e+01 -1.258419999999999916e+01 -1.319410000000000061e+01 -1.361430000000000007e+01 -1.399569999999999936e+01 -1.123910000000000053e+01 -1.253650000000000020e+01 -1.291820000000000057e+01 -1.331780000000000008e+01 -1.307399999999999984e+01 -1.101960000000000051e+01 -1.020609999999999928e+01 -1.100569999999999915e+01 -1.122150000000000070e+01 -1.072509999999999941e+01
8.110000000000000000e+05 -1.201200000000000045e+01 -1.258820000000000050e+01 -1.319810000000000016e+01 -1.361829999999999963e+01 -1.399970000000000070e+01 -1.124310000000000009e+01 -1.254049999999999976e+01 -1.292220000000000013e+01 -1.332179999999999964e+01 -1.307799999999999940e+01 -1.102360000000000007e+01 -1.021010000000000062e+01 -1.100970000000000049e+01 -1.122550000000000026e+01 -1.072910000000000075e+01
8.120000000000000000e+05 -1.201600000000000001e+01 -1.259220000000000006e+01 -1.320209999999999972e+01 -1.362229999999999919e+01 -1.400370000000000026e+01 -1.124709999999999965e+01 -1.254449999999999932e+01 -1.292619999999999969e+01 -1.332579999999999920e+01 -1.308200000000000074e+01 -1.102749999999999986e+01 -1.021400000000000041e+01 -1.101370000000000005e+01 -1.122940000000000005e+01 -1.073300000000000054e+01
8.130000000000000000e+05 -1.201999999999999957e+01 -1.259609999999999985e+01 -1.320609999999999928e+01 -1.362630000000000052e+01 -1.400769999999999982e+01 -1.125109999999999921e+01 -1.254850000000000065e+01 -1.293019999999999925e+01 -1.332980000000000054e+01 -1.308600000000000030e+01 -1.103149999999999942e+01 -1.021790000000000020e+01 -1.101759999999999984e+01 -1.123339999999999961e+01 -1.073700000000000010e+01
8.140000000000000000e+05 -1.202399999999999913e+01 -1.260009999999999941e+01 -1.321010000000000062e+01 -1.363030000000000008e+01 -1.401169999999999938e+01 -1.125500000000000078e+01 -1.255240000000000045e+01 -1.293420000000000059e+01 -1.333380000000000010e+01 -1.308999999999999986e+01 -1.103539999999999921e+01 -1.022189999999999976e+01 -1.102159999999999940e+01 -1.123729999999999940e+01 -1.074089999999999989e+01
8.150000000000000000e+05 -1.202790000000000070e+01 -1.260410000000000075e+01 -1.321410000000000018e+01 -1.363429999999999964e+01 -1.401570000000000071e+01 -1.125900000000000034e+01 -1.255640000000000001e+01 -1.293820000000000014e+01 -1.333779999999999966e+01 -1.309399999999999942e+01 -1.103940000000000055e+01 -1.022579999999999956e+01 -1.102549999999999919e+01 -1.124130000000000074e+01 -1.074489999999999945e+01
8.160000000000000000e+05 -1.203190000000000026e+01 -1.260810000000000031e+01 -1.321799999999999997e+01 -1.363829999999999920e+01 -1.401970000000000027e+01 -1.126299999999999990e+01 -1.256039999999999957e+01 -1.294209999999999994e+01 -1.334169999999999945e+01 -1.309789999999999921e+01 -1.104330000000000034e+01 -1.022969999999999935e+01 -1.102940000000000076e+01 -1.124520000000000053e+01 -1.074879999999999924e+01
8.170000000000000000e+05 -1.203580000000000005e+01 -1.261200000000000010e+01 -1.322199999999999953e+01 -1.364230000000000054e+01 -1.402360000000000007e+01 -1.126689999999999969e+01 -1.256429999999999936e+01 -1.294609999999999950e+01 -1.334570000000000078e+01 -1.310190000000000055e+01 -1.104729999999999990e+01 -1.023359999999999914e+01 -1.103340000000000032e+01 -1.124920000000000009e+01 -1.075270000000000081e+01
8.180000000000000000e+05 -1.203979999999999961e+01 -1.261599999999999966e+01 -1.322600000000000087e+01 -1.364620000000000033e+01 -1.402759999999999962e+01 -1.127089999999999925e+01 -1.256830000000000069e+01 -1.295010000000000083e+01 -1.334970000000000034e+01 -1.310590000000000011e+01 -1.105119999999999969e+01 -1.023750000000000071e+01 -1.103730000000000011e+01 -1.125309999999999988e+01 -1.075660000000000061e+01
8.190000000000000000e+05 -1.204369999999999941e+01 -1.261989999999999945e+01 -1.322990000000000066e+01 -1.365019999999999989e+01 -1.403159999999999918e+01 -1.127480000000000082e+01 -1.257220000000000049e+01 -1.295400000000000063e+01 -1.335360000000000014e+01 -1.310979999999999990e+01 -1.105509999999999948e+01 -1.024140000000000050e+01 -1.104119999999999990e+01 -1.125699999999999967e+01 -1.076060000000000016e+01
8.200000000000000000e+05 -1.204770000000000074e+01 -1.262390000000000079e+01 -1.323390000000000022e+01 -1.365409999999999968e+01 -1.403550000000000075e+01 -1.127880000000000038e+01 -1.257620000000000005e+01 -1.295800000000000018e+01 -1.335759999999999970e+01 -1.311379999999999946e+01 -1.105899999999999928e+01 -1.024530000000000030e+01 -1.104519999999999946e+01 -1.126099999999999923e+01 -1.076449999999999996e+01
8.210000000000000000e+05 -1.205160000000000053e+01 -1.262780000000000058e+01 -1.323780000000000001e+01 -1.365809999999999924e+01 -1.403950000000000031e+01 -1.128270000000000017e+01 -1.258009999999999984e+01 -1.296189999999999998e+01 -1.336159999999999926e+01 -1.311769999999999925e+01 -1.106290000000000084e+01 -1.024920000000000009e+01 -1.104909999999999926e+01 -1.126490000000000080e+01 -1.076839999999999975e+01
8.220000000000000000e+05 -1.205550000000000033e+01 -1.263180000000000014e+01 -1.324179999999999957e+01 -1.366200000000000081e+01 -1.404340000000000011e+01 -1.128659999999999997e+01 -1.258409999999999940e+01 -1.296589999999999954e+01 -1.336550000000000082e+01 -1.312170000000000059e+01 -1.106690000000000040e+01 -1.025309999999999988e+01 -1.105300000000000082e+01 -1.126880000000000059e+01 -1.077229999999999954e+01
8.230000000000000000e+05 -1.205949999999999989e+01 -1.263569999999999993e+01 -1.324569999999999936e+01 -1.366600000000000037e+01 -1.404739999999999966e+01 -1.129059999999999953e+01 -1.258799999999999919e+01 -1.296979999999999933e+01 -1.336950000000000038e+01 -1.312560000000000038e+01 -1.107080000000000020e+01 -1.025699999999999967e+01 -1.105690000000000062e+01 -1.127270000000000039e+01 -1.077619999999999933e+01
8.240000000000000000e+05 -1.206339999999999968e+01 -1.263959999999999972e+01 -1.324970000000000070e+01 -1.366990000000000016e+01 -1.405129999999999946e+01 -1.129449999999999932e+01 -1.259190000000000076e+01 -1.297380000000000067e+01 -1.337340000000000018e+01 -1.312959999999999994e+01 -1.107469999999999999e+01 -1.026079999999999970e+01 -1.106080000000000041e+01 -1.127660000000000018e+01 -1.078009999999999913e+01
8.250000000000000000e+05 -1.206729999999999947e+01 -1.264359999999999928e+01 -1.325360000000000049e+01 -1.367389999999999972e+01 -1.405530000000000079e+01 -1.129840000000000089e+01 -1.259590000000000032e+01 -1.297770000000000046e+01 -1.337729999999999997e+01 -1.313349999999999973e+01 -1.107859999999999978e+01 -1.026469999999999949e+01 -1.106470000000000020e+01 -1.128049999999999997e+01 -1.078400000000000070e+01
8.260000000000000000e+05 -1.207119999999999926e+01 -1.264750000000000085e+01 -1.325750000000000028e+01 -1.367779999999999951e+01 -1.405920000000000059e+01 -1.130230000000000068e+01 -1.259980000000000011e+01 -1.298160000000000025e+01 -1.338129999999999953e+01 -1.313739999999999952e+01 -1.108249999999999957e+01 -1.026859999999999928e+01 -1.106859999999999999e+01 -1.128439999999999976e+01 -1.078780000000000072e+01
8.270000000000000000e+05 -1.207510000000000083e+01 -1.265140000000000065e+01 -1.326140000000000008e+01 -1.368169999999999931e+01 -1.406310000000000038e+01 -1.130620000000000047e+01 -1.260369999999999990e+01 -1.298550000000000004e+01 -1.338519999999999932e+01 -1.314129999999999932e+01 -1.108629999999999960e+01 -1.027239999999999931e+01 -1.107249999999999979e+01 -1.128829999999999956e+01 -1.079170000000000051e+01
8.280000000000000000e+05 -1.207900000000000063e+01 -1.265530000000000044e+01 -1.326529999999999987e+01 -1.368560000000000088e+01 -1.406709999999999994e+01 -1.131010000000000026e+01 -1.260759999999999970e+01 -1.298939999999999984e+01 -1.338909999999999911e+01 -1.314530000000000065e+01 -1.109019999999999939e+01 -1.027630000000000088e+01 -1.107639999999999958e+01 -1.129219999999999935e+01 -1.079560000000000031e+01
8.290000000000000000e+05 -1.208290000000000042e+01 -1.265920000000000023e+01 -1.326929999999999943e+01 -1.368960000000000043e+01 -1.407099999999999973e+01 -1.131400000000000006e+01 -1.261149999999999949e+01 -1.299339999999999939e+01 -1.339300000000000068e+01 -1.314920000000000044e+01 -1.109409999999999918e+01 -1.028020000000000067e+01 -1.108019999999999960e+01 -1.129609999999999914e+01 -1.079950000000000010e+01
8.300000000000000000e+05 -1.208680000000000021e+01 -1.266310000000000002e+01 -1.327319999999999922e+01 -1.369350000000000023e+01 -1.407489999999999952e+01 -1.131789999999999985e+01 -1.261539999999999928e+01 -1.299729999999999919e+01 -1.339690000000000047e+01 -1.315310000000000024e+01 -1.109800000000000075e+01 -1.028400000000000070e+01 -1.108409999999999940e+01 -1.129989999999999917e+01 -1.080330000000000013e+01
8.310000000000000000e+05 -1.209070000000000000e+01 -1.266699999999999982e+01 -1.327710000000000079e+01 -1.369740000000000002e+01 -1.407879999999999932e+01 -1.132179999999999964e+01 -1.261930000000000085e+01 -1.300120000000000076e+01 -1.340090000000000003e+01 -1.315700000000000003e+01 -1.110180000000000078e+01 -1.028780000000000072e+01 -1.108799999999999919e+01 -1.130380000000000074e+01 -1.080719999999999992e+01
8.320000000000000000e+05 -1.209459999999999980e+01 -1.267089999999999961e+01 -1.328100000000000058e+01 -1.370129999999999981e+01 -1.408270000000000088e+01 -1.132569999999999943e+01 -1.262320000000000064e+01 -1.300510000000000055e+01 -1.340479999999999983e+01 -1.316089999999999982e+01 -1.110570000000000057e+01 -1.029170000000000051e+01 -1.109179999999999922e+01 -1.130770000000000053e+01 -1.081109999999999971e+01
8.330000000000000000e+05 -1.209849999999999959e+01 -1.267479999999999940e+01 -1.328490000000000038e+01 -1.370519999999999960e+01 -1.408660000000000068e+01 -1.132959999999999923e+01 -1.262710000000000043e+01 -1.300890000000000057e+01 -1.340869999999999962e+01 -1.316479999999999961e+01 -1.110960000000000036e+01 -1.029550000000000054e+01 -1.109570000000000078e+01 -1.131150000000000055e+01 -1.081489999999999974e+01
8.340000000000000000e+05 -1.210239999999999938e+01 -1.267869999999999919e+01 -1.328880000000000017e+01 -1.370909999999999940e+01 -1.409050000000000047e+01 -1.133350000000000080e+01 -1.263100000000000023e+01 -1.301280000000000037e+01 -1.341249999999999964e+01 -1.316869999999999941e+01 -1.111340000000000039e+01 -1.029940000000000033e+01 -1.109960000000000058e+01 -1.131540000000000035e+01 -1.081879999999999953e+01
8.350000000000000000e+05 -1.210619999999999941e+01 -1.268249999999999922e+01 -1.329260000000000019e+01 -1.371299999999999919e+01 -1.409440000000000026e+01 -1.133730000000000082e+01 -1.263480000000000025e+01 -1.301670000000000016e+01 -1.341639999999999944e+01 -1.317259999999999920e+01 -1.111730000000000018e+01 -1.030320000000000036e+01 -1.110340000000000060e+01 -1.131930000000000014e+01 -1.082259999999999955e+01
8.360000000000000000e+05 -1.211009999999999920e+01 -1.268640000000000079e+01 -1.329649999999999999e+01 -1.371679999999999922e+01 -1.409830000000000005e+01 -1.134120000000000061e+01 -1.263870000000000005e+01 -1.302059999999999995e+01 -1.342029999999999923e+01 -1.317639999999999922e+01 -1.112110000000000021e+01 -1.030700000000000038e+01 -1.110730000000000040e+01 -1.132310000000000016e+01 -1.082639999999999958e+01
8.370000000000000000e+05 -1.211400000000000077e+01 -1.269030000000000058e+01 -1.330039999999999978e+01 -1.372070000000000078e+01 -1.410219999999999985e+01 -1.134510000000000041e+01 -1.264259999999999984e+01 -1.302449999999999974e+01 -1.342420000000000080e+01 -1.318030000000000079e+01 -1.112500000000000000e+01 -1.031080000000000041e+01 -1.111110000000000042e+01 -1.132699999999999996e+01 -1.083029999999999937e+01
8.380000000000000000e+05 -1.211780000000000079e+01 -1.269420000000000037e+01 -1.330429999999999957e+01 -1.372460000000000058e+01 -1.410599999999999987e+01 -1.134890000000000043e+01 -1.264639999999999986e+01 -1.302829999999999977e+01 -1.342810000000000059e+01 -1.318420000000000059e+01 -1.112880000000000003e+01 -1.031460000000000043e+01 -1.111490000000000045e+01 -1.133079999999999998e+01 -1.083409999999999940e+01
8.390000000000000000e+05 -1.212170000000000059e+01 -1.269800000000000040e+01 -1.330809999999999960e+01 -1.372850000000000037e+01 -1.410989999999999966e+01 -1.135280000000000022e+01 -1.265029999999999966e+01 -1.303219999999999956e+01 -1.343190000000000062e+01 -1.318810000000000038e+01 -1.113260000000000005e+01 -1.031840000000000046e+01 -1.111880000000000024e+01 -1.133460000000000001e+01 -1.083789999999999942e+01
8.400000000000000000e+05 -1.212550000000000061e+01 -1.270190000000000019e+01 -1.331199999999999939e+01 -1.373230000000000040e+01 -1.411379999999999946e+01 -1.135660000000000025e+01 -1.265409999999999968e+01 -1.303609999999999935e+01 -1.343580000000000041e+01 -1.319190000000000040e+01 -1.113649999999999984e+01 -1.032220000000000049e+01 -1.112260000000000026e+01 -1.133849999999999980e+01 -1.084169999999999945e+01
8.410000000000000000e+05 -1.212940000000000040e+01 -1.270570000000000022e+01 -1.331589999999999918e+01 -1.373620000000000019e+01 -1.411759999999999948e+01 -1.136050000000000004e+01 -1.265799999999999947e+01 -1.303989999999999938e+01 -1.343970000000000020e+01 -1.319580000000000020e+01 -1.114029999999999987e+01 -1.032600000000000051e+01 -1.112640000000000029e+01 -1.134229999999999983e+01 -1.084559999999999924e+01
8.420000000000000000e+05 -1.213320000000000043e+01 -1.270960000000000001e+01 -1.331969999999999921e+01 -1.374000000000000021e+01 -1.412149999999999928e+01 -1.136430000000000007e+01 -1.266179999999999950e+01 -1.304379999999999917e+01 -1.344350000000000023e+01 -1.319960000000000022e+01 -1.114409999999999989e+01 -1.032980000000000054e+01 -1.113020000000000032e+01 -1.134609999999999985e+01 -1.084939999999999927e+01
8.430000000000000000e+05 -1.213700000000000045e+01 -1.271340000000000003e+01 -1.332360000000000078e+01 -1.374390000000000001e+01 -1.412529999999999930e+01 -1.136810000000000009e+01 -1.266569999999999929e+01 -1.304759999999999920e+01 -1.344740000000000002e+01 -1.320350000000000001e+01 -1.114789999999999992e+01 -1.033360000000000056e+01 -1.113400000000000034e+01 -1.134989999999999988e+01 -1.085319999999999929e+01
8.440000000000000000e+05 -1.214090000000000025e+01 -1.271720000000000006e+01 -1.332740000000000080e+01 -1.374770000000000003e+01 -1.412920000000000087e+01 -1.137199999999999989e+01 -1.266949999999999932e+01 -1.305139999999999922e+01 -1.345120000000000005e+01 -1.320730000000000004e+01 -1.115169999999999995e+01 -1.033740000000000059e+01 -1.113790000000000013e+01 -1.135369999999999990e+01 -1.085699999999999932e+01
8.450000000000000000e+05 -1.214470000000000027e+01 -1.272109999999999985e+01 -1.333120000000000083e+01 -1.375159999999999982e+01 -1.413299999999999912e+01 -1.137579999999999991e+01 -1.267329999999999934e+01 -1.305530000000000079e+01 -1.345509999999999984e+01 -1.321119999999999983e+01 -1.115549999999999997e+01 -1.034120000000000061e+01 -1.114170000000000016e+01 -1.135749999999999993e+01 -1.086079999999999934e+01
8.460000000000000000e+05 -1.214850000000000030e+01 -1.272489999999999988e+01 -1.333510000000000062e+01 -1.375539999999999985e+01 -1.413690000000000069e+01 -1.137959999999999994e+01 -1.267719999999999914e+01 -1.305910000000000082e+01 -1.345889999999999986e+01 -1.321499999999999986e+01 -1.115930000000000000e+01 -1.034500000000000064e+01 -1.114550000000000018e+01 -1.136139999999999972e+01 -1.086459999999999937e+01
8.470000000000000000e+05 -1.215230000000000032e+01 -1.272869999999999990e+01 -1.333890000000000065e+01 -1.375929999999999964e+01 -1.414070000000000071e+01 -1.138339999999999996e+01 -1.268099999999999916e+01 -1.306290000000000084e+01 -1.346269999999999989e+01 -1.321879999999999988e+01 -1.116310000000000002e+01 -1.034880000000000067e+01 -1.114930000000000021e+01 -1.136519999999999975e+01 -1.086839999999999939e+01
8.480000000000000000e+05 -1.215610000000000035e+01 -1.273259999999999970e+01 -1.334270000000000067e+01 -1.376309999999999967e+01 -1.414450000000000074e+01 -1.138719999999999999e+01 -1.268479999999999919e+01 -1.306680000000000064e+01 -1.346659999999999968e+01 -1.322259999999999991e+01 -1.116690000000000005e+01 -1.035249999999999915e+01 -1.115310000000000024e+01 -1.136899999999999977e+01 -1.087209999999999965e+01
8.490000000000000000e+05 -1.215990000000000038e+01 -1.273639999999999972e+01 -1.334650000000000070e+01 -1.376689999999999969e+01 -1.414840000000000053e+01 -1.139100000000000001e+01 -1.268859999999999921e+01 -1.307060000000000066e+01 -1.347039999999999971e+01 -1.322649999999999970e+01 -1.117070000000000007e+01 -1.035629999999999917e+01 -1.115680000000000049e+01 -1.137270000000000003e+01 -1.087589999999999968e+01
8.500000000000000000e+05 -1.216370000000000040e+01 -1.274019999999999975e+01 -1.335040000000000049e+01 -1.377069999999999972e+01 -1.415220000000000056e+01 -1.139480000000000004e+01 -1.269239999999999924e+01 -1.307440000000000069e+01 -1.347419999999999973e+01 -1.323029999999999973e+01 -1.117450000000000010e+01 -1.036009999999999920e+01 -1.116060000000000052e+01 -1.137650000000000006e+01 -1.087969999999999970e+01
8.510000000000000000e+05 -1.216750000000000043e+01 -1.274399999999999977e+01 -1.335420000000000051e+01 -1.377449999999999974e+01 -1.415600000000000058e+01 -1.139860000000000007e+01 -1.269619999999999926e+01 -1.307820000000000071e+01 -1.347799999999999976e+01 -1.323409999999999975e+01 -1.117830000000000013e+01 -1.036379999999999946e+01 -1.116440000000000055e+01 -1.138030000000000008e+01 -1.088349999999999973e+01
8.520000000000000000e+05 -1.217130000000000045e+01 -1.274779999999999980e+01 -1.335800000000000054e+01 -1.377829999999999977e+01 -1.415980000000000061e+01 -1.140240000000000009e+01 -1.269999999999999929e+01 -1.308200000000000074e+01 -1.348179999999999978e+01 -1.323789999999999978e+01 -1.118210000000000015e+01 -1.036759999999999948e+01 -1.116820000000000057e+01 -1.138410000000000011e+01 -1.088719999999999999e+01
8.530000000000000000e+05 -1.217510000000000048e+01 -1.275159999999999982e+01 -1.336180000000000057e+01 -1.378219999999999956e+01 -1.416360000000000063e+01 -1.140620000000000012e+01 -1.270379999999999932e+01 -1.308580000000000076e+01 -1.348569999999999958e+01 -1.324169999999999980e+01 -1.118580000000000041e+01 -1.037129999999999974e+01 -1.117200000000000060e+01 -1.138790000000000013e+01 -1.089100000000000001e+01
8.540000000000000000e+05 -1.217890000000000050e+01 -1.275539999999999985e+01 -1.336560000000000059e+01 -1.378599999999999959e+01 -1.416740000000000066e+01 -1.141000000000000014e+01 -1.270759999999999934e+01 -1.308960000000000079e+01 -1.348949999999999960e+01 -1.324549999999999983e+01 -1.118960000000000043e+01 -1.037509999999999977e+01 -1.117570000000000086e+01 -1.139160000000000039e+01 -1.089480000000000004e+01
8.550000000000000000e+05 -1.218270000000000053e+01 -1.275919999999999987e+01 -1.336940000000000062e+01 -1.378979999999999961e+01 -1.417120000000000068e+01 -1.141380000000000017e+01 -1.271139999999999937e+01 -1.309340000000000082e+01 -1.349329999999999963e+01 -1.324929999999999986e+01 -1.119340000000000046e+01 -1.037880000000000003e+01 -1.117950000000000088e+01 -1.139540000000000042e+01 -1.089850000000000030e+01
8.560000000000000000e+05 -1.218650000000000055e+01 -1.276290000000000013e+01 -1.337320000000000064e+01 -1.379349999999999987e+01 -1.417500000000000071e+01 -1.141760000000000019e+01 -1.271519999999999939e+01 -1.309720000000000084e+01 -1.349709999999999965e+01 -1.325309999999999988e+01 -1.119710000000000072e+01 -1.038250000000000028e+01 -1.118319999999999936e+01 -1.139920000000000044e+01 -1.090230000000000032e+01
8.570000000000000000e+05 -1.219020000000000081e+01 -1.276670000000000016e+01 -1.337700000000000067e+01 -1.379729999999999990e+01 -1.417880000000000074e+01 -1.142130000000000045e+01 -1.271899999999999942e+01 -1.310100000000000087e+01 -1.350079999999999991e+01 -1.325689999999999991e+01 -1.120090000000000074e+01 -1.038630000000000031e+01 -1.118699999999999939e+01 -1.140290000000000070e+01 -1.090600000000000058e+01
8.580000000000000000e+05 -1.219400000000000084e+01 -1.277050000000000018e+01 -1.338069999999999915e+01 -1.380109999999999992e+01 -1.418260000000000076e+01 -1.142510000000000048e+01 -1.272269999999999968e+01 -1.310479999999999912e+01 -1.350459999999999994e+01 -1.326069999999999993e+01 -1.120459999999999923e+01 -1.039000000000000057e+01 -1.119069999999999965e+01 -1.140670000000000073e+01 -1.090980000000000061e+01
8.590000000000000000e+05 -1.219780000000000086e+01 -1.277430000000000021e+01 -1.338449999999999918e+01 -1.380489999999999995e+01 -1.418640000000000079e+01 -1.142890000000000050e+01 -1.272649999999999970e+01 -1.310849999999999937e+01 -1.350839999999999996e+01 -1.326440000000000019e+01 -1.120839999999999925e+01 -1.039370000000000083e+01 -1.119449999999999967e+01 -1.141039999999999921e+01 -1.091350000000000087e+01
8.600000000000000000e+05 -1.220149999999999935e+01 -1.277800000000000047e+01 -1.338829999999999920e+01 -1.380869999999999997e+01 -1.419020000000000081e+01 -1.143260000000000076e+01 -1.273029999999999973e+01 -1.311229999999999940e+01 -1.351219999999999999e+01 -1.326820000000000022e+01 -1.121209999999999951e+01 -1.039739999999999931e+01 -1.119819999999999993e+01 -1.141419999999999924e+01 -1.091719999999999935e+01
8.610000000000000000e+05 -1.220529999999999937e+01 -1.278180000000000049e+01 -1.339199999999999946e+01 -1.381240000000000023e+01 -1.419389999999999930e+01 -1.143640000000000079e+01 -1.273399999999999999e+01 -1.311609999999999943e+01 -1.351600000000000001e+01 -1.327200000000000024e+01 -1.121579999999999977e+01 -1.040109999999999957e+01 -1.120199999999999996e+01 -1.141789999999999949e+01 -1.092099999999999937e+01
8.620000000000000000e+05 -1.220899999999999963e+01 -1.278560000000000052e+01 -1.339579999999999949e+01 -1.381620000000000026e+01 -1.419769999999999932e+01 -1.144009999999999927e+01 -1.273780000000000001e+01 -1.311979999999999968e+01 -1.351970000000000027e+01 -1.327570000000000050e+01 -1.121959999999999980e+01 -1.040479999999999983e+01 -1.120570000000000022e+01 -1.142159999999999975e+01 -1.092469999999999963e+01
8.630000000000000000e+05 -1.221279999999999966e+01 -1.278930000000000078e+01 -1.339959999999999951e+01 -1.382000000000000028e+01 -1.420149999999999935e+01 -1.144389999999999930e+01 -1.274150000000000027e+01 -1.312359999999999971e+01 -1.352350000000000030e+01 -1.327950000000000053e+01 -1.122330000000000005e+01 -1.040859999999999985e+01 -1.120940000000000047e+01 -1.142539999999999978e+01 -1.092839999999999989e+01
8.640000000000000000e+05 -1.221649999999999991e+01 -1.279310000000000080e+01 -1.340329999999999977e+01 -1.382370000000000054e+01 -1.420519999999999960e+01 -1.144759999999999955e+01 -1.274530000000000030e+01 -1.312729999999999997e+01 -1.352720000000000056e+01 -1.328330000000000055e+01 -1.122700000000000031e+01 -1.041230000000000011e+01 -1.121310000000000073e+01 -1.142910000000000004e+01 -1.093210000000000015e+01
8.650000000000000000e+05 -1.222029999999999994e+01 -1.279679999999999929e+01 -1.340709999999999980e+01 -1.382750000000000057e+01 -1.420899999999999963e+01 -1.145139999999999958e+01 -1.274900000000000055e+01 -1.313109999999999999e+01 -1.353100000000000058e+01 -1.328700000000000081e+01 -1.123070000000000057e+01 -1.041590000000000060e+01 -1.121690000000000076e+01 -1.143280000000000030e+01 -1.093580000000000041e+01
8.660000000000000000e+05 -1.222400000000000020e+01 -1.280049999999999955e+01 -1.341080000000000005e+01 -1.383120000000000083e+01 -1.421269999999999989e+01 -1.145509999999999984e+01 -1.275280000000000058e+01 -1.313480000000000025e+01 -1.353470000000000084e+01 -1.329080000000000084e+01 -1.123450000000000060e+01 -1.041960000000000086e+01 -1.122059999999999924e+01 -1.143650000000000055e+01 -1.093950000000000067e+01
8.670000000000000000e+05 -1.222770000000000046e+01 -1.280429999999999957e+01 -1.341460000000000008e+01 -1.383500000000000085e+01 -1.421649999999999991e+01 -1.145880000000000010e+01 -1.275650000000000084e+01 -1.313860000000000028e+01 -1.353850000000000087e+01 -1.329449999999999932e+01 -1.123820000000000086e+01 -1.042329999999999934e+01 -1.122429999999999950e+01 -1.144020000000000081e+01 -1.094319999999999915e+01
8.680000000000000000e+05 -1.223150000000000048e+01 -1.280799999999999983e+01 -1.341830000000000034e+01 -1.383869999999999933e+01 -1.422020000000000017e+01 -1.146260000000000012e+01 -1.276019999999999932e+01 -1.314230000000000054e+01 -1.354219999999999935e+01 -1.329819999999999958e+01 -1.124189999999999934e+01 -1.042699999999999960e+01 -1.122799999999999976e+01 -1.144400000000000084e+01 -1.094689999999999941e+01
8.690000000000000000e+05 -1.223520000000000074e+01 -1.281170000000000009e+01 -1.342200000000000060e+01 -1.384249999999999936e+01 -1.422400000000000020e+01 -1.146630000000000038e+01 -1.276399999999999935e+01 -1.314600000000000080e+01 -1.354599999999999937e+01 -1.330199999999999960e+01 -1.124559999999999960e+01 -1.043069999999999986e+01 -1.123170000000000002e+01 -1.144769999999999932e+01 -1.095059999999999967e+01
8.700000000000000000e+05 -1.223889999999999922e+01 -1.281550000000000011e+01 -1.342580000000000062e+01 -1.384619999999999962e+01 -1.422770000000000046e+01 -1.147000000000000064e+01 -1.276769999999999960e+01 -1.314980000000000082e+01 -1.354969999999999963e+01 -1.330569999999999986e+01 -1.124929999999999986e+01 -1.043440000000000012e+01 -1.123540000000000028e+01 -1.145139999999999958e+01 -1.095429999999999993e+01
8.710000000000000000e+05 -1.224259999999999948e+01 -1.281920000000000037e+01 -1.342950000000000088e+01 -1.384989999999999988e+01 -1.423140000000000072e+01 -1.147369999999999912e+01 -1.277139999999999986e+01 -1.315349999999999930e+01 -1.355339999999999989e+01 -1.330940000000000012e+01 -1.125300000000000011e+01 -1.043800000000000061e+01 -1.123910000000000053e+01 -1.145509999999999984e+01 -1.095800000000000018e+01
8.720000000000000000e+05 -1.224629999999999974e+01 -1.282290000000000063e+01 -1.343319999999999936e+01 -1.385360000000000014e+01 -1.423520000000000074e+01 -1.147739999999999938e+01 -1.277510000000000012e+01 -1.315719999999999956e+01 -1.355719999999999992e+01 -1.331310000000000038e+01 -1.125670000000000037e+01 -1.044170000000000087e+01 -1.124280000000000079e+01 -1.145880000000000010e+01 -1.096170000000000044e+01
8.730000000000000000e+05 -1.225000000000000000e+01 -1.282659999999999911e+01 -1.343689999999999962e+01 -1.385740000000000016e+01 -1.423889999999999922e+01 -1.148109999999999964e+01 -1.277880000000000038e+01 -1.316089999999999982e+01 -1.356090000000000018e+01 -1.331690000000000040e+01 -1.126030000000000086e+01 -1.044539999999999935e+01 -1.124649999999999928e+01 -1.146240000000000059e+01 -1.096540000000000070e+01
8.740000000000000000e+05 -1.225370000000000026e+01 -1.283029999999999937e+01 -1.344059999999999988e+01 -1.386110000000000042e+01 -1.424259999999999948e+01 -1.148479999999999990e+01 -1.278250000000000064e+01 -1.316460000000000008e+01 -1.356460000000000043e+01 -1.332060000000000066e+01 -1.126399999999999935e+01 -1.044899999999999984e+01 -1.125019999999999953e+01 -1.146610000000000085e+01 -1.096899999999999942e+01
8.750000000000000000e+05 -1.225740000000000052e+01 -1.283399999999999963e+01 -1.344430000000000014e+01 -1.386480000000000068e+01 -1.424629999999999974e+01 -1.148850000000000016e+01 -1.278619999999999912e+01 -1.316830000000000034e+01 -1.356830000000000069e+01 -1.332429999999999914e+01 -1.126769999999999960e+01 -1.045270000000000010e+01 -1.125380000000000003e+01 -1.146979999999999933e+01 -1.097269999999999968e+01
8.760000000000000000e+05 -1.226110000000000078e+01 -1.283769999999999989e+01 -1.344800000000000040e+01 -1.386849999999999916e+01 -1.425000000000000000e+01 -1.149220000000000041e+01 -1.278989999999999938e+01 -1.317200000000000060e+01 -1.357199999999999918e+01 -1.332799999999999940e+01 -1.127139999999999986e+01 -1.045630000000000059e+01 -1.125750000000000028e+01 -1.147349999999999959e+01 -1.097639999999999993e+01
8.770000000000000000e+05 -1.226479999999999926e+01 -1.284140000000000015e+01 -1.345170000000000066e+01 -1.387219999999999942e+01 -1.425370000000000026e+01 -1.149590000000000067e+01 -1.279359999999999964e+01 -1.317570000000000086e+01 -1.357569999999999943e+01 -1.333169999999999966e+01 -1.127500000000000036e+01 -1.046000000000000085e+01 -1.126120000000000054e+01 -1.147719999999999985e+01 -1.098000000000000043e+01
8.780000000000000000e+05 -1.226849999999999952e+01 -1.284510000000000041e+01 -1.345539999999999914e+01 -1.387589999999999968e+01 -1.425740000000000052e+01 -1.149959999999999916e+01 -1.279729999999999990e+01 -1.317939999999999934e+01 -1.357939999999999969e+01 -1.333539999999999992e+01 -1.127870000000000061e+01 -1.046359999999999957e+01 -1.126479999999999926e+01 -1.148080000000000034e+01 -1.098370000000000068e+01
8.790000000000000000e+05 -1.227219999999999978e+01 -1.284880000000000067e+01 -1.345909999999999940e+01 -1.387959999999999994e+01 -1.426110000000000078e+01 -1.150329999999999941e+01 -1.280100000000000016e+01 -1.318309999999999960e+01 -1.358309999999999995e+01 -1.333910000000000018e+01 -1.128240000000000087e+01 -1.046729999999999983e+01 -1.126849999999999952e+01 -1.148450000000000060e+01 -1.098729999999999940e+01
8.800000000000000000e+05 -1.227580000000000027e+01 -1.285249999999999915e+01 -1.346279999999999966e+01 -1.388330000000000020e+01 -1.426479999999999926e+01 -1.150689999999999991e+01 -1.280470000000000041e+01 -1.318679999999999986e+01 -1.358680000000000021e+01 -1.334280000000000044e+01 -1.128599999999999959e+01 -1.047090000000000032e+01 -1.127219999999999978e+01 -1.148809999999999931e+01 -1.099099999999999966e+01
8.810000000000000000e+05 -1.227950000000000053e+01 -1.285609999999999964e+01 -1.346649999999999991e+01 -1.388700000000000045e+01 -1.426849999999999952e+01 -1.151060000000000016e+01 -1.280840000000000067e+01 -1.319050000000000011e+01 -1.359050000000000047e+01 -1.334639999999999915e+01 -1.128969999999999985e+01 -1.047450000000000081e+01 -1.127580000000000027e+01 -1.149179999999999957e+01 -1.099460000000000015e+01
8.820000000000000000e+05 -1.228320000000000078e+01 -1.285979999999999990e+01 -1.347020000000000017e+01 -1.389059999999999917e+01 -1.427219999999999978e+01 -1.151430000000000042e+01 -1.281199999999999939e+01 -1.319420000000000037e+01 -1.359420000000000073e+01 -1.335009999999999941e+01 -1.129330000000000034e+01 -1.047819999999999929e+01 -1.127950000000000053e+01 -1.149549999999999983e+01 -1.099830000000000041e+01
8.830000000000000000e+05 -1.228679999999999950e+01 -1.286350000000000016e+01 -1.347390000000000043e+01 -1.389429999999999943e+01 -1.427590000000000003e+01 -1.151789999999999914e+01 -1.281569999999999965e+01 -1.319780000000000086e+01 -1.359789999999999921e+01 -1.335379999999999967e+01 -1.129700000000000060e+01 -1.048179999999999978e+01 -1.128309999999999924e+01 -1.149910000000000032e+01 -1.100189999999999912e+01
8.840000000000000000e+05 -1.229049999999999976e+01 -1.286710000000000065e+01 -1.347749999999999915e+01 -1.389799999999999969e+01 -1.427950000000000053e+01 -1.152159999999999940e+01 -1.281939999999999991e+01 -1.320149999999999935e+01 -1.360149999999999970e+01 -1.335749999999999993e+01 -1.130059999999999931e+01 -1.048540000000000028e+01 -1.128669999999999973e+01 -1.150270000000000081e+01 -1.100559999999999938e+01
8.850000000000000000e+05 -1.229410000000000025e+01 -1.287079999999999913e+01 -1.348119999999999941e+01 -1.390169999999999995e+01 -1.428320000000000078e+01 -1.152519999999999989e+01 -1.282300000000000040e+01 -1.320519999999999960e+01 -1.360519999999999996e+01 -1.336110000000000042e+01 -1.130419999999999980e+01 -1.048900000000000077e+01 -1.129039999999999999e+01 -1.150639999999999930e+01 -1.100919999999999987e+01
8.860000000000000000e+05 -1.229780000000000051e+01 -1.287449999999999939e+01 -1.348489999999999966e+01 -1.390530000000000044e+01 -1.428689999999999927e+01 -1.152890000000000015e+01 -1.282670000000000066e+01 -1.320880000000000010e+01 -1.360890000000000022e+01 -1.336480000000000068e+01 -1.130790000000000006e+01 -1.049259999999999948e+01 -1.129400000000000048e+01 -1.150999999999999979e+01 -1.101280000000000037e+01
8.870000000000000000e+05 -1.230139999999999922e+01 -1.287809999999999988e+01 -1.348850000000000016e+01 -1.390900000000000070e+01 -1.429049999999999976e+01 -1.153250000000000064e+01 -1.283029999999999937e+01 -1.321250000000000036e+01 -1.361250000000000071e+01 -1.336849999999999916e+01 -1.131150000000000055e+01 -1.049619999999999997e+01 -1.129759999999999920e+01 -1.151360000000000028e+01 -1.101640000000000086e+01
8.880000000000000000e+05 -1.230509999999999948e+01 -1.288180000000000014e+01 -1.349220000000000041e+01 -1.391259999999999941e+01 -1.429420000000000002e+01 -1.153619999999999912e+01 -1.283399999999999963e+01 -1.321610000000000085e+01 -1.361619999999999919e+01 -1.337209999999999965e+01 -1.131509999999999927e+01 -1.049980000000000047e+01 -1.130129999999999946e+01 -1.151730000000000054e+01 -1.101999999999999957e+01
8.890000000000000000e+05 -1.230869999999999997e+01 -1.288540000000000063e+01 -1.349579999999999913e+01 -1.391629999999999967e+01 -1.429790000000000028e+01 -1.153979999999999961e+01 -1.283760000000000012e+01 -1.321979999999999933e+01 -1.361979999999999968e+01 -1.337579999999999991e+01 -1.131869999999999976e+01 -1.050339999999999918e+01 -1.130489999999999995e+01 -1.152089999999999925e+01 -1.102369999999999983e+01
8.900000000000000000e+05 -1.231230000000000047e+01 -1.288899999999999935e+01 -1.349949999999999939e+01 -1.391990000000000016e+01 -1.430150000000000077e+01 -1.154349999999999987e+01 -1.284120000000000061e+01 -1.322339999999999982e+01 -1.362349999999999994e+01 -1.337940000000000040e+01 -1.132240000000000002e+01 -1.050699999999999967e+01 -1.130850000000000044e+01 -1.152449999999999974e+01 -1.102730000000000032e+01
8.910000000000000000e+05 -1.231600000000000072e+01 -1.289269999999999960e+01 -1.350309999999999988e+01 -1.392360000000000042e+01 -1.430519999999999925e+01 -1.154710000000000036e+01 -1.284490000000000087e+01 -1.322710000000000008e+01 -1.362710000000000043e+01 -1.338310000000000066e+01 -1.132600000000000051e+01 -1.051060000000000016e+01 -1.131209999999999916e+01 -1.152810000000000024e+01 -1.103090000000000082e+01
8.920000000000000000e+05 -1.231959999999999944e+01 -1.289630000000000010e+01 -1.350670000000000037e+01 -1.392719999999999914e+01 -1.430879999999999974e+01 -1.155070000000000086e+01 -1.284849999999999959e+01 -1.323070000000000057e+01 -1.363080000000000069e+01 -1.338669999999999938e+01 -1.132959999999999923e+01 -1.051420000000000066e+01 -1.131569999999999965e+01 -1.153170000000000073e+01 -1.103449999999999953e+01
8.930000000000000000e+05 -1.232319999999999993e+01 -1.289990000000000059e+01 -1.351040000000000063e+01 -1.393089999999999939e+01 -1.431240000000000023e+01 -1.155429999999999957e+01 -1.285210000000000008e+01 -1.323429999999999929e+01 -1.363439999999999941e+01 -1.339029999999999987e+01 -1.133319999999999972e+01 -1.051779999999999937e+01 -1.131930000000000014e+01 -1.153529999999999944e+01 -1.103810000000000002e+01
8.940000000000000000e+05 -1.232680000000000042e+01 -1.290360000000000085e+01 -1.351399999999999935e+01 -1.393449999999999989e+01 -1.431610000000000049e+01 -1.155790000000000006e+01 -1.285580000000000034e+01 -1.323789999999999978e+01 -1.363799999999999990e+01 -1.339400000000000013e+01 -1.133680000000000021e+01 -1.052139999999999986e+01 -1.132290000000000063e+01 -1.153889999999999993e+01 -1.104170000000000051e+01
8.950000000000000000e+05 -1.233050000000000068e+01 -1.290719999999999956e+01 -1.351759999999999984e+01 -1.393810000000000038e+01 -1.431969999999999921e+01 -1.156160000000000032e+01 -1.285940000000000083e+01 -1.324160000000000004e+01 -1.364170000000000016e+01 -1.339760000000000062e+01 -1.134040000000000070e+01 -1.052490000000000059e+01 -1.132649999999999935e+01 -1.154250000000000043e+01 -1.104519999999999946e+01
8.960000000000000000e+05 -1.233409999999999940e+01 -1.291080000000000005e+01 -1.352120000000000033e+01 -1.394170000000000087e+01 -1.432329999999999970e+01 -1.156520000000000081e+01 -1.286299999999999955e+01 -1.324520000000000053e+01 -1.364530000000000065e+01 -1.340119999999999933e+01 -1.134399999999999942e+01 -1.052849999999999930e+01 -1.133009999999999984e+01 -1.154609999999999914e+01 -1.104879999999999995e+01
8.970000000000000000e+05 -1.233769999999999989e+01 -1.291440000000000055e+01 -1.352490000000000059e+01 -1.394539999999999935e+01 -1.432690000000000019e+01 -1.156879999999999953e+01 -1.286660000000000004e+01 -1.324879999999999924e+01 -1.364889999999999937e+01 -1.340479999999999983e+01 -1.134759999999999991e+01 -1.053209999999999980e+01 -1.133370000000000033e+01 -1.154969999999999963e+01 -1.105240000000000045e+01
8.980000000000000000e+05 -1.234130000000000038e+01 -1.291799999999999926e+01 -1.352849999999999930e+01 -1.394899999999999984e+01 -1.433060000000000045e+01 -1.157240000000000002e+01 -1.287020000000000053e+01 -1.325239999999999974e+01 -1.365249999999999986e+01 -1.340840000000000032e+01 -1.135110000000000063e+01 -1.053570000000000029e+01 -1.133730000000000082e+01 -1.155330000000000013e+01 -1.105599999999999916e+01
8.990000000000000000e+05 -1.234490000000000087e+01 -1.292159999999999975e+01 -1.353209999999999980e+01 -1.395260000000000034e+01 -1.433419999999999916e+01 -1.157600000000000051e+01 -1.287379999999999924e+01 -1.325600000000000023e+01 -1.365610000000000035e+01 -1.341200000000000081e+01 -1.135469999999999935e+01 -1.053919999999999924e+01 -1.134089999999999954e+01 -1.155690000000000062e+01 -1.105959999999999965e+01
9.000000000000000000e+05 -1.234849999999999959e+01 -1.292520000000000024e+01 -1.353570000000000029e+01 -1.395620000000000083e+01 -1.433779999999999966e+01 -1.157959999999999923e+01 -1.287739999999999974e+01 -1.325960000000000072e+01 -1.365980000000000061e+01 -1.341559999999999953e+01 -1.135829999999999984e+01 -1.054279999999999973e+01 -1.134440000000000026e+01 -1.156049999999999933e+01 -1.106310000000000038e+01
9.010000000000000000e+05 -1.235200000000000031e+01 -1.292880000000000074e+01 -1.353930000000000078e+01 -1.395979999999999954e+01 -1.434140000000000015e+01 -1.158319999999999972e+01 -1.288100000000000023e+01 -1.326319999999999943e+01 -1.366339999999999932e+01 -1.341929999999999978e+01 -1.136190000000000033e+01 -1.054630000000000045e+01 -1.134800000000000075e+01 -1.156409999999999982e+01 -1.106670000000000087e+01
9.020000000000000000e+05 -1.235560000000000080e+01 -1.293239999999999945e+01 -1.354289999999999949e+01 -1.396340000000000003e+01 -1.434500000000000064e+01 -1.158670000000000044e+01 -1.288460000000000072e+01 -1.326679999999999993e+01 -1.366699999999999982e+01 -1.342280000000000051e+01 -1.136539999999999928e+01 -1.054989999999999917e+01 -1.135159999999999947e+01 -1.156760000000000055e+01 -1.107029999999999959e+01
9.030000000000000000e+05 -1.235919999999999952e+01 -1.293599999999999994e+01 -1.354649999999999999e+01 -1.396700000000000053e+01 -1.434859999999999935e+01 -1.159029999999999916e+01 -1.288819999999999943e+01 -1.327040000000000042e+01 -1.367060000000000031e+01 -1.342639999999999922e+01 -1.136899999999999977e+01 -1.055339999999999989e+01 -1.135510000000000019e+01 -1.157119999999999926e+01 -1.107380000000000031e+01
9.040000000000000000e+05 -1.236280000000000001e+01 -1.293960000000000043e+01 -1.355010000000000048e+01 -1.397059999999999924e+01 -1.435219999999999985e+01 -1.159389999999999965e+01 -1.289179999999999993e+01 -1.327399999999999913e+01 -1.367409999999999926e+01 -1.342999999999999972e+01 -1.137260000000000026e+01 -1.055690000000000062e+01 -1.135870000000000068e+01 -1.157479999999999976e+01 -1.107740000000000080e+01
9.050000000000000000e+05 -1.236640000000000050e+01 -1.294319999999999915e+01 -1.355369999999999919e+01 -1.397419999999999973e+01 -1.435580000000000034e+01 -1.159750000000000014e+01 -1.289530000000000065e+01 -1.327759999999999962e+01 -1.367769999999999975e+01 -1.343360000000000021e+01 -1.137609999999999921e+01 -1.056049999999999933e+01 -1.136229999999999940e+01 -1.157830000000000048e+01 -1.108089999999999975e+01
9.060000000000000000e+05 -1.236989999999999945e+01 -1.294669999999999987e+01 -1.355719999999999992e+01 -1.397780000000000022e+01 -1.435940000000000083e+01 -1.160100000000000087e+01 -1.289889999999999937e+01 -1.328120000000000012e+01 -1.368130000000000024e+01 -1.343720000000000070e+01 -1.137969999999999970e+01 -1.056400000000000006e+01 -1.136580000000000013e+01 -1.158189999999999920e+01 -1.108450000000000024e+01
9.070000000000000000e+05 -1.237349999999999994e+01 -1.295030000000000037e+01 -1.356080000000000041e+01 -1.398140000000000072e+01 -1.436289999999999978e+01 -1.160459999999999958e+01 -1.290249999999999986e+01 -1.328470000000000084e+01 -1.368490000000000073e+01 -1.344079999999999941e+01 -1.138320000000000043e+01 -1.056750000000000078e+01 -1.136940000000000062e+01 -1.158539999999999992e+01 -1.108799999999999919e+01
9.080000000000000000e+05 -1.237710000000000043e+01 -1.295390000000000086e+01 -1.356439999999999912e+01 -1.398489999999999966e+01 -1.436650000000000027e+01 -1.160820000000000007e+01 -1.290610000000000035e+01 -1.328829999999999956e+01 -1.368849999999999945e+01 -1.344439999999999991e+01 -1.138679999999999914e+01 -1.057109999999999950e+01 -1.137289999999999957e+01 -1.158900000000000041e+01 -1.109149999999999991e+01
9.090000000000000000e+05 -1.238059999999999938e+01 -1.295739999999999981e+01 -1.356799999999999962e+01 -1.398850000000000016e+01 -1.437010000000000076e+01 -1.161170000000000080e+01 -1.290959999999999930e+01 -1.329190000000000005e+01 -1.369209999999999994e+01 -1.344790000000000063e+01 -1.139029999999999987e+01 -1.057460000000000022e+01 -1.137640000000000029e+01 -1.159249999999999936e+01 -1.109510000000000041e+01
9.100000000000000000e+05 -1.238419999999999987e+01 -1.296100000000000030e+01 -1.357150000000000034e+01 -1.399210000000000065e+01 -1.437369999999999948e+01 -1.161529999999999951e+01 -1.291319999999999979e+01 -1.329540000000000077e+01 -1.369560000000000066e+01 -1.345149999999999935e+01 -1.139390000000000036e+01 -1.057809999999999917e+01 -1.138000000000000078e+01 -1.159609999999999985e+01 -1.109859999999999935e+01
9.110000000000000000e+05 -1.238770000000000060e+01 -1.296460000000000079e+01 -1.357510000000000083e+01 -1.399559999999999960e+01 -1.437720000000000020e+01 -1.161880000000000024e+01 -1.291670000000000051e+01 -1.329899999999999949e+01 -1.369919999999999938e+01 -1.345509999999999984e+01 -1.139739999999999931e+01 -1.058159999999999989e+01 -1.138349999999999973e+01 -1.159960000000000058e+01 -1.110210000000000008e+01
9.120000000000000000e+05 -1.239129999999999932e+01 -1.296809999999999974e+01 -1.357859999999999978e+01 -1.399920000000000009e+01 -1.438080000000000069e+01 -1.162240000000000073e+01 -1.292029999999999923e+01 -1.330259999999999998e+01 -1.370279999999999987e+01 -1.345860000000000056e+01 -1.140090000000000003e+01 -1.058510000000000062e+01 -1.138700000000000045e+01 -1.160309999999999953e+01 -1.110570000000000057e+01
9.130000000000000000e+05 -1.239480000000000004e+01 -1.297170000000000023e+01 -1.358220000000000027e+01 -1.400280000000000058e+01 -1.438439999999999941e+01 -1.162589999999999968e+01 -1.292379999999999995e+01 -1.330610000000000070e+01 -1.370630000000000059e+01 -1.346219999999999928e+01 -1.140440000000000076e+01 -1.058859999999999957e+01 -1.139059999999999917e+01 -1.160670000000000002e+01 -1.110919999999999952e+01
9.140000000000000000e+05 -1.239840000000000053e+01 -1.297519999999999918e+01 -1.358580000000000076e+01 -1.400629999999999953e+01 -1.438790000000000013e+01 -1.162950000000000017e+01 -1.292740000000000045e+01 -1.330969999999999942e+01 -1.370989999999999931e+01 -1.346570000000000000e+01 -1.140799999999999947e+01 -1.059210000000000029e+01 -1.139409999999999989e+01 -1.161020000000000074e+01 -1.111270000000000024e+01
9.150000000000000000e+05 -1.240189999999999948e+01 -1.297879999999999967e+01 -1.358929999999999971e+01 -1.400990000000000002e+01 -1.439150000000000063e+01 -1.163299999999999912e+01 -1.293089999999999939e+01 -1.331320000000000014e+01 -1.371340000000000003e+01 -1.346930000000000049e+01 -1.141150000000000020e+01 -1.059559999999999924e+01 -1.139760000000000062e+01 -1.161369999999999969e+01 -1.111619999999999919e+01
9.160000000000000000e+05 -1.240540000000000020e+01 -1.298230000000000040e+01 -1.359280000000000044e+01 -1.401340000000000074e+01 -1.439499999999999957e+01 -1.163649999999999984e+01 -1.293449999999999989e+01 -1.331670000000000087e+01 -1.371700000000000053e+01 -1.347279999999999944e+01 -1.141499999999999915e+01 -1.059909999999999997e+01 -1.140109999999999957e+01 -1.161720000000000041e+01 -1.111969999999999992e+01
9.170000000000000000e+05 -1.240889999999999915e+01 -1.298579999999999934e+01 -1.359639999999999915e+01 -1.401689999999999969e+01 -1.439860000000000007e+01 -1.164010000000000034e+01 -1.293800000000000061e+01 -1.332029999999999959e+01 -1.372049999999999947e+01 -1.347630000000000017e+01 -1.141849999999999987e+01 -1.060260000000000069e+01 -1.140460000000000029e+01 -1.162069999999999936e+01 -1.112320000000000064e+01
9.180000000000000000e+05 -1.241249999999999964e+01 -1.298939999999999984e+01 -1.359989999999999988e+01 -1.402050000000000018e+01 -1.440210000000000079e+01 -1.164359999999999928e+01 -1.294149999999999956e+01 -1.332380000000000031e+01 -1.372400000000000020e+01 -1.347990000000000066e+01 -1.142200000000000060e+01 -1.060609999999999964e+01 -1.140809999999999924e+01 -1.162420000000000009e+01 -1.112669999999999959e+01
9.190000000000000000e+05 -1.241600000000000037e+01 -1.299290000000000056e+01 -1.360340000000000060e+01 -1.402399999999999913e+01 -1.440559999999999974e+01 -1.164710000000000001e+01 -1.294500000000000028e+01 -1.332729999999999926e+01 -1.372760000000000069e+01 -1.348339999999999961e+01 -1.142549999999999955e+01 -1.060960000000000036e+01 -1.141159999999999997e+01 -1.162770000000000081e+01 -1.113020000000000032e+01
9.200000000000000000e+05 -1.241949999999999932e+01 -1.299639999999999951e+01 -1.360699999999999932e+01 -1.402749999999999986e+01 -1.440920000000000023e+01 -1.165060000000000073e+01 -1.294860000000000078e+01 -1.333089999999999975e+01 -1.373109999999999964e+01 -1.348690000000000033e+01 -1.142900000000000027e+01 -1.061309999999999931e+01 -1.141510000000000069e+01 -1.163129999999999953e+01 -1.113369999999999926e+01
9.210000000000000000e+05 -1.242300000000000004e+01 -1.299990000000000023e+01 -1.361050000000000004e+01 -1.403110000000000035e+01 -1.441269999999999918e+01 -1.165409999999999968e+01 -1.295209999999999972e+01 -1.333440000000000047e+01 -1.373460000000000036e+01 -1.349050000000000082e+01 -1.143249999999999922e+01 -1.061660000000000004e+01 -1.141859999999999964e+01 -1.163480000000000025e+01 -1.113719999999999999e+01
9.220000000000000000e+05 -1.242650000000000077e+01 -1.300339999999999918e+01 -1.361400000000000077e+01 -1.403459999999999930e+01 -1.441619999999999990e+01 -1.165760000000000041e+01 -1.295560000000000045e+01 -1.333789999999999942e+01 -1.373820000000000086e+01 -1.349399999999999977e+01 -1.143599999999999994e+01 -1.061999999999999922e+01 -1.142210000000000036e+01 -1.163819999999999943e+01 -1.114070000000000071e+01
9.230000000000000000e+05 -1.242999999999999972e+01 -1.300689999999999991e+01 -1.361749999999999972e+01 -1.403810000000000002e+01 -1.441970000000000063e+01 -1.166109999999999935e+01 -1.295909999999999940e+01 -1.334140000000000015e+01 -1.374169999999999980e+01 -1.349750000000000050e+01 -1.143950000000000067e+01 -1.062349999999999994e+01 -1.142559999999999931e+01 -1.164170000000000016e+01 -1.114419999999999966e+01
9.240000000000000000e+05 -1.243350000000000044e+01 -1.301050000000000040e+01 -1.362100000000000044e+01 -1.404160000000000075e+01 -1.442329999999999934e+01 -1.166460000000000008e+01 -1.296260000000000012e+01 -1.334490000000000087e+01 -1.374520000000000053e+01 -1.350099999999999945e+01 -1.144299999999999962e+01 -1.062700000000000067e+01 -1.142910000000000004e+01 -1.164520000000000088e+01 -1.114760000000000062e+01
9.250000000000000000e+05 -1.243699999999999939e+01 -1.301399999999999935e+01 -1.362459999999999916e+01 -1.404509999999999970e+01 -1.442680000000000007e+01 -1.166810000000000080e+01 -1.296610000000000085e+01 -1.334839999999999982e+01 -1.374869999999999948e+01 -1.350450000000000017e+01 -1.144650000000000034e+01 -1.063039999999999985e+01 -1.143260000000000076e+01 -1.164869999999999983e+01 -1.115109999999999957e+01
9.260000000000000000e+05 -1.244050000000000011e+01 -1.301750000000000007e+01 -1.362809999999999988e+01 -1.404860000000000042e+01 -1.443030000000000079e+01 -1.167159999999999975e+01 -1.296959999999999980e+01 -1.335190000000000055e+01 -1.375220000000000020e+01 -1.350799999999999912e+01 -1.144989999999999952e+01 -1.063390000000000057e+01 -1.143609999999999971e+01 -1.165220000000000056e+01 -1.115460000000000029e+01
9.270000000000000000e+05 -1.244400000000000084e+01 -1.302089999999999925e+01 -1.363160000000000061e+01 -1.405209999999999937e+01 -1.443379999999999974e+01 -1.167510000000000048e+01 -1.297310000000000052e+01 -1.335539999999999949e+01 -1.375569999999999915e+01 -1.351149999999999984e+01 -1.145340000000000025e+01 -1.063729999999999976e+01 -1.143950000000000067e+01 -1.165569999999999951e+01 -1.115809999999999924e+01
9.280000000000000000e+05 -1.244749999999999979e+01 -1.302439999999999998e+01 -1.363509999999999955e+01 -1.405560000000000009e+01 -1.443730000000000047e+01 -1.167859999999999943e+01 -1.297659999999999947e+01 -1.335890000000000022e+01 -1.375919999999999987e+01 -1.351500000000000057e+01 -1.145689999999999920e+01 -1.064080000000000048e+01 -1.144299999999999962e+01 -1.165910000000000046e+01 -1.116150000000000020e+01
9.290000000000000000e+05 -1.245100000000000051e+01 -1.302790000000000070e+01 -1.363850000000000051e+01 -1.405910000000000082e+01 -1.444079999999999941e+01 -1.168210000000000015e+01 -1.298010000000000019e+01 -1.336239999999999917e+01 -1.376270000000000060e+01 -1.351849999999999952e+01 -1.146030000000000015e+01 -1.064419999999999966e+01 -1.144650000000000034e+01 -1.166259999999999941e+01 -1.116499999999999915e+01
9.300000000000000000e+05 -1.245449999999999946e+01 -1.303139999999999965e+01 -1.364199999999999946e+01 -1.406259999999999977e+01 -1.444430000000000014e+01 -1.168560000000000088e+01 -1.298359999999999914e+01 -1.336589999999999989e+01 -1.376619999999999955e+01 -1.352200000000000024e+01 -1.146380000000000088e+01 -1.064770000000000039e+01 -1.144989999999999952e+01 -1.166610000000000014e+01 -1.116840000000000011e+01
9.310000000000000000e+05 -1.245790000000000042e+01 -1.303490000000000038e+01 -1.364550000000000018e+01 -1.406610000000000049e+01 -1.444780000000000086e+01 -1.168909999999999982e+01 -1.298700000000000010e+01 -1.336940000000000062e+01 -1.376970000000000027e+01 -1.352549999999999919e+01 -1.146729999999999983e+01 -1.065109999999999957e+01 -1.145340000000000025e+01 -1.166949999999999932e+01 -1.117190000000000083e+01
9.320000000000000000e+05 -1.246139999999999937e+01 -1.303839999999999932e+01 -1.364899999999999913e+01 -1.406959999999999944e+01 -1.445129999999999981e+01 -1.169250000000000078e+01 -1.299050000000000082e+01 -1.337289999999999957e+01 -1.377319999999999922e+01 -1.352899999999999991e+01 -1.147070000000000078e+01 -1.065450000000000053e+01 -1.145689999999999920e+01 -1.167300000000000004e+01 -1.117530000000000001e+01
9.330000000000000000e+05 -1.246490000000000009e+01 -1.304180000000000028e+01 -1.365249999999999986e+01 -1.407310000000000016e+01 -1.445470000000000077e+01 -1.169599999999999973e+01 -1.299399999999999977e+01 -1.337630000000000052e+01 -1.377669999999999995e+01 -1.353250000000000064e+01 -1.147419999999999973e+01 -1.065799999999999947e+01 -1.146030000000000015e+01 -1.167639999999999922e+01 -1.117880000000000074e+01
9.340000000000000000e+05 -1.246829999999999927e+01 -1.304529999999999923e+01 -1.365600000000000058e+01 -1.407659999999999911e+01 -1.445819999999999972e+01 -1.169950000000000045e+01 -1.299750000000000050e+01 -1.337979999999999947e+01 -1.378009999999999913e+01 -1.353589999999999982e+01 -1.147760000000000069e+01 -1.066140000000000043e+01 -1.146380000000000088e+01 -1.167989999999999995e+01 -1.118219999999999992e+01
9.350000000000000000e+05 -1.247180000000000000e+01 -1.304879999999999995e+01 -1.365939999999999976e+01 -1.408000000000000007e+01 -1.446170000000000044e+01 -1.170289999999999964e+01 -1.300089999999999968e+01 -1.338330000000000020e+01 -1.378359999999999985e+01 -1.353940000000000055e+01 -1.148109999999999964e+01 -1.066479999999999961e+01 -1.146720000000000006e+01 -1.168329999999999913e+01 -1.118570000000000064e+01
9.360000000000000000e+05 -1.247519999999999918e+01 -1.305219999999999914e+01 -1.366290000000000049e+01 -1.408350000000000080e+01 -1.446519999999999939e+01 -1.170640000000000036e+01 -1.300440000000000040e+01 -1.338679999999999914e+01 -1.378710000000000058e+01 -1.354289999999999949e+01 -1.148450000000000060e+01 -1.066830000000000034e+01 -1.147059999999999924e+01 -1.168679999999999986e+01 -1.118909999999999982e+01
9.370000000000000000e+05 -1.247869999999999990e+01 -1.305569999999999986e+01 -1.366639999999999944e+01 -1.408699999999999974e+01 -1.446860000000000035e+01 -1.170979999999999954e+01 -1.300779999999999959e+01 -1.339020000000000010e+01 -1.379049999999999976e+01 -1.354630000000000045e+01 -1.148789999999999978e+01 -1.067169999999999952e+01 -1.147409999999999997e+01 -1.169020000000000081e+01 -1.119250000000000078e+01
9.380000000000000000e+05 -1.248210000000000086e+01 -1.305920000000000059e+01 -1.366980000000000040e+01 -1.409040000000000070e+01 -1.447209999999999930e+01 -1.171330000000000027e+01 -1.301130000000000031e+01 -1.339370000000000083e+01 -1.379400000000000048e+01 -1.354979999999999940e+01 -1.149140000000000050e+01 -1.067510000000000048e+01 -1.147749999999999915e+01 -1.169369999999999976e+01 -1.119589999999999996e+01
9.390000000000000000e+05 -1.248559999999999981e+01 -1.306259999999999977e+01 -1.367329999999999934e+01 -1.409389999999999965e+01 -1.447560000000000002e+01 -1.171669999999999945e+01 -1.301469999999999949e+01 -1.339710000000000001e+01 -1.379749999999999943e+01 -1.355320000000000036e+01 -1.149479999999999968e+01 -1.067849999999999966e+01 -1.148090000000000011e+01 -1.169710000000000072e+01 -1.119940000000000069e+01
9.400000000000000000e+05 -1.248900000000000077e+01 -1.306610000000000049e+01 -1.367670000000000030e+01 -1.409730000000000061e+01 -1.447899999999999920e+01 -1.172020000000000017e+01 -1.301820000000000022e+01 -1.340060000000000073e+01 -1.380090000000000039e+01 -1.355669999999999931e+01 -1.149820000000000064e+01 -1.068190000000000062e+01 -1.148440000000000083e+01 -1.170049999999999990e+01 -1.120279999999999987e+01
9.410000000000000000e+05 -1.249249999999999972e+01 -1.306949999999999967e+01 -1.368019999999999925e+01 -1.410079999999999956e+01 -1.448249999999999993e+01 -1.172359999999999935e+01 -1.302159999999999940e+01 -1.340399999999999991e+01 -1.380439999999999934e+01 -1.356020000000000003e+01 -1.150169999999999959e+01 -1.068529999999999980e+01 -1.148780000000000001e+01 -1.170390000000000086e+01 -1.120620000000000083e+01
9.420000000000000000e+05 -1.249590000000000067e+01 -1.307290000000000063e+01 -1.368360000000000021e+01 -1.410420000000000051e+01 -1.448590000000000089e+01 -1.172700000000000031e+01 -1.302510000000000012e+01 -1.340750000000000064e+01 -1.380780000000000030e+01 -1.356359999999999921e+01 -1.150510000000000055e+01 -1.068870000000000076e+01 -1.149119999999999919e+01 -1.170739999999999981e+01 -1.120960000000000001e+01
9.430000000000000000e+05 -1.249929999999999986e+01 -1.307639999999999958e+01 -1.368709999999999916e+01 -1.410769999999999946e+01 -1.448939999999999984e+01 -1.173049999999999926e+01 -1.302849999999999930e+01 -1.341089999999999982e+01 -1.381129999999999924e+01 -1.356700000000000017e+01 -1.150849999999999973e+01 -1.069209999999999994e+01 -1.149460000000000015e+01 -1.171080000000000076e+01 -1.121299999999999919e+01
9.440000000000000000e+05 -1.250280000000000058e+01 -1.307980000000000054e+01 -1.369050000000000011e+01 -1.411110000000000042e+01 -1.449280000000000079e+01 -1.173390000000000022e+01 -1.303190000000000026e+01 -1.341430000000000078e+01 -1.381470000000000020e+01 -1.357049999999999912e+01 -1.151190000000000069e+01 -1.069549999999999912e+01 -1.149799999999999933e+01 -1.171419999999999995e+01 -1.121640000000000015e+01
9.450000000000000000e+05 -1.250619999999999976e+01 -1.308319999999999972e+01 -1.369389999999999930e+01 -1.411459999999999937e+01 -1.449619999999999997e+01 -1.173729999999999940e+01 -1.303539999999999921e+01 -1.341779999999999973e+01 -1.381819999999999915e+01 -1.357390000000000008e+01 -1.151529999999999987e+01 -1.069890000000000008e+01 -1.150140000000000029e+01 -1.171759999999999913e+01 -1.121979999999999933e+01
9.460000000000000000e+05 -1.250960000000000072e+01 -1.308670000000000044e+01 -1.369740000000000002e+01 -1.411800000000000033e+01 -1.449970000000000070e+01 -1.174070000000000036e+01 -1.303880000000000017e+01 -1.342120000000000068e+01 -1.382160000000000011e+01 -1.357729999999999926e+01 -1.151870000000000083e+01 -1.070229999999999926e+01 -1.150479999999999947e+01 -1.172100000000000009e+01 -1.122320000000000029e+01
9.470000000000000000e+05 -1.251299999999999990e+01 -1.309009999999999962e+01 -1.370079999999999920e+01 -1.412139999999999951e+01 -1.450309999999999988e+01 -1.174409999999999954e+01 -1.304219999999999935e+01 -1.342459999999999987e+01 -1.382499999999999929e+01 -1.358079999999999998e+01 -1.152210000000000001e+01 -1.070570000000000022e+01 -1.150820000000000043e+01 -1.172439999999999927e+01 -1.122659999999999947e+01
9.480000000000000000e+05 -1.251640000000000086e+01 -1.309350000000000058e+01 -1.370420000000000016e+01 -1.412490000000000023e+01 -1.450650000000000084e+01 -1.174760000000000026e+01 -1.304560000000000031e+01 -1.342810000000000059e+01 -1.382840000000000025e+01 -1.358419999999999916e+01 -1.152549999999999919e+01 -1.070899999999999963e+01 -1.151159999999999961e+01 -1.172780000000000022e+01 -1.123000000000000043e+01
9.490000000000000000e+05 -1.251980000000000004e+01 -1.309689999999999976e+01 -1.370759999999999934e+01 -1.412829999999999941e+01 -1.450999999999999979e+01 -1.175099999999999945e+01 -1.304899999999999949e+01 -1.343149999999999977e+01 -1.383189999999999920e+01 -1.358760000000000012e+01 -1.152890000000000015e+01 -1.071240000000000059e+01 -1.151500000000000057e+01 -1.173119999999999941e+01 -1.123339999999999961e+01
9.500000000000000000e+05 -1.252330000000000076e+01 -1.310030000000000072e+01 -1.371100000000000030e+01 -1.413170000000000037e+01 -1.451340000000000074e+01 -1.175440000000000040e+01 -1.305240000000000045e+01 -1.343490000000000073e+01 -1.383530000000000015e+01 -1.359099999999999930e+01 -1.153229999999999933e+01 -1.071579999999999977e+01 -1.151839999999999975e+01 -1.173460000000000036e+01 -1.123680000000000057e+01
9.510000000000000000e+05 -1.252669999999999995e+01 -1.310369999999999990e+01 -1.371449999999999925e+01 -1.413509999999999955e+01 -1.451679999999999993e+01 -1.175779999999999959e+01 -1.305589999999999939e+01 -1.343829999999999991e+01 -1.383869999999999933e+01 -1.359440000000000026e+01 -1.153570000000000029e+01 -1.071909999999999918e+01 -1.152180000000000071e+01 -1.173799999999999955e+01 -1.124019999999999975e+01
9.520000000000000000e+05 -1.253009999999999913e+01 -1.310710000000000086e+01 -1.371790000000000020e+01 -1.413850000000000051e+01 -1.452020000000000088e+01 -1.176120000000000054e+01 -1.305930000000000035e+01 -1.344170000000000087e+01 -1.384210000000000029e+01 -1.359789999999999921e+01 -1.153909999999999947e+01 -1.072250000000000014e+01 -1.152519999999999989e+01 -1.174140000000000050e+01 -1.124349999999999916e+01
9.530000000000000000e+05 -1.253340000000000032e+01 -1.311050000000000004e+01 -1.372129999999999939e+01 -1.414189999999999969e+01 -1.452360000000000007e+01 -1.176459999999999972e+01 -1.306269999999999953e+01 -1.344510000000000005e+01 -1.384549999999999947e+01 -1.360130000000000017e+01 -1.154240000000000066e+01 -1.072589999999999932e+01 -1.152860000000000085e+01 -1.174479999999999968e+01 -1.124690000000000012e+01
9.540000000000000000e+05 -1.253679999999999950e+01 -1.311389999999999922e+01 -1.372470000000000034e+01 -1.414530000000000065e+01 -1.452699999999999925e+01 -1.176800000000000068e+01 -1.306610000000000049e+01 -1.344849999999999923e+01 -1.384890000000000043e+01 -1.360469999999999935e+01 -1.154579999999999984e+01 -1.072920000000000051e+01 -1.153190000000000026e+01 -1.174810000000000088e+01 -1.125029999999999930e+01
9.550000000000000000e+05 -1.254020000000000046e+01 -1.311730000000000018e+01 -1.372809999999999953e+01 -1.414869999999999983e+01 -1.453040000000000020e+01 -1.177139999999999986e+01 -1.306939999999999991e+01 -1.345190000000000019e+01 -1.385229999999999961e+01 -1.360810000000000031e+01 -1.154920000000000080e+01 -1.073259999999999970e+01 -1.153529999999999944e+01 -1.175150000000000006e+01 -1.125370000000000026e+01
9.560000000000000000e+05 -1.254359999999999964e+01 -1.312069999999999936e+01 -1.373150000000000048e+01 -1.415210000000000079e+01 -1.453379999999999939e+01 -1.177469999999999928e+01 -1.307280000000000086e+01 -1.345529999999999937e+01 -1.385570000000000057e+01 -1.361149999999999949e+01 -1.155259999999999998e+01 -1.073590000000000089e+01 -1.153870000000000040e+01 -1.175489999999999924e+01 -1.125699999999999967e+01
9.570000000000000000e+05 -1.254700000000000060e+01 -1.312410000000000032e+01 -1.373489999999999966e+01 -1.415549999999999997e+01 -1.453720000000000034e+01 -1.177810000000000024e+01 -1.307620000000000005e+01 -1.345870000000000033e+01 -1.385909999999999975e+01 -1.361480000000000068e+01 -1.155589999999999939e+01 -1.073930000000000007e+01 -1.154209999999999958e+01 -1.175830000000000020e+01 -1.126040000000000063e+01
9.580000000000000000e+05 -1.255039999999999978e+01 -1.312749999999999950e+01 -1.373820000000000086e+01 -1.415889999999999915e+01 -1.454059999999999953e+01 -1.178149999999999942e+01 -1.307959999999999923e+01 -1.346209999999999951e+01 -1.386250000000000071e+01 -1.361819999999999986e+01 -1.155930000000000035e+01 -1.074259999999999948e+01 -1.154540000000000077e+01 -1.176159999999999961e+01 -1.126370000000000005e+01
9.590000000000000000e+05 -1.255369999999999919e+01 -1.313090000000000046e+01 -1.374160000000000004e+01 -1.416230000000000011e+01 -1.454400000000000048e+01 -1.178490000000000038e+01 -1.308300000000000018e+01 -1.346550000000000047e+01 -1.386589999999999989e+01 -1.362160000000000082e+01 -1.156259999999999977e+01 -1.074600000000000044e+01 -1.154879999999999995e+01 -1.176500000000000057e+01 -1.126709999999999923e+01
9.600000000000000000e+05 -1.255710000000000015e+01 -1.313419999999999987e+01 -1.374499999999999922e+01 -1.416569999999999929e+01 -1.454739999999999966e+01 -1.178819999999999979e+01 -1.308639999999999937e+01 -1.346879999999999988e+01 -1.386930000000000085e+01 -1.362500000000000000e+01 -1.156600000000000072e+01 -1.074929999999999986e+01 -1.155209999999999937e+01 -1.176829999999999998e+01 -1.127040000000000042e+01
9.610000000000000000e+05 -1.256049999999999933e+01 -1.313760000000000083e+01 -1.374840000000000018e+01 -1.416910000000000025e+01 -1.455080000000000062e+01 -1.179160000000000075e+01 -1.308970000000000056e+01 -1.347220000000000084e+01 -1.387270000000000003e+01 -1.362839999999999918e+01 -1.156939999999999991e+01 -1.075259999999999927e+01 -1.155550000000000033e+01 -1.177169999999999916e+01 -1.127379999999999960e+01
9.620000000000000000e+05 -1.256380000000000052e+01 -1.314100000000000001e+01 -1.375179999999999936e+01 -1.417239999999999966e+01 -1.455410000000000004e+01 -1.179499999999999993e+01 -1.309309999999999974e+01 -1.347560000000000002e+01 -1.387599999999999945e+01 -1.363180000000000014e+01 -1.157269999999999932e+01 -1.075600000000000023e+01 -1.155879999999999974e+01 -1.177500000000000036e+01 -1.127710000000000079e+01
9.630000000000000000e+05 -1.256719999999999970e+01 -1.314439999999999920e+01 -1.375510000000000055e+01 -1.417580000000000062e+01 -1.455749999999999922e+01 -1.179829999999999934e+01 -1.309650000000000070e+01 -1.347889999999999944e+01 -1.387940000000000040e+01 -1.363509999999999955e+01 -1.157600000000000051e+01 -1.075929999999999964e+01 -1.156220000000000070e+01 -1.177839999999999954e+01 -1.128049999999999997e+01
9.640000000000000000e+05 -1.257060000000000066e+01 -1.314770000000000039e+01 -1.375849999999999973e+01 -1.417919999999999980e+01 -1.456090000000000018e+01 -1.180170000000000030e+01 -1.309980000000000011e+01 -1.348230000000000040e+01 -1.388279999999999959e+01 -1.363850000000000051e+01 -1.157939999999999969e+01 -1.076260000000000083e+01 -1.156550000000000011e+01 -1.178170000000000073e+01 -1.128379999999999939e+01
9.650000000000000000e+05 -1.257390000000000008e+01 -1.315109999999999957e+01 -1.376190000000000069e+01 -1.418249999999999922e+01 -1.456429999999999936e+01 -1.180499999999999972e+01 -1.310319999999999929e+01 -1.348569999999999958e+01 -1.388620000000000054e+01 -1.364189999999999969e+01 -1.158270000000000088e+01 -1.076590000000000025e+01 -1.156889999999999930e+01 -1.178509999999999991e+01 -1.128710000000000058e+01
9.660000000000000000e+05 -1.257729999999999926e+01 -1.315440000000000076e+01 -1.376520000000000010e+01 -1.418590000000000018e+01 -1.456760000000000055e+01 -1.180840000000000067e+01 -1.310650000000000048e+01 -1.348900000000000077e+01 -1.388949999999999996e+01 -1.364520000000000088e+01 -1.158610000000000007e+01 -1.076929999999999943e+01 -1.157220000000000049e+01 -1.178839999999999932e+01 -1.129049999999999976e+01
9.670000000000000000e+05 -1.258060000000000045e+01 -1.315779999999999994e+01 -1.376859999999999928e+01 -1.418929999999999936e+01 -1.457099999999999973e+01 -1.181170000000000009e+01 -1.310989999999999966e+01 -1.349239999999999995e+01 -1.389289999999999914e+01 -1.364860000000000007e+01 -1.158939999999999948e+01 -1.077260000000000062e+01 -1.157549999999999990e+01 -1.179170000000000051e+01 -1.129379999999999917e+01
9.680000000000000000e+05 -1.258399999999999963e+01 -1.316109999999999935e+01 -1.377190000000000047e+01 -1.419260000000000055e+01 -1.457429999999999914e+01 -1.181509999999999927e+01 -1.311320000000000086e+01 -1.349569999999999936e+01 -1.389620000000000033e+01 -1.365189999999999948e+01 -1.159270000000000067e+01 -1.077590000000000003e+01 -1.157890000000000086e+01 -1.179509999999999970e+01 -1.129710000000000036e+01
9.690000000000000000e+05 -1.258730000000000082e+01 -1.316450000000000031e+01 -1.377529999999999966e+01 -1.419599999999999973e+01 -1.457770000000000010e+01 -1.181840000000000046e+01 -1.311660000000000004e+01 -1.349910000000000032e+01 -1.389959999999999951e+01 -1.365530000000000044e+01 -1.159600000000000009e+01 -1.077919999999999945e+01 -1.158220000000000027e+01 -1.179840000000000089e+01 -1.130039999999999978e+01
9.700000000000000000e+05 -1.259060000000000024e+01 -1.316779999999999973e+01 -1.377860000000000085e+01 -1.419929999999999914e+01 -1.458099999999999952e+01 -1.182179999999999964e+01 -1.311989999999999945e+01 -1.350239999999999974e+01 -1.390290000000000070e+01 -1.365859999999999985e+01 -1.159939999999999927e+01 -1.078250000000000064e+01 -1.158549999999999969e+01 -1.180170000000000030e+01 -1.130369999999999919e+01
9.710000000000000000e+05 -1.259399999999999942e+01 -1.317120000000000068e+01 -1.378200000000000003e+01 -1.420270000000000010e+01 -1.458440000000000047e+01 -1.182510000000000083e+01 -1.312320000000000064e+01 -1.350580000000000069e+01 -1.390629999999999988e+01 -1.366200000000000081e+01 -1.160270000000000046e+01 -1.078580000000000005e+01 -1.158880000000000088e+01 -1.180499999999999972e+01 -1.130710000000000015e+01
9.720000000000000000e+05 -1.259730000000000061e+01 -1.317450000000000010e+01 -1.378529999999999944e+01 -1.420599999999999952e+01 -1.458769999999999989e+01 -1.182840000000000025e+01 -1.312659999999999982e+01 -1.350910000000000011e+01 -1.390959999999999930e+01 -1.366530000000000022e+01 -1.160599999999999987e+01 -1.078909999999999947e+01 -1.159210000000000029e+01 -1.180840000000000067e+01 -1.131039999999999957e+01
9.730000000000000000e+05 -1.260060000000000002e+01 -1.317779999999999951e+01 -1.378860000000000063e+01 -1.420930000000000071e+01 -1.459110000000000085e+01 -1.183169999999999966e+01 -1.312989999999999924e+01 -1.351239999999999952e+01 -1.391300000000000026e+01 -1.366859999999999964e+01 -1.160929999999999929e+01 -1.079240000000000066e+01 -1.159539999999999971e+01 -1.181170000000000009e+01 -1.131370000000000076e+01
9.740000000000000000e+05 -1.260389999999999944e+01 -1.318110000000000070e+01 -1.379199999999999982e+01 -1.421269999999999989e+01 -1.459440000000000026e+01 -1.183510000000000062e+01 -1.313320000000000043e+01 -1.351580000000000048e+01 -1.391629999999999967e+01 -1.367200000000000060e+01 -1.161260000000000048e+01 -1.079570000000000007e+01 -1.159869999999999912e+01 -1.181499999999999950e+01 -1.131700000000000017e+01
9.750000000000000000e+05 -1.260730000000000040e+01 -1.318449999999999989e+01 -1.379529999999999923e+01 -1.421599999999999930e+01 -1.459769999999999968e+01 -1.183840000000000003e+01 -1.313659999999999961e+01 -1.351909999999999989e+01 -1.391960000000000086e+01 -1.367530000000000001e+01 -1.161589999999999989e+01 -1.079899999999999949e+01 -1.160210000000000008e+01 -1.181830000000000069e+01 -1.132029999999999959e+01
9.760000000000000000e+05 -1.261059999999999981e+01 -1.318779999999999930e+01 -1.379860000000000042e+01 -1.421930000000000049e+01 -1.460110000000000063e+01 -1.184169999999999945e+01 -1.313990000000000080e+01 -1.352239999999999931e+01 -1.392300000000000004e+01 -1.367859999999999943e+01 -1.161919999999999931e+01 -1.080219999999999914e+01 -1.160539999999999949e+01 -1.182160000000000011e+01 -1.132360000000000078e+01
9.770000000000000000e+05 -1.261389999999999922e+01 -1.319110000000000049e+01 -1.380199999999999960e+01 -1.422269999999999968e+01 -1.460440000000000005e+01 -1.184500000000000064e+01 -1.314320000000000022e+01 -1.352570000000000050e+01 -1.392629999999999946e+01 -1.368200000000000038e+01 -1.162250000000000050e+01 -1.080550000000000033e+01 -1.160870000000000068e+01 -1.182489999999999952e+01 -1.132690000000000019e+01
9.780000000000000000e+05 -1.261720000000000041e+01 -1.319439999999999991e+01 -1.380530000000000079e+01 -1.422600000000000087e+01 -1.460769999999999946e+01 -1.184830000000000005e+01 -1.314649999999999963e+01 -1.352909999999999968e+01 -1.392960000000000065e+01 -1.368529999999999980e+01 -1.162579999999999991e+01 -1.080879999999999974e+01 -1.161190000000000033e+01 -1.182820000000000071e+01 -1.133009999999999984e+01
9.790000000000000000e+05 -1.262049999999999983e+01 -1.319769999999999932e+01 -1.380860000000000021e+01 -1.422930000000000028e+01 -1.461100000000000065e+01 -1.185159999999999947e+01 -1.314980000000000082e+01 -1.353240000000000087e+01 -1.393290000000000006e+01 -1.368859999999999921e+01 -1.162909999999999933e+01 -1.081209999999999916e+01 -1.161519999999999975e+01 -1.183150000000000013e+01 -1.133339999999999925e+01
9.800000000000000000e+05 -1.262379999999999924e+01 -1.320100000000000051e+01 -1.381189999999999962e+01 -1.423259999999999970e+01 -1.461439999999999984e+01 -1.185490000000000066e+01 -1.315310000000000024e+01 -1.353570000000000029e+01 -1.393619999999999948e+01 -1.369190000000000040e+01 -1.163240000000000052e+01 -1.081530000000000058e+01 -1.161849999999999916e+01 -1.183479999999999954e+01 -1.133670000000000044e+01
9.810000000000000000e+05 -1.262710000000000043e+01 -1.320429999999999993e+01 -1.381520000000000081e+01 -1.423590000000000089e+01 -1.461769999999999925e+01 -1.185820000000000007e+01 -1.315639999999999965e+01 -1.353899999999999970e+01 -1.393950000000000067e+01 -1.369519999999999982e+01 -1.163569999999999993e+01 -1.081859999999999999e+01 -1.162180000000000035e+01 -1.183810000000000073e+01 -1.133999999999999986e+01
9.820000000000000000e+05 -1.263039999999999985e+01 -1.320759999999999934e+01 -1.381850000000000023e+01 -1.423920000000000030e+01 -1.462100000000000044e+01 -1.186149999999999949e+01 -1.315970000000000084e+01 -1.354229999999999912e+01 -1.394289999999999985e+01 -1.369849999999999923e+01 -1.163899999999999935e+01 -1.082189999999999941e+01 -1.162509999999999977e+01 -1.184130000000000038e+01 -1.134329999999999927e+01
9.830000000000000000e+05 -1.263369999999999926e+01 -1.321090000000000053e+01 -1.382179999999999964e+01 -1.424249999999999972e+01 -1.462429999999999986e+01 -1.186480000000000068e+01 -1.316300000000000026e+01 -1.354560000000000031e+01 -1.394619999999999926e+01 -1.370180000000000042e+01 -1.164220000000000077e+01 -1.082510000000000083e+01 -1.162839999999999918e+01 -1.184459999999999980e+01 -1.134650000000000070e+01
9.840000000000000000e+05 -1.263700000000000045e+01 -1.321419999999999995e+01 -1.382510000000000083e+01 -1.424579999999999913e+01 -1.462759999999999927e+01 -1.186810000000000009e+01 -1.316629999999999967e+01 -1.354889999999999972e+01 -1.394950000000000045e+01 -1.370509999999999984e+01 -1.164550000000000018e+01 -1.082840000000000025e+01 -1.163160000000000061e+01 -1.184789999999999921e+01 -1.134980000000000011e+01
9.850000000000000000e+05 -1.264029999999999987e+01 -1.321749999999999936e+01 -1.382840000000000025e+01 -1.424910000000000032e+01 -1.463090000000000046e+01 -1.187139999999999951e+01 -1.316960000000000086e+01 -1.355219999999999914e+01 -1.395279999999999987e+01 -1.370839999999999925e+01 -1.164879999999999960e+01 -1.083159999999999989e+01 -1.163490000000000002e+01 -1.185120000000000040e+01 -1.135309999999999953e+01
9.860000000000000000e+05 -1.264349999999999952e+01 -1.322080000000000055e+01 -1.383169999999999966e+01 -1.425239999999999974e+01 -1.463419999999999987e+01 -1.187470000000000070e+01 -1.317290000000000028e+01 -1.355550000000000033e+01 -1.395609999999999928e+01 -1.371170000000000044e+01 -1.165199999999999925e+01 -1.083489999999999931e+01 -1.163819999999999943e+01 -1.185440000000000005e+01 -1.135629999999999917e+01
9.870000000000000000e+05 -1.264680000000000071e+01 -1.322409999999999997e+01 -1.383500000000000085e+01 -1.425569999999999915e+01 -1.463749999999999929e+01 -1.187800000000000011e+01 -1.317619999999999969e+01 -1.355879999999999974e+01 -1.395930000000000071e+01 -1.371499999999999986e+01 -1.165530000000000044e+01 -1.083810000000000073e+01 -1.164140000000000086e+01 -1.185769999999999946e+01 -1.135960000000000036e+01
9.880000000000000000e+05 -1.265010000000000012e+01 -1.322739999999999938e+01 -1.383830000000000027e+01 -1.425900000000000034e+01 -1.464080000000000048e+01 -1.188119999999999976e+01 -1.317950000000000088e+01 -1.356199999999999939e+01 -1.396260000000000012e+01 -1.371829999999999927e+01 -1.165859999999999985e+01 -1.084140000000000015e+01 -1.164470000000000027e+01 -1.186100000000000065e+01 -1.136280000000000001e+01
9.890000000000000000e+05 -1.265339999999999954e+01 -1.323070000000000057e+01 -1.384159999999999968e+01 -1.426229999999999976e+01 -1.464409999999999989e+01 -1.188449999999999918e+01 -1.318270000000000053e+01 -1.356530000000000058e+01 -1.396589999999999954e+01 -1.372160000000000046e+01 -1.166179999999999950e+01 -1.084459999999999980e+01 -1.164799999999999969e+01 -1.186420000000000030e+01 -1.136609999999999943e+01
9.900000000000000000e+05 -1.265659999999999918e+01 -1.323390000000000022e+01 -1.384479999999999933e+01 -1.426559999999999917e+01 -1.464729999999999954e+01 -1.188780000000000037e+01 -1.318599999999999994e+01 -1.356859999999999999e+01 -1.396920000000000073e+01 -1.372480000000000011e+01 -1.166510000000000069e+01 -1.084789999999999921e+01 -1.165119999999999933e+01 -1.186749999999999972e+01 -1.136930000000000085e+01
9.910000000000000000e+05 -1.265990000000000038e+01 -1.323719999999999963e+01 -1.384810000000000052e+01 -1.426890000000000036e+01 -1.465060000000000073e+01 -1.189100000000000001e+01 -1.318929999999999936e+01 -1.357189999999999941e+01 -1.397250000000000014e+01 -1.372809999999999953e+01 -1.166830000000000034e+01 -1.085110000000000063e+01 -1.165450000000000053e+01 -1.187069999999999936e+01 -1.137260000000000026e+01
9.920000000000000000e+05 -1.266319999999999979e+01 -1.324050000000000082e+01 -1.385139999999999993e+01 -1.427210000000000001e+01 -1.465390000000000015e+01 -1.189429999999999943e+01 -1.319250000000000078e+01 -1.357510000000000083e+01 -1.397579999999999956e+01 -1.373140000000000072e+01 -1.167159999999999975e+01 -1.085430000000000028e+01 -1.165770000000000017e+01 -1.187400000000000055e+01 -1.137579999999999991e+01
9.930000000000000000e+05 -1.266639999999999944e+01 -1.324370000000000047e+01 -1.385469999999999935e+01 -1.427539999999999942e+01 -1.465719999999999956e+01 -1.189760000000000062e+01 -1.319580000000000020e+01 -1.357840000000000025e+01 -1.397899999999999920e+01 -1.373470000000000013e+01 -1.167479999999999940e+01 -1.085759999999999970e+01 -1.166099999999999959e+01 -1.187720000000000020e+01 -1.137909999999999933e+01
9.940000000000000000e+05 -1.266970000000000063e+01 -1.324699999999999989e+01 -1.385790000000000077e+01 -1.427870000000000061e+01 -1.466039999999999921e+01 -1.190080000000000027e+01 -1.319909999999999961e+01 -1.358169999999999966e+01 -1.398230000000000040e+01 -1.373789999999999978e+01 -1.167810000000000059e+01 -1.086079999999999934e+01 -1.166419999999999924e+01 -1.188049999999999962e+01 -1.138230000000000075e+01
9.950000000000000000e+05 -1.267290000000000028e+01 -1.325029999999999930e+01 -1.386120000000000019e+01 -1.428190000000000026e+01 -1.466370000000000040e+01 -1.190409999999999968e+01 -1.320229999999999926e+01 -1.358489999999999931e+01 -1.398559999999999981e+01 -1.374119999999999919e+01 -1.168130000000000024e+01 -1.086400000000000077e+01 -1.166740000000000066e+01 -1.188369999999999926e+01 -1.138550000000000040e+01
9.960000000000000000e+05 -1.267619999999999969e+01 -1.325350000000000072e+01 -1.386439999999999984e+01 -1.428519999999999968e+01 -1.466699999999999982e+01 -1.190729999999999933e+01 -1.320560000000000045e+01 -1.358820000000000050e+01 -1.398879999999999946e+01 -1.374440000000000062e+01 -1.168449999999999989e+01 -1.086720000000000041e+01 -1.167070000000000007e+01 -1.188700000000000045e+01 -1.138879999999999981e+01
9.970000000000000000e+05 -1.267939999999999934e+01 -1.325680000000000014e+01 -1.386769999999999925e+01 -1.428850000000000087e+01 -1.467019999999999946e+01 -1.191060000000000052e+01 -1.320880000000000010e+01 -1.359149999999999991e+01 -1.399210000000000065e+01 -1.374770000000000003e+01 -1.168779999999999930e+01 -1.087040000000000006e+01 -1.167389999999999972e+01 -1.189020000000000010e+01 -1.139199999999999946e+01
9.980000000000000000e+05 -1.268270000000000053e+01 -1.325999999999999979e+01 -1.387090000000000067e+01 -1.429170000000000051e+01 -1.467350000000000065e+01 -1.191380000000000017e+01 -1.321209999999999951e+01 -1.359469999999999956e+01 -1.399530000000000030e+01 -1.375099999999999945e+01 -1.169100000000000072e+01 -1.087369999999999948e+01 -1.167709999999999937e+01 -1.189339999999999975e+01 -1.139520000000000088e+01
9.990000000000000000e+05 -1.268590000000000018e+01 -1.326329999999999920e+01 -1.387420000000000009e+01 -1.429499999999999993e+01 -1.467670000000000030e+01 -1.191699999999999982e+01 -1.321529999999999916e+01 -1.359789999999999921e+01 -1.399859999999999971e+01 -1.375420000000000087e+01 -1.169420000000000037e+01 -1.087689999999999912e+01 -1.168040000000000056e+01 -1.189669999999999916e+01 -1.139840000000000053e+01
1.000000000000000000e+06 -1.268909999999999982e+01 -1.326650000000000063e+01 -1.387739999999999974e+01 -1.429819999999999958e+01 -1.467999999999999972e+01 -1.192029999999999923e+01 -1.321860000000000035e+01 -1.360120000000000040e+01 -1.400179999999999936e+01 -1.375740000000000052e+01 -1.169749999999999979e+01 -1.088010000000000055e+01 -1.168360000000000021e+01 -1.189990000000000059e+01 -1.140169999999999995e+01
